{"stackFileArray": {"behavior_ViewIndexFiles": "behaviors/behavior_ViewIndexFiles.livecodescript","Global_Index_Simple_Menu": "controllers/Global_Index_Simple_Menu.livecodescript","behavior_ViewIndexSimple": "behaviors/behavior_ViewIndexSimple.livecodescript","Global_IndexView_Line_Menu": "controllers/Global_IndexView_Line_Menu.livecodescript"},"Global Menus": {"Global | IndexView | Line | Menu": {"mController": "stack \"/Users/BabyBlue/Desktop/git-repos/lcw_Menus/modules/View_Index_Simple/controllers/Global_IndexView_Line_Menu.livecodescript\"","gMenuTable": "Burn Local Menu\tmenu_BurnLocalMenu mTarget\tstack \"Global_IndexView_Line_Menu\"\tGlobal | IndexView | Line | Menu\t\t\t\t\tBurn Local Menu\nSet Line Menu\tmenu_SetLineMenu mTarget\tstack \"Global_IndexView_Line_Menu\"\tGlobal | IndexView | Line | Menu\t\t\t\t\tSet Line Menu\nCreate Line Menu\tmenu_CreateLineMenu mTarget\tstack \"Global_IndexView_Line_Menu\"\tGlobal | IndexView | Line | Menu\t\t\t\t\tCreate Line Menu\n-\nEdit Menu\tmenu_EditMenu mTarget\tstack \"Global_IndexView_Line_Menu\"\tGlobal | IndexView | Line | Menu\t\t\t\t\tEdit Menu\nIndex View Behavior\tmenu_IndexViewBehavior mTarget\tstack \"Global_IndexView_Line_Menu\"\tGlobal | IndexView | Line | Menu\t\t\t\t\tIndex View Behavior"},"Global | Index | Simple | Menu": {"mController": "stack \"/Users/BabyBlue/Desktop/git-repos/lcw_Menus/modules/View_Index_Simple/controllers/Global_Index_Simple_Menu.livecodescript\"","gMenuTable": "Palette Style\tmenu_PaletteStyle subMenuPath, mTarget\tstack \"Global_Index_Simple_Menu\"\tGlobal | Index | Simple | Menu\t\tboolean\tsubmenu_Boolean\tpalette_Style\tPalette Style\nSystem Window\tmenu_SystemWindow subMenuPath, mTarget\tstack \"Global_Index_Simple_Menu\"\tGlobal | Index | Simple | Menu\t\tboolean\tsubmenu_Boolean\tsystem_Window\tSystem Window\n-\nField Style\tmenu_FieldStyle subMenuPath, mTarget\tstack \"Global_Index_Simple_Menu\"\tGlobal | Index | Simple | Menu\t\tcustom submenu\tf_Styles\tf_Style\tField Style\nField Align\tmenu_FieldAlign subMenuPath, mTarget\tstack \"Global_Index_Simple_Menu\"\tGlobal | Index | Simple | Menu\t\tcustom submenu\tf_Aligns\tf_Align\tField Align\nDont Wrap\tmenu_DontWrap subMenuPath, mTarget\tstack \"Global_Index_Simple_Menu\"\tGlobal | Index | Simple | Menu\t\tboolean\tsubmenu_Boolean\tdont_Wrap\tDont Wrap\nInspect Field\tmenu_InspectField mTarget\tstack \"Global_Index_Simple_Menu\"\tGlobal | Index | Simple | Menu\t\t\t\t\tInspect Field\n-\nSet My Name\tmenu_SetMyName mTarget\tstack \"Global_Index_Simple_Menu\"\tGlobal | Index | Simple | Menu\t\t\t\t\tSet My Name\nSet Menu Title\tmenu_SetMenuTitle mTarget\tstack \"Global_Index_Simple_Menu\"\tGlobal | Index | Simple | Menu\t\t\t\t\tSet Menu Title\n-\nSet Title Colour\tmenu_SetTitleColour mTarget\tstack \"Global_Index_Simple_Menu\"\tGlobal | Index | Simple | Menu\t\t\t\t\tSet Title Colour\nSet Title Text Colour\tmenu_SetTitleTextColour mTarget\tstack \"Global_Index_Simple_Menu\"\tGlobal | Index | Simple | Menu\t\t\t\t\tSet Title Text Colour\n-\nBlack And White Title\tmenu_BlackAndWhiteTitle mTarget\tstack \"Global_Index_Simple_Menu\"\tGlobal | Index | Simple | Menu\t\t\t\t\tBlack And White Title\nReverse Title Colour\tmenu_ReverseTitleColour mTarget\tstack \"Global_Index_Simple_Menu\"\tGlobal | Index | Simple | Menu\t\t\t\t\tReverse Title Colour\n-\nSet Title Menus\tmenu_SetTitleMenus mTarget\tstack \"Global_Index_Simple_Menu\"\tGlobal | Index | Simple | Menu\t\t\t\t\tSet Title Menus\nEdit Title Menus\tmenu_EditTitleMenus mTarget\tstack \"Global_Index_Simple_Menu\"\tGlobal | Index | Simple | Menu\t\t\t\t\tEdit Title Menus\nEdit Line Menu\tmenu_EditLineMenu mTarget\tstack \"Global_Index_Simple_Menu\"\tGlobal | Index | Simple | Menu\t\t\t\t\tEdit Line Menu\n-\nEdit View Script\tmenu_EditViewScript mTarget\tstack \"Global_Index_Simple_Menu\"\tGlobal | Index | Simple | Menu\t\t\t\t\tEdit View Script\nEdit View Behavior\tmenu_EditViewBehavior mTarget\tstack \"Global_Index_Simple_Menu\"\tGlobal | Index | Simple | Menu\t\t\t\t\tEdit View Behavior\n-\nDev\t\tstack \"Global_Index_Simple_Menu\"\tGlobal | Index | Simple | Menu\t\tsubmenu\tDev | Menu\tstack \"Global_Index_Simple_Menu\"\tDev"}}}