{"stackFileArray": {"Global_Google_Menu": "controllers/Global_Google_Menu.livecodescript","lib_Google": "libraries/lib_Google.livecodescript"},"Global Menus": {"Global | Google | Menu": {"mController": "stack \"/Users/BabyBlue/Desktop/git-repos/lcw_Google/controllers/Global_Google_Menu.livecodescript\"","gMenuTable": "Test Sheet\tmenu_TestSheet mTarget\tstack \"Global_Google_Menu\"\tGlobal | Google | Menu\t\t\t\t\tTest Sheet\nTest Csv\tmenu_TestCsv mTarget\tstack \"Global_Google_Menu\"\tGlobal | Google | Menu\t\t\t\t\tTest Csv"}}}