{"stackFileArray": {"lib_Introspection": "libraries/lib_Introspection.livecodescript","lib_ViewProperty": "libraries/lib_ViewProperty.livecodescript","lib_Outline": "libraries/lib_Outline.livecodescript","lib_Stack": "libraries/lib_Stack.livecodescript","model_Module": "models/model_Module.livecodescript","model_Assets": "models/model_Assets.livecodescript","behavior_DisplayArray": "behaviors/behavior_DisplayArray.livecodescript","lib_Array": "libraries/lib_Array.livecode","model_HkeyLine": "models/model_HkeyLine.livecodescript","model_ScriptSuite": "models/model_ScriptSuite.livecodescript","model_GlobalMenu": "models/model_GlobalMenu.livecodescript","model_ScriptHierarchy": "models/model_ScriptHierarchy.livecodescript","model_Library": "models/model_Library.livecodescript","Global_Script_Changes_Menu": "controllers/Global_Script_Changes_Menu.livecodescript","lib_IDE": "libraries/lib_IDE.livecodescript","Global_ScriptEditor_Recent_Default_Menu": "controllers/Global_ScriptEditor_Recent_Default_Menu.livecodescript","lib_StackFiles": "libraries/lib_StackFiles.livecodescript","model_LCW": "models/model_LCW.livecodescript","lib_LiveCodeDictionary": "libraries/lib_LiveCodeDictionary.livecode","behavior_HomeCard": "behaviors/behavior_HomeCard.livecodescript","Global_ScriptEditor_List_Default_Menu": "controllers/Global_ScriptEditor_List_Default_Menu.livecodescript","behavior_IdeScriptEditorField": "behaviors/behavior_IdeScriptEditorField.livecodescript","model_ViewTemplate": "models/model_ViewTemplate.livecodescript","Global_Array_Menu": "controllers/Global_Array_Menu.livecodescript","model_HandlerLibrary": "models/model_HandlerLibrary.livecodescript","behavior_IdeCompileButton": "behaviors/behavior_IdeCompileButton.livecodescript","lib_Files": "libraries/lib_Files.livecodescript","behavior_IdeFindField": "behaviors/behavior_IdeFindField.livecodescript","behavior_InitLiveCodeWorld": "behaviors/behavior_InitLiveCodeWorld.livecodescript","behavior_IdeHandlerListField": "behaviors/behavior_IdeHandlerListField.livecodescript","lib_Update": "libraries/lib_Update.livecodescript","model_ProjectFiles": "models/model_ProjectFiles.livecodescript","Global_Library_Project_Model_Menu": "controllers/Global_Library_Project_Model.livecodescript","model_IDE": "models/model_IDE.livecodescript","lib_ViewTemplate": "libraries/lib_ViewTemplate.livecodescript","lib_Text": "libraries/lib_Text.livecodescript","View|Tree|Widget": "modules/View_Tree_Widget with title/controllers/Global_Tree_Widget with Title_Menu.livecodescript","lib_View": "libraries/lib_View.livecode","model_ScriptFiles": "models/model_ScriptFiles.livecodescript","Global_ScriptEditor_Script_Default_Menu": "controllers/Global_ScriptEditor_Script_Default_Menu.livecodescript","lib_Script": "libraries/lib_Script.livecode","behavior_ViewTemplateCard": "behaviors/behavior_TemplateViewCard.livecodescript","model_ObjectMetadata": "models/model_ObjectMetadata.livecodescript","model_ScriptMetadata": "models/model_ScriptMetadata.livecodescript","lib_Shell": "libraries/lib_Shell.livecodescript","model_ScriptExport": "models/model_ScriptExport.livecodescript","lib_Behavior": "libraries/lib_Behavior.livecode","lib_Display": "libraries/lib_Display.livecodescript","View|Tree|Widget with Title": "modules/View_Tree_Widget with title/View_Tree_Widget with title.livecode","lib_LCW": "libraries/lib_LCW.livecodescript","model_Place": "models/model_Place.livecodescript","model_Prefs": "models/model_Prefs.livecodescript","behavior_IdeRecentButton": "behaviors/behavior_IdeRecentButton.livecodescript","model_Environment": "models/model_Environment.livecodescript","model_Project": "models/model_Project.livecodescript"},"Global Menus": {"Global | ScriptEditor | List | Default | Menu": {"mController": "stack \"/Users/BabyBlue/Desktop/git-repos/lcw/controllers/Global_ScriptEditor_List_Default_Menu.livecodescript\"","gMenuTable": "List Default Menu\tmenu_ListDefaultMenu mTarget\tstack \"Global_ScriptEditor_List_Default_Menu\"\tGlobal | ScriptEditor | List | Default | Menu\t\t\t\t\tList Default Menu\n-\nSet Menu\tmenu_SetMenu subMenuPath, mTarget\tstack \"Global_ScriptEditor_List_Default_Menu\"\tGlobal | ScriptEditor | List | Default | Menu\t\tcustom submenu\tm_Titles\tm_Title\tSet Menu"},"Global | ScriptEditor | Script | Authoring | Menu": {"mController": "stack \"/Users/BabyBlue/Desktop/git-repos/lcw/controllers/Global_ScriptEditor_Script_Default_Menu.livecodescript\"","gMenuTable": "Authoring Menu\tmenu_AuthoringMenu mTarget\tstack \"Global_ScriptEditor_Script_Default_Menu\"\tGlobal | ScriptEditor | Script | Authoring | Menu\t\t\t\t\tAuthoring Menu\n-\ninsert\t\tstack \"Global_ScriptEditor_Script_Default_Menu\"\tGlobal | ScriptEditor | Script | Authoring | Menu\t\tinsert\tGlobal | Script | Editor | Menu\tstack \"Global_Script_Editor_Menu\"\tinsert\n-\nSet Menu\tmenu_SetMenu subMenuPath, mTarget\tstack \"Global_ScriptEditor_Script_Default_Menu\"\tGlobal | ScriptEditor | Script | Authoring | Menu\t\tcustom submenu\tm_Titles\tm_Title\tSet Menu"},"Global | ScriptEditor | Recent | Default | Menu": {"mController": "stack \"/Users/BabyBlue/Desktop/git-repos/lcw/controllers/Global_ScriptEditor_Recent_Default_Menu.livecodescript\"","gMenuTable": "Recent Scripts\tmenu_RecentScripts subMenuPath, mTarget\tstack \"Global_ScriptEditor_Recent_Default_Menu\"\tGlobal | ScriptEditor | Recent | Default | Menu\t\tcustom submenu\trecent_Objects\trecent_Object\tRecent Scripts\nSave Edited Stacks\tmenu_SaveEditedStacks subMenuPath, mTarget\tstack \"Global_ScriptEditor_Recent_Default_Menu\"\tGlobal | ScriptEditor | Recent | Default | Menu\tdisabled_SaveEditedStacks\tcustom submenu\tedited_StackNames\tedited_StackName\tSave Edited Stacks\n-\ninsert\t\tstack \"Global_ScriptEditor_Recent_Default_Menu\"\tGlobal | ScriptEditor | Recent | Default | Menu\t\tinsert\tGlobal | ScriptEditor | Recent | Custom | Menu\tstack \"Global_ScriptEditor_Recent_Custom_Menu\"\tinsert\n-\nCheck Available Menus\tmenu_CheckAvailableMenus mTarget\tstack \"Global_ScriptEditor_Recent_Default_Menu\"\tGlobal | ScriptEditor | Recent | Default | Menu\t\t\t\t\tCheck Available Menus\nSet Menu\tmenu_SetMenu subMenuPath, mTarget\tstack \"Global_ScriptEditor_Recent_Default_Menu\"\tGlobal | ScriptEditor | Recent | Default | Menu\t\tcustom submenu\tm_Titles\tm_Title\tSet Menu"},"Global | Array | Menu": {"mController": "stack \"/Users/BabyBlue/Desktop/git-repos/lcw/controllers/Global_Array_Menu.livecodescript\"","gMenuTable": "Test Array\tmenu_TestArray mTarget\tstack \"Global_Array_Menu\"\tGlobal | Array | Menu\t\t\t\t\tTest Array\nSet Menu Title\tmenu_SetMenuTitle mTarget\tstack \"Global_Array_Menu\"\tGlobal | Array | Menu\t\t\t\t\tSet Menu Title\n-\nTree Behavior\tmenu_TreeBehavior mTarget\tstack \"Global_Array_Menu\"\tGlobal | Array | Menu\t\t\t\t\tTree Behavior\nToplevel\tmenu_Toplevel mTarget\tstack \"Global_Array_Menu\"\tGlobal | Array | Menu\t\t\t\t\tToplevel\nSort Type\tmenu_SortType subMenuPath, mTarget\tstack \"Global_Array_Menu\"\tGlobal | Array | Menu\t\tcustom submenu\ttree_SortTypes\ttree_SortType\tSort Type"},"Global | Library | Project | Model | Menu": {"mController": "stack \"/Users/BabyBlue/Desktop/git-repos/lcw/controllers/Global_Library_Project_Model.livecodescript\"","gMenuTable": "Create New Project\tmenu_CreateNewProject mTarget\tstack \"Global_Library_Project_Model_Menu\"\tGlobal | Library | Project | Model | Menu\t\t\t\t\tCreate New Project\nAdd Project\tmenu_AddProject mTarget\tstack \"Global_Library_Project_Model_Menu\"\tGlobal | Library | Project | Model | Menu\t\t\t\t\tAdd Project\n-\nRe Fetch Array\tmenu_ReFetchArray mTarget\tstack \"Global_Library_Project_Model_Menu\"\tGlobal | Library | Project | Model | Menu\t\t\t\t\tRe Fetch Array\nSave Array\tmenu_SaveArray mTarget\tstack \"Global_Library_Project_Model_Menu\"\tGlobal | Library | Project | Model | Menu\t\t\t\t\tSave Array\n-\nDev\t\tstack \"Global_Library_Project_Model_Menu\"\tGlobal | Library | Project | Model | Menu\t\tsubmenu\tDev | Menu\tstack \"Global_Library_Project_Model_Menu\"\tDev"},"Global | Script | Changes | Menu": {"mController": "stack \"/Users/BabyBlue/Desktop/git-repos/lcw/controllers/Global_Script_Changes_Menu.livecodescript\"","gMenuTable": "Load Server\tmenu_LoadServer mTarget\tstack \"Global_Script_Changes_Menu\"\tGlobal | Script | Changes | Menu\t\t\t\t\tLoad Server\nSet Menus\tmenu_SetMenus mTarget\tstack \"Global_Script_Changes_Menu\"\tGlobal | Script | Changes | Menu\t\t\t\t\tSet Menus\nDisplay Local Changes\tmenu_DisplayLocalChanges mTarget\tstack \"Global_Script_Changes_Menu\"\tGlobal | Script | Changes | Menu\t\t\t\t\tDisplay Local Changes\nFilter For Changed\tmenu_FilterForChanged mTarget\tstack \"Global_Script_Changes_Menu\"\tGlobal | Script | Changes | Menu\t\t\t\t\tFilter For Changed\n-\nDisplay Recent Exports\tmenu_DisplayRecentExports subMenuPath, mTarget\tstack \"Global_Script_Changes_Menu\"\tGlobal | Script | Changes | Menu\t\tcustom submenu\thow_Longs\thow_Long\tDisplay Recent Exports"},"Global | ScriptEditor | Script | Default | Menu": {"mController": "stack \"/Users/BabyBlue/Desktop/git-repos/lcw/controllers/Global_ScriptEditor_Script_Default_Menu.livecodescript\"","gMenuTable": "Script Default Menu\tmenu_ScriptDefaultMenu mTarget\tstack \"Global_ScriptEditor_Script_Default_Menu\"\tGlobal | ScriptEditor | Script | Default | Menu\t\t\t\t\tScript Default Menu\nSpotlight Handler\tmenu_SpotlightHandler mTarget\tstack \"Global_ScriptEditor_Script_Default_Menu\"\tGlobal | ScriptEditor | Script | Default | Menu\t\t\t\t\tSpotlight Handler\n-\nEdit Menu\tmenu_EditMenu subMenuPath, mTarget\tstack \"Global_ScriptEditor_Script_Default_Menu\"\tGlobal | ScriptEditor | Script | Default | Menu\t\tcustom submenu\tm_Titles\tm_Title\tEdit Menu\nSet Menu\tmenu_SetMenu subMenuPath, mTarget\tstack \"Global_ScriptEditor_Script_Default_Menu\"\tGlobal | ScriptEditor | Script | Default | Menu\t\tcustom submenu\tm_Titles\tm_Title\tSet Menu"}}}