{"stackFileArray": {"Global_IndexView_Line_Menu": "modules/View_Index_Simple/controllers/Global_IndexView_Line_Menu.livecodescript","Global_Project_Tree_Line_Menu": "controllers/Global_Project_Tree_Line_Menu.livecodescript","lib_Menu": "libraries/lib_Menu.livecodescript","lib_MenuEdit": "libraries/lib_MenuEdit.livecodescript","model_MenuSubStacks": "models/model_MenuSubStacks.livecodescript","behavior_ViewIndexSimple": "modules/View_Index_Simple/behaviors/behavior_ViewIndexSimple.livecodescript","Global_Project_Display_Menu": "controllers/Global_Project_Display_Menu.livecodescript","lib_MenuAuthoring": "libraries/lib_MenuAuthoring.livecodescript","behavior_ViewIndexFiles": "modules/View_Index_Simple/behaviors/behavior_ViewIndexFiles.livecodescript","View|Index|Simple": "modules/View_Index_Simple/View_Index_Simple.livecode","Global_Controllers_Tree_Menu": "controllers/Global_Controllers_Tree_Menu.livecodescript","Global_Project_Tree_Menu": "controllers/Global_Project_Tree_Menu.livecodescript","Global_Index_Simple_Menu": "modules/View_Index_Simple/controllers/Global_Index_Simple_Menu.livecodescript","Global_Project_Menu": "controllers/Global_Project_Menu.livecodescript"},"Global Menus": {"Global | Controllers | Tree | Menu": {"mController": "stack \"/Users/BabyBlue/Desktop/git-repos/lcw_Menus/controllers/Global_Controllers_Tree_Menu.livecodescript\"","gMenuTable": "Create Project Menu\tmenu_CreateProjectMenu mTarget\tstack \"Global_Controllers_Tree_Menu\"\tGlobal | Controllers | Tree | Menu\t\t\t\t\tCreate Project Menu\n-\nLoad Menus\tmenu_LoadMenus mTarget\tstack \"Global_Controllers_Tree_Menu\"\tGlobal | Controllers | Tree | Menu\t\t\t\t\tLoad Menus\nExport Menus And Stack Files\tmenu_ExportMenusAndStackFiles mTarget\tstack \"Global_Controllers_Tree_Menu\"\tGlobal | Controllers | Tree | Menu\t\t\t\t\tExport Menus And Stack Files\nLoad Menus And Stack Files\tmenu_LoadMenusAndStackFiles mTarget\tstack \"Global_Controllers_Tree_Menu\"\tGlobal | Controllers | Tree | Menu\t\t\t\t\tLoad Menus And Stack Files\n-\nProject\t\tstack \"Global_Controllers_Tree_Menu\"\tGlobal | Controllers | Tree | Menu\t\tsubmenu\tGlobal | Project | Display | Menu\tstack \"Global_Project_Display_Menu\"\tProject\nDev\t\tstack \"Global_Controllers_Tree_Menu\"\tGlobal | Controllers | Tree | Menu\t\tsubmenu\tDev | Menu\tstack \"Global_Project_Tree_Line_Menu\"\tDev"},"Global | Project | Tree | Menu": {"mController": "stack \"/Users/BabyBlue/Desktop/git-repos/lcw_Menus/controllers/Global_Project_Tree_Menu.livecodescript\"","gMenuTable": "Start Project\tmenu_StartProject subMenuPath, mTarget\tstack \"Global_Project_Tree_Menu\"\tGlobal | Project | Tree | Menu\t\tboolean\tsubmenu_Boolean\tstart_Project\tStart Project\nGit Status\tmenu_GitStatus mTarget\tstack \"Global_Project_Tree_Menu\"\tGlobal | Project | Tree | Menu\t\t\t\t\tGit Status\nAdd Project Wiki\tmenu_AddProjectWiki mTarget\tstack \"Global_Project_Tree_Menu\"\tGlobal | Project | Tree | Menu\tdisabled_AddProjectWiki\t\t\t\tAdd Project Wiki\nCreate Library Pages\tmenu_CreateLibraryPages mTarget\tstack \"Global_Project_Tree_Menu\"\tGlobal | Project | Tree | Menu\tdisabled_CreateLibraryPages\t\t\t\tCreate Library Pages\n-\nGo To Home Stack\tmenu_GoToHomeStack mTarget\tstack \"Global_Project_Tree_Menu\"\tGlobal | Project | Tree | Menu\t\t\t\t\tGo To Home Stack\nEdit Home Stack Script\tmenu_EditHomeStackScript mTarget\tstack \"Global_Project_Tree_Menu\"\tGlobal | Project | Tree | Menu\t\t\t\t\tEdit Home Stack Script\nHome Is Script Only\tmenu_HomeIsScriptOnly subMenuPath, mTarget\tstack \"Global_Project_Tree_Menu\"\tGlobal | Project | Tree | Menu\t\tboolean\tsubmenu_Boolean\thome_IsScriptOnly\tHome Is Script Only\nInspect Home Stack\tmenu_InspectHomeStack mTarget\tstack \"Global_Project_Tree_Menu\"\tGlobal | Project | Tree | Menu\t\t\t\t\tInspect Home Stack\nExport Standalone Settings\tmenu_ExportStandaloneSettings mTarget\tstack \"Global_Project_Tree_Menu\"\tGlobal | Project | Tree | Menu\t\t\t\t\tExport Standalone Settings\n-\nSet Home Stackfiles\tmenu_SetHomeStackfiles mTarget\tstack \"Global_Project_Tree_Menu\"\tGlobal | Project | Tree | Menu\t\t\t\t\tSet Home Stackfiles\nDisplay Home Stack Files\tmenu_DisplayHomeStackFiles mTarget\tstack \"Global_Project_Tree_Menu\"\tGlobal | Project | Tree | Menu\t\t\t\t\tDisplay Home Stack Files\nExport Home Stack Files\tmenu_ExportHomeStackFiles mTarget\tstack \"Global_Project_Tree_Menu\"\tGlobal | Project | Tree | Menu\t\t\t\t\tExport Home Stack Files\n-\nChange Project\tmenu_ChangeProject subMenuPath, mTarget\tstack \"Global_Project_Tree_Menu\"\tGlobal | Project | Tree | Menu\t\tcustom submenu\tproject_Choices\tproject_Choice\tChange Project\n-\nDisplay Project Folder\tmenu_DisplayProjectFolder mTarget\tstack \"Global_Project_Tree_Menu\"\tGlobal | Project | Tree | Menu\t\t\t\t\tDisplay Project Folder\nExport And Index Project\tmenu_ExportAndIndexProject mTarget\tstack \"Global_Project_Tree_Menu\"\tGlobal | Project | Tree | Menu\t\t\t\t\tExport And Index Project\n-\nRefresh\tmenu_Refresh mTarget\tstack \"Global_Project_Tree_Menu\"\tGlobal | Project | Tree | Menu\t\t\t\t\tRefresh"},"Global | Project | Tree | Line | Menu": {"mController": "stack \"/Users/BabyBlue/Desktop/git-repos/lcw_Menus/controllers/Global_Project_Tree_Line_Menu.livecodescript\"","gMenuTable": "Move Used\tmenu_MoveUsed subMenuPath, mTarget\tstack \"Global_Project_Tree_Line_Menu\"\tGlobal | Project | Tree | Line | Menu\tdisabled_MoveUsed\tcustom submenu\tnew_ProjectNames\tnew_ProjectName\tMove Used\nConvert To Module\tmenu_ConvertToModule subMenuPath, mTarget\tstack \"Global_Project_Tree_Line_Menu\"\tGlobal | Project | Tree | Line | Menu\tdisabled_ConvertToModule\tcustom submenu\tnew_ProjectNames\tnew_ProjectName\tConvert To Module\nStart Project\tmenu_StartProject subMenuPath, mTarget\tstack \"Global_Project_Tree_Line_Menu\"\tGlobal | Project | Tree | Line | Menu\tdisabled_StartProject\tboolean\tsubmenu_Boolean\tstart_Project\tStart Project\n-\nExport Menus And Stack Files\tmenu_ExportMenusAndStackFiles mTarget\tstack \"Global_Project_Tree_Line_Menu\"\tGlobal | Project | Tree | Line | Menu\t\t\t\t\tExport Menus And Stack Files\nExport And Index Project\tmenu_ExportAndIndexProject mTarget\tstack \"Global_Project_Tree_Line_Menu\"\tGlobal | Project | Tree | Line | Menu\t\t\t\t\tExport And Index Project\n-\nInitialise Git\tmenu_InitialiseGit mTarget\tstack \"Global_Project_Tree_Line_Menu\"\tGlobal | Project | Tree | Line | Menu\tdisabled_InitialiseGit\t\t\t\tInitialise Git\nGit Status\tmenu_GitStatus mTarget\tstack \"Global_Project_Tree_Line_Menu\"\tGlobal | Project | Tree | Line | Menu\tdisabled_GitStatus\t\t\t\tGit Status\nLaunch Github\tmenu_LaunchGithub mTarget\tstack \"Global_Project_Tree_Line_Menu\"\tGlobal | Project | Tree | Line | Menu\tdisabled_LaunchGithub\t\t\t\tLaunch Github\nDisplay Github Info\tmenu_DisplayGithubInfo mTarget\tstack \"Global_Project_Tree_Line_Menu\"\tGlobal | Project | Tree | Line | Menu\tdisabled_DisplayGithubInfo\t\t\t\tDisplay Github Info\n-\nDisplay Project Deps\tmenu_DisplayProjectDeps mTarget\tstack \"Global_Project_Tree_Line_Menu\"\tGlobal | Project | Tree | Line | Menu\t\t\t\t\tDisplay Project Deps\n-\nGo To Home Stack\tmenu_GoToHomeStack mTarget\tstack \"Global_Project_Tree_Line_Menu\"\tGlobal | Project | Tree | Line | Menu\t\t\t\t\tGo To Home Stack\nEdit Stack Script\tmenu_EditStackScript mTarget\tstack \"Global_Project_Tree_Line_Menu\"\tGlobal | Project | Tree | Line | Menu\t\t\t\t\tEdit Stack Script\n-\nReveal Project Folder\tmenu_RevealProjectFolder mTarget\tstack \"Global_Project_Tree_Line_Menu\"\tGlobal | Project | Tree | Line | Menu\t\t\t\t\tReveal Project Folder\nRemove Project From Library\tmenu_RemoveProjectFromLibrary mTarget\tstack \"Global_Project_Tree_Line_Menu\"\tGlobal | Project | Tree | Line | Menu\t\t\t\t\tRemove Project From Library\nDisplay Project\tmenu_DisplayProject mTarget\tstack \"Global_Project_Tree_Line_Menu\"\tGlobal | Project | Tree | Line | Menu\t\t\t\t\tDisplay Project\n-\nTrash Project\tmenu_TrashProject mTarget\tstack \"Global_Project_Tree_Line_Menu\"\tGlobal | Project | Tree | Line | Menu\t\t\t\t\tTrash Project\n-\nDev\t\tstack \"Global_Project_Tree_Line_Menu\"\tGlobal | Project | Tree | Line | Menu\t\tsubmenu\tDev | Menu\tstack \"Global_Project_Tree_Line_Menu\"\tDev"},"Global | Project | Display | Menu": {"mController": "stack \"/Users/BabyBlue/Desktop/git-repos/lcw_Menus/controllers/Global_Project_Display_Menu.livecodescript\"","gMenuTable": "Project Menus\tmenu_ProjectMenus mTarget\tstack \"Global_Project_Display_Menu\"\tGlobal | Project | Display | Menu\tdisabled_ProjectMenus\t\t\t\tProject Menus\nProject Behaviors\tmenu_ProjectBehaviors mTarget\tstack \"Global_Project_Display_Menu\"\tGlobal | Project | Display | Menu\tdisabled_ProjectBehaviors\t\t\t\tProject Behaviors\nProject Modules\tmenu_ProjectModules mTarget\tstack \"Global_Project_Display_Menu\"\tGlobal | Project | Display | Menu\tdisabled_ProjectModules\t\t\t\tProject Modules\nProject Views\tmenu_ProjectViews mTarget\tstack \"Global_Project_Display_Menu\"\tGlobal | Project | Display | Menu\tdisabled_ProjectViews\t\t\t\tProject Views"},"Global | Project | Menu": {"mController": "stack \"/Users/BabyBlue/Desktop/git-repos/lcw_Menus/controllers/Global_Project_Menu.livecodescript\"","gMenuTable": "Display Project Stacks\tmenu_DisplayProjectStacks subMenuPath, mTarget\tstack \"Global_Project_Menu\"\tGlobal | Project | Menu\t\tcustom submenu\tproject_Choices\tproject_Choice\tDisplay Project Stacks\n-\nConstruct Stack Link Mark Down\tmenu_ConstructStackLinkMarkDown subMenuPath, mTarget\tstack \"Global_Project_Menu\"\tGlobal | Project | Menu\t\tcustom submenu\tp_Names\tp_Name\tConstruct Stack Link Mark Down\nConstruct Script Array\tmenu_ConstructScriptArray subMenuPath, mTarget\tstack \"Global_Project_Menu\"\tGlobal | Project | Menu\t\tcustom submenu\tp_Names\tp_Name\tConstruct Script Array\n-\n-\nImportant\t\tstack \"Global_Project_Menu\"\tGlobal | Project | Menu\t\tsubmenu\tGlobal | Project | Important | Menu\tstack \"Global_Project_Important_Menu\"\tImportant\nDev\t\tstack \"Global_Project_Menu\"\tGlobal | Project | Menu\t\tsubmenu\tDev | Menu\tstack \"Global_Project_Tree_Line_Menu\"\tDev"}}}