{"meta":{"href":"https://ehrscape.code-4-health.org/rest/v1/composition/9b9b9c8b-6db2-4c49-ab04-6f07ed31246d::diadem.c4h.ehrscape.com::62","precedingHref":"https://ehrscape.code-4-health.org/rest/v1/composition/9b9b9c8b-6db2-4c49-ab04-6f07ed31246d::diadem::61"},"format":"FLAT","templateId":"DiADeM Assessment.v0","composition":{"diadem_assessment/_uid":"9b9b9c8b-6db2-4c49-ab04-6f07ed31246d::diadem.c4h.ehrscape.com::62","diadem_assessment/language|code":"en","diadem_assessment/language|terminology":"ISO_639-1","diadem_assessment/territory|code":"GB","diadem_assessment/territory|terminology":"ISO_3166-1","diadem_assessment/context/_health_care_facility|id":"9091","diadem_assessment/context/_health_care_facility|id_scheme":"nhsNumber","diadem_assessment/context/_health_care_facility|id_namespace":"uk.nhs","diadem_assessment/context/_health_care_facility|name":"Val Gardena Nursing Home","diadem_assessment/context/composer_details/assessor_team":"Team A","diadem_assessment/context/start_time":"2016-07-25T09:45:21.792Z","diadem_assessment/context/setting|code":"238","diadem_assessment/context/setting|value":"other care","diadem_assessment/context/setting|terminology":"openehr","diadem_assessment/key_contacts:0/informal_carer:0/carer/person_name/carer_name":"Mrs Smith","diadem_assessment/key_contacts:0/informal_carer:0/carer/telecom_details_uk:0/carer_telephone":"01389 774563","diadem_assessment/key_contacts:0/informal_carer:0/carer/relationship_to_subject":"Wife","diadem_assessment/key_contacts:0/gp/individual_professional_demographics_uk/person_name/gp_name":"Dr Mark Jones","diadem_assessment/key_contacts:0/gp/individual_professional_demographics_uk/email/gp_email":"mj44@nhs.not","diadem_assessment/key_contacts:0/gp/individual_professional_demographics_uk/organisation:0/gp_practice_name":"Finest Kind GP services","diadem_assessment/key_contacts:0/gp/individual_professional_demographics_uk/organisation:0/organisation_telecom/gp_telephone":"0800 345345","diadem_assessment/key_contacts:0/gp/professional_relationship_to_subject":"GP","diadem_assessment/key_contacts:0/language|code":"en","diadem_assessment/key_contacts:0/language|terminology":"ISO_639-1","diadem_assessment/key_contacts:0/encoding|code":"UTF-8","diadem_assessment/key_contacts:0/encoding|terminology":"IANA_character-sets","diadem_assessment/yhscn_-_diadem_assessment/functional_impairment|code":"at0006","diadem_assessment/yhscn_-_diadem_assessment/functional_impairment|value":"No longer fully independent","diadem_assessment/yhscn_-_diadem_assessment/functional_impairment|terminology":"local","diadem_assessment/yhscn_-_diadem_assessment/corroborating_history|code":"at0011","diadem_assessment/yhscn_-_diadem_assessment/corroborating_history|value":"Corroborating history confirmed","diadem_assessment/yhscn_-_diadem_assessment/corroborating_history|terminology":"local","diadem_assessment/yhscn_-_diadem_assessment/investigations|code":"at0023","diadem_assessment/yhscn_-_diadem_assessment/investigations|value":"Screening bloods not done","diadem_assessment/yhscn_-_diadem_assessment/investigations|terminology":"local","diadem_assessment/yhscn_-_diadem_assessment/reason_why_bloods_not_done":"Terrible veins","diadem_assessment/yhscn_-_diadem_assessment/exclusion_criteria|code":"at0014","diadem_assessment/yhscn_-_diadem_assessment/exclusion_criteria|value":"NO acute underlying cause to explain confusion","diadem_assessment/yhscn_-_diadem_assessment/exclusion_criteria|terminology":"local","diadem_assessment/yhscn_-_diadem_assessment/interpretation|code":"at0029","diadem_assessment/yhscn_-_diadem_assessment/interpretation|value":"Dementia diagnosis likely","diadem_assessment/yhscn_-_diadem_assessment/interpretation|terminology":"local","diadem_assessment/yhscn_-_diadem_assessment/time":"2016-07-25T09:45:21.792Z","diadem_assessment/yhscn_-_diadem_assessment/language|code":"en","diadem_assessment/yhscn_-_diadem_assessment/language|terminology":"ISO_639-1","diadem_assessment/yhscn_-_diadem_assessment/encoding|code":"UTF-8","diadem_assessment/yhscn_-_diadem_assessment/encoding|terminology":"IANA_character-sets","diadem_assessment/a6_cit_assessment/what_year|code":"at0005","diadem_assessment/a6_cit_assessment/what_year|value":"Correct","diadem_assessment/a6_cit_assessment/what_year|ordinal":0,"diadem_assessment/a6_cit_assessment/what_month|code":"at0008","diadem_assessment/a6_cit_assessment/what_month|value":"Correct","diadem_assessment/a6_cit_assessment/what_month|ordinal":0,"diadem_assessment/a6_cit_assessment/about_what_time|code":"at0012","diadem_assessment/a6_cit_assessment/about_what_time|value":"Incorrect","diadem_assessment/a6_cit_assessment/about_what_time|ordinal":3,"diadem_assessment/a6_cit_assessment/count_backwards|code":"at0016","diadem_assessment/a6_cit_assessment/count_backwards|value":"More than 1 error","diadem_assessment/a6_cit_assessment/count_backwards|ordinal":4,"diadem_assessment/a6_cit_assessment/months_in_reverse|code":"at0018","diadem_assessment/a6_cit_assessment/months_in_reverse|value":"No error","diadem_assessment/a6_cit_assessment/months_in_reverse|ordinal":0,"diadem_assessment/a6_cit_assessment/repeat_address_phrase|code":"at0027","diadem_assessment/a6_cit_assessment/repeat_address_phrase|value":"5 errors","diadem_assessment/a6_cit_assessment/repeat_address_phrase|ordinal":10,"diadem_assessment/a6_cit_assessment/total_score":19,"diadem_assessment/a6_cit_assessment/time":"2016-07-25T09:45:21.792Z","diadem_assessment/a6_cit_assessment/language|code":"en","diadem_assessment/a6_cit_assessment/language|terminology":"ISO_639-1","diadem_assessment/a6_cit_assessment/encoding|code":"UTF-8","diadem_assessment/a6_cit_assessment/encoding|terminology":"IANA_character-sets","diadem_assessment/gpcog_screening_test/step_1_patient_examination/time_orientation|code":"at0010","diadem_assessment/gpcog_screening_test/step_1_patient_examination/time_orientation|value":"Correct","diadem_assessment/gpcog_screening_test/step_1_patient_examination/time_orientation|ordinal":1,"diadem_assessment/gpcog_screening_test/step_1_patient_examination/clock_drawing_-_specific_time|code":"at0016","diadem_assessment/gpcog_screening_test/step_1_patient_examination/clock_drawing_-_specific_time|value":"Correct","diadem_assessment/gpcog_screening_test/step_1_patient_examination/clock_drawing_-_specific_time|ordinal":1,"diadem_assessment/gpcog_screening_test/step_1_patient_examination/clock_drawing_-_all_numbers|code":"at0012","diadem_assessment/gpcog_screening_test/step_1_patient_examination/clock_drawing_-_all_numbers|value":"Incorrect","diadem_assessment/gpcog_screening_test/step_1_patient_examination/clock_drawing_-_all_numbers|ordinal":0,"diadem_assessment/gpcog_screening_test/step_1_patient_examination/information|code":"at0018","diadem_assessment/gpcog_screening_test/step_1_patient_examination/information|value":"Incorrect","diadem_assessment/gpcog_screening_test/step_1_patient_examination/information|ordinal":0,"diadem_assessment/gpcog_screening_test/step_1_patient_examination/recall_first_name|code":"at0021","diadem_assessment/gpcog_screening_test/step_1_patient_examination/recall_first_name|value":"Incorrect","diadem_assessment/gpcog_screening_test/step_1_patient_examination/recall_first_name|ordinal":0,"diadem_assessment/gpcog_screening_test/step_1_patient_examination/recall_surname|code":"at0024","diadem_assessment/gpcog_screening_test/step_1_patient_examination/recall_surname|value":"Incorrect","diadem_assessment/gpcog_screening_test/step_1_patient_examination/recall_surname|ordinal":0,"diadem_assessment/gpcog_screening_test/step_1_patient_examination/recall_house_number|code":"at0029","diadem_assessment/gpcog_screening_test/step_1_patient_examination/recall_house_number|value":"Correct","diadem_assessment/gpcog_screening_test/step_1_patient_examination/recall_house_number|ordinal":1,"diadem_assessment/gpcog_screening_test/step_1_patient_examination/recall_street_name|code":"at0031","diadem_assessment/gpcog_screening_test/step_1_patient_examination/recall_street_name|value":"Incorrect","diadem_assessment/gpcog_screening_test/step_1_patient_examination/recall_street_name|ordinal":0,"diadem_assessment/gpcog_screening_test/step_1_patient_examination/recall_locality_or_town|code":"at0034","diadem_assessment/gpcog_screening_test/step_1_patient_examination/recall_locality_or_town|value":"Incorrect","diadem_assessment/gpcog_screening_test/step_1_patient_examination/recall_locality_or_town|ordinal":0,"diadem_assessment/gpcog_screening_test/step_1_patient_examination/total_score":2,"diadem_assessment/gpcog_screening_test/step_2_informant_interview/trouble_remembering|code":"at0040","diadem_assessment/gpcog_screening_test/step_2_informant_interview/trouble_remembering|value":"Yes","diadem_assessment/gpcog_screening_test/step_2_informant_interview/trouble_remembering|terminology":"local","diadem_assessment/gpcog_screening_test/step_2_informant_interview/trouble_recalling_conversations|code":"at0046","diadem_assessment/gpcog_screening_test/step_2_informant_interview/trouble_recalling_conversations|value":"Don't know","diadem_assessment/gpcog_screening_test/step_2_informant_interview/trouble_recalling_conversations|terminology":"local","diadem_assessment/gpcog_screening_test/step_2_informant_interview/difficulty_finding_right_words_or_using_wrong_words|code":"at0048","diadem_assessment/gpcog_screening_test/step_2_informant_interview/difficulty_finding_right_words_or_using_wrong_words|value":"Yes","diadem_assessment/gpcog_screening_test/step_2_informant_interview/difficulty_finding_right_words_or_using_wrong_words|terminology":"local","diadem_assessment/gpcog_screening_test/step_2_informant_interview/less_able_to_manage_money|code":"at0052","diadem_assessment/gpcog_screening_test/step_2_informant_interview/less_able_to_manage_money|value":"Yes","diadem_assessment/gpcog_screening_test/step_2_informant_interview/less_able_to_manage_money|terminology":"local","diadem_assessment/gpcog_screening_test/step_2_informant_interview/less_able_to_manage_medication|code":"at0060","diadem_assessment/gpcog_screening_test/step_2_informant_interview/less_able_to_manage_medication|value":"Not applicable","diadem_assessment/gpcog_screening_test/step_2_informant_interview/less_able_to_manage_medication|terminology":"local","diadem_assessment/gpcog_screening_test/step_2_informant_interview/needs_more_assistance_with_transport|code":"at0063","diadem_assessment/gpcog_screening_test/step_2_informant_interview/needs_more_assistance_with_transport|value":"No","diadem_assessment/gpcog_screening_test/step_2_informant_interview/needs_more_assistance_with_transport|terminology":"local","diadem_assessment/gpcog_screening_test/step_2_informant_interview/total_score":5,"diadem_assessment/gpcog_screening_test/time":"2016-07-25T09:45:21.792Z","diadem_assessment/gpcog_screening_test/language|code":"en","diadem_assessment/gpcog_screening_test/language|terminology":"ISO_639-1","diadem_assessment/gpcog_screening_test/encoding|code":"UTF-8","diadem_assessment/gpcog_screening_test/encoding|terminology":"IANA_character-sets","diadem_assessment/composer|name":"Nessa Kilroy 3:02:02 PM"},"deleted":false,"lastVersion":true}