{"ctx/language":"en","ctx/territory":"US","ctx/composer_name":"Silvia Blake","ctx/time":"2016-10-15T14:08:40.340Z","ctx/id_namespace":"HOSPITAL-NS","ctx/id_scheme":"HOSPITAL-NS","ctx/participation_name":"Dr. Marcus Johnson","ctx/participation_function":"requester","ctx/participation_mode":"face-to-face communication","ctx/participation_id":"199","ctx/participation_name:1":"Lara Markham","ctx/participation_function:1":"performer","ctx/participation_id:1":"198","ctx/health_care_facility|name":"Hospital","ctx/health_care_facility|id":"9091","diadem_assessment/context/composer_details/assessor_team":"Assessor team 36","diadem_assessment/key_contacts:0/informal_carer:0/carer/person_name/carer_name":"Carer name 53","diadem_assessment/key_contacts:0/informal_carer:0/carer/telecom_details_uk:0/carer_telephone":"Carer telephone 96","diadem_assessment/key_contacts:0/informal_carer:0/carer/relationship_to_subject":"Relationship to subject 64","diadem_assessment/key_contacts:0/gp/individual_professional_demographics_uk/person_name/gp_name":"GP name 22","diadem_assessment/key_contacts:0/gp/individual_professional_demographics_uk/email/gp_email":"GP email 94","diadem_assessment/key_contacts:0/gp/individual_professional_demographics_uk/organisation:0/gp_practice_name":"GP Practice name 66","diadem_assessment/key_contacts:0/gp/individual_professional_demographics_uk/organisation:0/organisation_telecom/gp_telephone":"GP telephone 35","diadem_assessment/key_contacts:0/gp/professional_relationship_to_subject":"GP","diadem_assessment/yhscn_-_diadem_assessment/functional_impairment|code":"at0005","diadem_assessment/yhscn_-_diadem_assessment/corroborating_history|code":"at0011","diadem_assessment/yhscn_-_diadem_assessment/investigations|code":"at0013","diadem_assessment/yhscn_-_diadem_assessment/reason_why_bloods_not_done":"Reason why bloods not done 5","diadem_assessment/yhscn_-_diadem_assessment/exclusion_criteria|code":"at0015","diadem_assessment/yhscn_-_diadem_assessment/interpretation|code":"at0029","diadem_assessment/a6_cit_assessment/what_year|code":"at0005","diadem_assessment/a6_cit_assessment/what_year|value":"Correct","diadem_assessment/a6_cit_assessment/what_year|ordinal":0,"diadem_assessment/a6_cit_assessment/what_month|code":"at0009","diadem_assessment/a6_cit_assessment/what_month|value":"Incorrect","diadem_assessment/a6_cit_assessment/what_month|ordinal":0,"diadem_assessment/a6_cit_assessment/about_what_time|code":"at0011","diadem_assessment/a6_cit_assessment/about_what_time|value":"Correct","diadem_assessment/a6_cit_assessment/about_what_time|ordinal":0,"diadem_assessment/a6_cit_assessment/count_backwards|code":"at0016","diadem_assessment/a6_cit_assessment/count_backwards|value":"More than 1 error","diadem_assessment/a6_cit_assessment/count_backwards|ordinal":0,"diadem_assessment/a6_cit_assessment/months_in_reverse|code":"at0018","diadem_assessment/a6_cit_assessment/months_in_reverse|value":"No error","diadem_assessment/a6_cit_assessment/months_in_reverse|ordinal":0,"diadem_assessment/a6_cit_assessment/repeat_address_phrase|code":"at0023","diadem_assessment/a6_cit_assessment/repeat_address_phrase|value":"1 error","diadem_assessment/a6_cit_assessment/repeat_address_phrase|ordinal":0,"diadem_assessment/a6_cit_assessment/total_score":23,"diadem_assessment/gpcog_screening_test/step_1_patient_examination/time_orientation|code":"at0009","diadem_assessment/gpcog_screening_test/step_1_patient_examination/time_orientation|value":"Incorrect","diadem_assessment/gpcog_screening_test/step_1_patient_examination/time_orientation|ordinal":0,"diadem_assessment/gpcog_screening_test/step_1_patient_examination/clock_drawing_-_specific_time|code":"at0016","diadem_assessment/gpcog_screening_test/step_1_patient_examination/clock_drawing_-_specific_time|value":"Correct","diadem_assessment/gpcog_screening_test/step_1_patient_examination/clock_drawing_-_specific_time|ordinal":0,"diadem_assessment/gpcog_screening_test/step_1_patient_examination/clock_drawing_-_all_numbers|code":"at0013","diadem_assessment/gpcog_screening_test/step_1_patient_examination/clock_drawing_-_all_numbers|value":"Correct","diadem_assessment/gpcog_screening_test/step_1_patient_examination/clock_drawing_-_all_numbers|ordinal":0,"diadem_assessment/gpcog_screening_test/step_1_patient_examination/information|code":"at0019","diadem_assessment/gpcog_screening_test/step_1_patient_examination/information|value":"Correct","diadem_assessment/gpcog_screening_test/step_1_patient_examination/information|ordinal":0,"diadem_assessment/gpcog_screening_test/step_1_patient_examination/recall_first_name|code":"at0021","diadem_assessment/gpcog_screening_test/step_1_patient_examination/recall_first_name|value":"Incorrect","diadem_assessment/gpcog_screening_test/step_1_patient_examination/recall_first_name|ordinal":0,"diadem_assessment/gpcog_screening_test/step_1_patient_examination/recall_surname|code":"at0024","diadem_assessment/gpcog_screening_test/step_1_patient_examination/recall_surname|value":"Incorrect","diadem_assessment/gpcog_screening_test/step_1_patient_examination/recall_surname|ordinal":0,"diadem_assessment/gpcog_screening_test/step_1_patient_examination/recall_house_number|code":"at0028","diadem_assessment/gpcog_screening_test/step_1_patient_examination/recall_house_number|value":"Incorrect","diadem_assessment/gpcog_screening_test/step_1_patient_examination/recall_house_number|ordinal":0,"diadem_assessment/gpcog_screening_test/step_1_patient_examination/recall_street_name|code":"at0032","diadem_assessment/gpcog_screening_test/step_1_patient_examination/recall_street_name|value":"Correct","diadem_assessment/gpcog_screening_test/step_1_patient_examination/recall_street_name|ordinal":0,"diadem_assessment/gpcog_screening_test/step_1_patient_examination/recall_locality_or_town|code":"at0034","diadem_assessment/gpcog_screening_test/step_1_patient_examination/recall_locality_or_town|value":"Incorrect","diadem_assessment/gpcog_screening_test/step_1_patient_examination/recall_locality_or_town|ordinal":0,"diadem_assessment/gpcog_screening_test/step_1_patient_examination/total_score":2,"diadem_assessment/gpcog_screening_test/step_2_informant_interview/trouble_remembering|code":"at0041","diadem_assessment/gpcog_screening_test/step_2_informant_interview/trouble_recalling_conversations|code":"at0044","diadem_assessment/gpcog_screening_test/step_2_informant_interview/difficulty_finding_right_words_or_using_wrong_words|code":"at0048","diadem_assessment/gpcog_screening_test/step_2_informant_interview/less_able_to_manage_money|code":"at0053","diadem_assessment/gpcog_screening_test/step_2_informant_interview/less_able_to_manage_medication|code":"at0060","diadem_assessment/gpcog_screening_test/step_2_informant_interview/needs_more_assistance_with_transport|code":"at0062","diadem_assessment/gpcog_screening_test/step_2_informant_interview/total_score":3}