{"meta":{"href":"https://ehrscape.code-4-health.org/rest/v1/template/DiADeM%20Assessment.v0"},"webTemplate":{"templateId":"DiADeM Assessment.v0","version":"2.3","defaultLanguage":"en","languages":["en"],"tree":{"id":"diadem_assessment","name":"DiADeM Assessment","localizedName":"DiADeM Assessment","rmType":"COMPOSITION","nodeId":"openEHR-EHR-COMPOSITION.encounter.v1","min":1,"max":1,"localizedNames":{"en":"DiADeM Assessment"},"localizedDescriptions":{"en":"Interaction, contact or care event between a subject of care and healthcare provider(s)."},"aqlPath":"","children":[{"id":"context","rmType":"EVENT_CONTEXT","nodeId":"","min":1,"max":1,"aqlPath":"/context","children":[{"id":"composer_details","name":"Composer details","localizedName":"Composer details","rmType":"CLUSTER","nodeId":"openEHR-EHR-CLUSTER.individual_professional_uk.v1","min":0,"max":1,"localizedNames":{"en":"Composer details"},"localizedDescriptions":{"en":"Professional demographics details including name(s) , addresse(s) and telecommunication contact details."},"annotations":{"view:pass_through":"true"},"aqlPath":"/context/other_context[at0001]/items[openEHR-EHR-CLUSTER.individual_professional_uk.v1,'Composer details']","children":[{"id":"assessor_team","name":"Assessor team","localizedName":"Assessor team","rmType":"DV_TEXT","nodeId":"at0012","min":0,"max":1,"localizedNames":{"en":"Assessor team"},"localizedDescriptions":{"en":"Team to which the individual belongs."},"aqlPath":"/context/other_context[at0001]/items[openEHR-EHR-CLUSTER.individual_professional_uk.v1,'Composer details']/items[at0012,'Assessor team']/value","inputs":[{"type":"TEXT"}]}]},{"id":"start_time","name":"Start_time","rmType":"DV_DATE_TIME","min":0,"max":1,"aqlPath":"/context/start_time","inputs":[{"type":"DATETIME"}],"inContext":true},{"id":"setting","name":"Setting","rmType":"DV_CODED_TEXT","min":0,"max":1,"aqlPath":"/context/setting","inputs":[{"suffix":"code","type":"TEXT"},{"suffix":"value","type":"TEXT"}],"inContext":true}]},{"id":"key_contacts","name":"Key contacts","localizedName":"Key contacts","rmType":"ADMIN_ENTRY","nodeId":"openEHR-EHR-ADMIN_ENTRY.key_contacts.v1","min":0,"max":-1,"localizedNames":{"en":"Key contacts"},"localizedDescriptions":{"en":"Key contacts for the patient or client, including formal and informal carers, next of kin and key workers."},"aqlPath":"/content[openEHR-EHR-ADMIN_ENTRY.key_contacts.v1]","children":[{"id":"informal_carer","name":"Informal carer","localizedName":"Informal carer","rmType":"CLUSTER","nodeId":"at0018","min":0,"max":-1,"localizedNames":{"en":"Informal carer"},"localizedDescriptions":{"en":"An individual identified by the person as offering care and support , excluding paid carers or carers from voluntary agencies."},"aqlPath":"/content[openEHR-EHR-ADMIN_ENTRY.key_contacts.v1]/data[at0001]/items[at0018]","children":[{"id":"carer","name":"Carer","localizedName":"Carer","rmType":"CLUSTER","nodeId":"openEHR-EHR-CLUSTER.individual_personal_uk.v1","min":0,"max":1,"localizedNames":{"en":"Carer"},"localizedDescriptions":{"en":"Personal demographics including name(s) , addresse(s) and telecommunication contact details."},"annotations":{"view:pass_through":"true"},"aqlPath":"/content[openEHR-EHR-ADMIN_ENTRY.key_contacts.v1]/data[at0001]/items[at0018]/items[openEHR-EHR-CLUSTER.individual_personal_uk.v1,'Carer']","children":[{"id":"person_name","name":"Person name","localizedName":"Person name","rmType":"CLUSTER","nodeId":"openEHR-EHR-CLUSTER.person_name.v1","min":0,"max":1,"localizedNames":{"en":"Person name"},"localizedDescriptions":{"en":"Details of personal name of an individual, provider or third party."},"annotations":{"view:pass_through":"true"},"aqlPath":"/content[openEHR-EHR-ADMIN_ENTRY.key_contacts.v1]/data[at0001]/items[at0018]/items[openEHR-EHR-CLUSTER.individual_personal_uk.v1,'Carer']/items[openEHR-EHR-CLUSTER.person_name.v1]","children":[{"id":"carer_name","name":"Carer name","localizedName":"Carer name","rmType":"DV_TEXT","nodeId":"at0001","min":0,"max":1,"localizedNames":{"en":"Carer name"},"localizedDescriptions":{"en":"Name in free text unstructured format."},"aqlPath":"/content[openEHR-EHR-ADMIN_ENTRY.key_contacts.v1]/data[at0001]/items[at0018]/items[openEHR-EHR-CLUSTER.individual_personal_uk.v1,'Carer']/items[openEHR-EHR-CLUSTER.person_name.v1]/items[at0001,'Carer name']/value","inputs":[{"type":"TEXT"}]}]},{"id":"telecom_details_uk","name":"Telecom details (UK)","localizedName":"Telecom details (UK)","rmType":"CLUSTER","nodeId":"openEHR-EHR-CLUSTER.telecom_uk.v1","min":0,"max":-1,"localizedNames":{"en":"Telecom details (UK)"},"localizedDescriptions":{"en":"Personal or organisational telecommunication details, including telephone, fax, and email or other telecommunications details e.g skype address."},"annotations":{"view:pass_through":"true"},"aqlPath":"/content[openEHR-EHR-ADMIN_ENTRY.key_contacts.v1]/data[at0001]/items[at0018]/items[openEHR-EHR-CLUSTER.individual_personal_uk.v1,'Carer']/items[openEHR-EHR-CLUSTER.telecom_uk.v1]","children":[{"id":"carer_telephone","name":"Carer telephone","localizedName":"Carer telephone","rmType":"DV_TEXT","nodeId":"at0002","min":0,"max":1,"localizedNames":{"en":"Carer telephone"},"localizedDescriptions":{"en":"An unstructured description of telecoms."},"aqlPath":"/content[openEHR-EHR-ADMIN_ENTRY.key_contacts.v1]/data[at0001]/items[at0018]/items[openEHR-EHR-CLUSTER.individual_personal_uk.v1,'Carer']/items[openEHR-EHR-CLUSTER.telecom_uk.v1]/items[at0002,'Carer telephone']/value","inputs":[{"type":"TEXT"}]}]},{"id":"relationship_to_subject","name":"Relationship to subject","localizedName":"Relationship to subject","rmType":"DV_TEXT","nodeId":"at0008","min":0,"max":1,"localizedNames":{"en":"Relationship to subject"},"localizedDescriptions":{"en":"The relationship of this individual to the subject e.g. family member, informal carer."},"aqlPath":"/content[openEHR-EHR-ADMIN_ENTRY.key_contacts.v1]/data[at0001]/items[at0018]/items[openEHR-EHR-CLUSTER.individual_personal_uk.v1,'Carer']/items[at0008]/value","inputs":[{"type":"TEXT"}]}]}]},{"id":"gp","name":"GP","localizedName":"GP","rmType":"CLUSTER","nodeId":"at0014","min":0,"max":1,"localizedNames":{"en":"GP"},"localizedDescriptions":{"en":"A health and social care professional or staff member, including a carer from voluntary sector."},"aqlPath":"/content[openEHR-EHR-ADMIN_ENTRY.key_contacts.v1]/data[at0001]/items[at0014,'GP']","children":[{"id":"individual_professional_demographics_uk","name":"Individual professional demographics (UK)","localizedName":"Individual professional demographics (UK)","rmType":"CLUSTER","nodeId":"openEHR-EHR-CLUSTER.individual_professional.v1","min":0,"max":1,"localizedNames":{"en":"Individual professional demographics (UK)"},"localizedDescriptions":{"en":"Professional demographics details including name(s) , addresse(s) and telecommunication contact details."},"aqlPath":"/content[openEHR-EHR-ADMIN_ENTRY.key_contacts.v1]/data[at0001]/items[at0014,'GP']/items[openEHR-EHR-CLUSTER.individual_professional.v1]","children":[{"id":"person_name","name":"Person name","localizedName":"Person name","rmType":"CLUSTER","nodeId":"openEHR-EHR-CLUSTER.person_name.v1","min":0,"max":1,"localizedNames":{"en":"Person name"},"localizedDescriptions":{"en":"Details of personal name of an individual, provider or third party."},"annotations":{"view:pass_through":"true"},"aqlPath":"/content[openEHR-EHR-ADMIN_ENTRY.key_contacts.v1]/data[at0001]/items[at0014,'GP']/items[openEHR-EHR-CLUSTER.individual_professional.v1]/items[openEHR-EHR-CLUSTER.person_name.v1]","children":[{"id":"gp_name","name":"GP name","localizedName":"GP name","rmType":"DV_TEXT","nodeId":"at0001","min":0,"max":1,"localizedNames":{"en":"GP name"},"localizedDescriptions":{"en":"Name in free text unstructured format."},"aqlPath":"/content[openEHR-EHR-ADMIN_ENTRY.key_contacts.v1]/data[at0001]/items[at0014,'GP']/items[openEHR-EHR-CLUSTER.individual_professional.v1]/items[openEHR-EHR-CLUSTER.person_name.v1]/items[at0001,'GP name']/value","inputs":[{"type":"TEXT"}]}]},{"id":"email","name":"Email","localizedName":"Email","rmType":"CLUSTER","nodeId":"openEHR-EHR-CLUSTER.telecom_uk.v1","min":0,"max":1,"localizedNames":{"en":"Email"},"localizedDescriptions":{"en":"Personal or organisational telecommunication details, including telephone, fax, and email or other telecommunications details e.g skype address."},"annotations":{"view:pass_through":"true"},"aqlPath":"/content[openEHR-EHR-ADMIN_ENTRY.key_contacts.v1]/data[at0001]/items[at0014,'GP']/items[openEHR-EHR-CLUSTER.individual_professional.v1]/items[openEHR-EHR-CLUSTER.telecom_uk.v1,'Email']","children":[{"id":"gp_email","name":"GP email","localizedName":"GP email","rmType":"DV_TEXT","nodeId":"at0002","min":0,"max":1,"localizedNames":{"en":"GP email"},"localizedDescriptions":{"en":"An unstructured description of telecoms."},"aqlPath":"/content[openEHR-EHR-ADMIN_ENTRY.key_contacts.v1]/data[at0001]/items[at0014,'GP']/items[openEHR-EHR-CLUSTER.individual_professional.v1]/items[openEHR-EHR-CLUSTER.telecom_uk.v1,'Email']/items[at0002,'GP email']/value","inputs":[{"type":"TEXT"}]}]},{"id":"organisation","name":"Organisation","localizedName":"Organisation","rmType":"CLUSTER","nodeId":"openEHR-EHR-CLUSTER.organisation.v1","min":0,"max":-1,"localizedNames":{"en":"Organisation"},"localizedDescriptions":{"en":"Details of an organisation "},"aqlPath":"/content[openEHR-EHR-ADMIN_ENTRY.key_contacts.v1]/data[at0001]/items[at0014,'GP']/items[openEHR-EHR-CLUSTER.individual_professional.v1]/items[openEHR-EHR-CLUSTER.organisation.v1]","children":[{"id":"gp_practice_name","name":"GP Practice name","localizedName":"GP Practice name","rmType":"DV_TEXT","nodeId":"at0001","min":1,"max":1,"localizedNames":{"en":"GP Practice name"},"localizedDescriptions":{"en":"Name of the organisation"},"aqlPath":"/content[openEHR-EHR-ADMIN_ENTRY.key_contacts.v1]/data[at0001]/items[at0014,'GP']/items[openEHR-EHR-CLUSTER.individual_professional.v1]/items[openEHR-EHR-CLUSTER.organisation.v1]/items[at0001,'GP Practice name']/value","inputs":[{"type":"TEXT"}]},{"id":"organisation_telecom","name":"Organisation telecom","localizedName":"Organisation telecom","rmType":"CLUSTER","nodeId":"openEHR-EHR-CLUSTER.telecom_uk.v1","min":0,"max":1,"localizedNames":{"en":"Organisation telecom"},"localizedDescriptions":{"en":"Personal or organisational telecommunication details, including telephone, fax, and email or other telecommunications details e.g skype address."},"aqlPath":"/content[openEHR-EHR-ADMIN_ENTRY.key_contacts.v1]/data[at0001]/items[at0014,'GP']/items[openEHR-EHR-CLUSTER.individual_professional.v1]/items[openEHR-EHR-CLUSTER.organisation.v1]/items[openEHR-EHR-CLUSTER.telecom_uk.v1,'Organisation telecom']","children":[{"id":"gp_telephone","name":"GP telephone","localizedName":"GP telephone","rmType":"DV_TEXT","nodeId":"at0002","min":0,"max":1,"localizedNames":{"en":"GP telephone"},"localizedDescriptions":{"en":"An unstructured description of telecoms."},"aqlPath":"/content[openEHR-EHR-ADMIN_ENTRY.key_contacts.v1]/data[at0001]/items[at0014,'GP']/items[openEHR-EHR-CLUSTER.individual_professional.v1]/items[openEHR-EHR-CLUSTER.organisation.v1]/items[openEHR-EHR-CLUSTER.telecom_uk.v1,'Organisation telecom']/items[at0002,'GP telephone']/value","inputs":[{"type":"TEXT"}]}]}]}]},{"id":"professional_relationship_to_subject","name":"Professional relationship to subject","localizedName":"Professional relationship to subject","rmType":"DV_TEXT","nodeId":"at0030","min":0,"max":1,"localizedNames":{"en":"Professional relationship to subject"},"localizedDescriptions":{"en":"The professional role or responsibility of the carer with respect to the person which should help identify them as being an appropriate contact for an aspect of care, usually a professional role or care pathway name."},"aqlPath":"/content[openEHR-EHR-ADMIN_ENTRY.key_contacts.v1]/data[at0001]/items[at0014,'GP']/items[at0030]/value","inputs":[{"type":"TEXT","defaultValue":"GP"}]}]},{"id":"language","name":"Language","rmType":"CODE_PHRASE","min":0,"max":1,"aqlPath":"/content[openEHR-EHR-ADMIN_ENTRY.key_contacts.v1]/language","inContext":true},{"id":"encoding","name":"Encoding","rmType":"CODE_PHRASE","min":0,"max":1,"aqlPath":"/content[openEHR-EHR-ADMIN_ENTRY.key_contacts.v1]/encoding","inContext":true},{"id":"subject","name":"Subject","rmType":"PARTY_PROXY","min":0,"max":1,"aqlPath":"/content[openEHR-EHR-ADMIN_ENTRY.key_contacts.v1]/subject","inContext":true}]},{"id":"yhscn_-_diadem_assessment","name":"YHSCN - DiADeM assessment","localizedName":"YHSCN - DiADeM assessment","rmType":"OBSERVATION","nodeId":"openEHR-EHR-OBSERVATION.yhscn_diadem_assessment.v0","min":0,"max":1,"localizedNames":{"en":"YHSCN - DiADeM assessment"},"localizedDescriptions":{"en":"Additional clinical information used to complete DiADeM assessment."},"aqlPath":"/content[openEHR-EHR-OBSERVATION.yhscn_diadem_assessment.v0]","children":[{"id":"functional_impairment","name":"Functional impairment","localizedName":"Functional impairment","rmType":"DV_CODED_TEXT","nodeId":"at0004","min":0,"max":1,"localizedNames":{"en":"Functional impairment"},"localizedDescriptions":{"en":"The patient is no longer fully independent in relation to basic activities of daily living, washing, dressing, feeding and \nattending to own continence needs."},"annotations":{"comment":"The requirement of prompting or supervision of staff constitutes a loss of full independence."},"aqlPath":"/content[openEHR-EHR-OBSERVATION.yhscn_diadem_assessment.v0]/data[at0001]/events[at0002]/data[at0003]/items[at0004]/value","inputs":[{"suffix":"code","type":"CODED_TEXT","list":[{"value":"at0006","label":"True","localizedLabels":{"en":"True"},"localizedDescriptions":{"en":"The patient is no longer fully independent in relation to the basic activities of daily living."}},{"value":"at0005","label":"False","localizedLabels":{"en":"False"},"localizedDescriptions":{"en":"The patient is fully independent in relation to basic activities of daily living."}}]}]},{"id":"corroborating_history","name":"Corroborating history","localizedName":"Corroborating history","rmType":"DV_CODED_TEXT","nodeId":"at0007","min":0,"max":1,"localizedNames":{"en":"Corroborating history"},"localizedDescriptions":{"en":"History of gradual cognitive decline (typically for the last few years) is confirmed by care staff, relatives and medical records."},"annotations":{"comment":"Staff/relatives confirm that in their opinion the patient consistently demonstrates both functional and cognitive \nimpairment."},"aqlPath":"/content[openEHR-EHR-OBSERVATION.yhscn_diadem_assessment.v0]/data[at0001]/events[at0002]/data[at0003]/items[at0007]/value","inputs":[{"suffix":"code","type":"CODED_TEXT","list":[{"value":"at0011","label":"True","localizedLabels":{"en":"True"},"localizedDescriptions":{"en":"History of gradual cognitive decline is confirmed by staff, relatives and medical records."}},{"value":"at0010","label":"False","localizedLabels":{"en":"False"},"localizedDescriptions":{"en":"History of gradual cognitive decline is not confirmed by staff, relatives and medical records."}}]}]},{"id":"investigations","name":"Investigations","localizedName":"Investigations","rmType":"DV_CODED_TEXT","nodeId":"at0008","min":0,"max":1,"localizedNames":{"en":"Investigations"},"localizedDescriptions":{"en":"Dementia screening bloods are normal (where clinically appropriate and patient consents to bloods)."},"annotations":{"comment":"If patient lacks capacity to consent to bloods, a best interest decision must be made and documented accordingly.\n NB. If intracranial pathology (e.g. subdural haematoma, cerebral tumour) is suspected, referral for a brain scan may be appropriate. Otherwise where dementia is advanced, differential diagnosis is unlikely to affect patient management & a brain scan is unnecessary."},"aqlPath":"/content[openEHR-EHR-OBSERVATION.yhscn_diadem_assessment.v0]/data[at0001]/events[at0002]/data[at0003]/items[at0008]/value","inputs":[{"suffix":"code","type":"CODED_TEXT","list":[{"value":"at0012","label":"True","localizedLabels":{"en":"True"},"localizedDescriptions":{"en":"Blood tests screening for other causes are normal."}},{"value":"at0013","label":"False","localizedLabels":{"en":"False"},"localizedDescriptions":{"en":"Blood tests indicate other causes."}},{"value":"at0023","label":"Not done","localizedLabels":{"en":"Not done"},"localizedDescriptions":{"en":"Blood tests screening for other causes have not been done."}}]}]},{"id":"reason_why_bloods_not_done","name":"Reason why bloods not done","localizedName":"Reason why bloods not done","rmType":"DV_TEXT","nodeId":"at0024","min":0,"max":1,"localizedNames":{"en":"Reason why bloods not done"},"localizedDescriptions":{"en":"Narrative statement why screening blood tests have not been done, e.g. patient declined or clinically inappropriate."},"aqlPath":"/content[openEHR-EHR-OBSERVATION.yhscn_diadem_assessment.v0]/data[at0001]/events[at0002]/data[at0003]/items[at0024]/value","inputs":[{"type":"TEXT"}]},{"id":"exclusion_criteria","name":"Exclusion criteria","localizedName":"Exclusion criteria","rmType":"DV_CODED_TEXT","nodeId":"at0009","min":0,"max":1,"localizedNames":{"en":"Exclusion criteria"},"localizedDescriptions":{"en":"An acute underlying cause to explain confusion i.e. delirium (acute confusional state) has been excluded. Also confirmation whether mood disorder or psychosis is also confirmed or excluded."},"aqlPath":"/content[openEHR-EHR-OBSERVATION.yhscn_diadem_assessment.v0]/data[at0001]/events[at0002]/data[at0003]/items[at0009]/value","inputs":[{"suffix":"code","type":"CODED_TEXT","list":[{"value":"at0014","label":"True","localizedLabels":{"en":"True"},"localizedDescriptions":{"en":"Acute underlying causes to explain confusion have been excluded."}},{"value":"at0015","label":"False","localizedLabels":{"en":"False"},"localizedDescriptions":{"en":"There are acute underlying causes to explain confusion."}}]}]},{"id":"interpretation","name":"Interpretation","localizedName":"Interpretation","rmType":"DV_CODED_TEXT","nodeId":"at0022","min":0,"max":1,"localizedNames":{"en":"Interpretation"},"localizedDescriptions":{"en":"The overall interpretation of the assessment, i.e. a coded statement of whether the assessment indicates a likely diagnosis of dementia or not."},"aqlPath":"/content[openEHR-EHR-OBSERVATION.yhscn_diadem_assessment.v0]/data[at0001]/events[at0002]/data[at0003]/items[at0022]/value","inputs":[{"suffix":"code","type":"CODED_TEXT","list":[{"value":"at0029","label":"Diagnosis of dementia likely","localizedLabels":{"en":"Diagnosis of dementia likely"},"localizedDescriptions":{"en":"The assessment indicates that a diagnosis of dementia is likely."}},{"value":"at0030","label":"Diagnosis of dementia uncertain","localizedLabels":{"en":"Diagnosis of dementia uncertain"},"localizedDescriptions":{"en":"The assessment indicates that a diagnosis of dementia is uncertain and may require further assessment."}}]}]},{"id":"time","name":"Time","rmType":"DV_DATE_TIME","min":0,"max":1,"aqlPath":"/content[openEHR-EHR-OBSERVATION.yhscn_diadem_assessment.v0]/data[at0001]/events[at0002]/time","inputs":[{"type":"DATETIME"}],"inContext":true},{"id":"language","name":"Language","rmType":"CODE_PHRASE","min":0,"max":1,"aqlPath":"/content[openEHR-EHR-OBSERVATION.yhscn_diadem_assessment.v0]/language","inContext":true},{"id":"encoding","name":"Encoding","rmType":"CODE_PHRASE","min":0,"max":1,"aqlPath":"/content[openEHR-EHR-OBSERVATION.yhscn_diadem_assessment.v0]/encoding","inContext":true},{"id":"subject","name":"Subject","rmType":"PARTY_PROXY","min":0,"max":1,"aqlPath":"/content[openEHR-EHR-OBSERVATION.yhscn_diadem_assessment.v0]/subject","inContext":true}]},{"id":"a6_cit_assessment","name":"6 CIT Assessment","localizedName":"6 CIT Assessment","rmType":"OBSERVATION","nodeId":"openEHR-EHR-OBSERVATION.six_cit_assessment.v0","min":0,"max":1,"localizedNames":{"en":"6 CIT Assessment"},"localizedDescriptions":{"en":"The 6CIT Test used to test for Dementia."},"aqlPath":"/content[openEHR-EHR-OBSERVATION.six_cit_assessment.v0]","children":[{"id":"what_year","name":"What year?","localizedName":"What year?","rmType":"DV_ORDINAL","nodeId":"at0004","min":0,"max":1,"localizedNames":{"en":"What year?"},"localizedDescriptions":{"en":"Did the patient recall the year correctly?"},"annotations":{"comment":"Original form: '1. What year is it?'"},"aqlPath":"/content[openEHR-EHR-OBSERVATION.six_cit_assessment.v0]/data[at0001]/events[at0002]/data[at0003]/items[at0004]/value","inputs":[{"type":"CODED_TEXT","list":[{"value":"at0005","label":"Correct","localizedLabels":{"en":"Correct"},"localizedDescriptions":{"en":"Patient recalled the year correctly."},"ordinal":0},{"value":"at0006","label":"Incorrect","localizedLabels":{"en":"Incorrect"},"localizedDescriptions":{"en":"Patient did not recall the year correctly."},"ordinal":4}]}]},{"id":"what_month","name":"What month?","localizedName":"What month?","rmType":"DV_ORDINAL","nodeId":"at0007","min":0,"max":1,"localizedNames":{"en":"What month?"},"localizedDescriptions":{"en":"Did the patient recall the month correctly?"},"aqlPath":"/content[openEHR-EHR-OBSERVATION.six_cit_assessment.v0]/data[at0001]/events[at0002]/data[at0003]/items[at0007]/value","inputs":[{"type":"CODED_TEXT","list":[{"value":"at0008","label":"Correct","localizedLabels":{"en":"Correct"},"localizedDescriptions":{"en":"Patient recalled the month correctly."},"ordinal":0},{"value":"at0009","label":"Incorrect","localizedLabels":{"en":"Incorrect"},"localizedDescriptions":{"en":"Patient did not recall the month correctly."},"ordinal":3}]}]},{"id":"about_what_time","name":"About what time?","localizedName":"About what time?","rmType":"DV_ORDINAL","nodeId":"at0010","min":0,"max":1,"localizedNames":{"en":"About what time?"},"localizedDescriptions":{"en":"Did the patient recall the time correctly (within 1 hour)?"},"aqlPath":"/content[openEHR-EHR-OBSERVATION.six_cit_assessment.v0]/data[at0001]/events[at0002]/data[at0003]/items[at0010]/value","inputs":[{"type":"CODED_TEXT","list":[{"value":"at0011","label":"Correct","localizedLabels":{"en":"Correct"},"localizedDescriptions":{"en":"Patient recalled the time correctly."},"ordinal":0},{"value":"at0012","label":"Incorrect","localizedLabels":{"en":"Incorrect"},"localizedDescriptions":{"en":"Patient did not recall the time correctly."},"ordinal":3}]}]},{"id":"count_backwards","name":"Count backwards","localizedName":"Count backwards","rmType":"DV_ORDINAL","nodeId":"at0013","min":0,"max":1,"localizedNames":{"en":"Count backwards"},"localizedDescriptions":{"en":"Was the patient able to count backwards from 20 to 1 correctly?"},"aqlPath":"/content[openEHR-EHR-OBSERVATION.six_cit_assessment.v0]/data[at0001]/events[at0002]/data[at0003]/items[at0013]/value","inputs":[{"type":"CODED_TEXT","list":[{"value":"at0014","label":"No errors","localizedLabels":{"en":"No errors"},"localizedDescriptions":{"en":"Patient was able to count backwards from 20 to 1 with no errors."},"ordinal":0},{"value":"at0015","label":"1 error","localizedLabels":{"en":"1 error"},"localizedDescriptions":{"en":"Patient made 1 error when counting backwards from 20 to 1."},"ordinal":2},{"value":"at0016","label":"More than 1 error","localizedLabels":{"en":"More than 1 error"},"localizedDescriptions":{"en":"Patient made more than 1 error when counting backwards from 20 to 1."},"ordinal":4}]}]},{"id":"months_in_reverse","name":"Months in reverse","localizedName":"Months in reverse","rmType":"DV_ORDINAL","nodeId":"at0017","min":0,"max":1,"localizedNames":{"en":"Months in reverse"},"localizedDescriptions":{"en":"Was the patient able to say the months of the year in reverse correctly?"},"aqlPath":"/content[openEHR-EHR-OBSERVATION.six_cit_assessment.v0]/data[at0001]/events[at0002]/data[at0003]/items[at0017]/value","inputs":[{"type":"CODED_TEXT","list":[{"value":"at0018","label":"No error","localizedLabels":{"en":"No error"},"localizedDescriptions":{"en":"Patient was able to say the months of the year in reverse with no error."},"ordinal":0},{"value":"at0019","label":"1 error","localizedLabels":{"en":"1 error"},"localizedDescriptions":{"en":"Patient made 1 error when saying the months of the year in reverse."},"ordinal":2},{"value":"at0020","label":"More than 1 error","localizedLabels":{"en":"More than 1 error"},"localizedDescriptions":{"en":"Patient made more than 1 error when saying the months of the year in reverse."},"ordinal":4}]}]},{"id":"repeat_address_phrase","name":"Repeat address phrase","localizedName":"Repeat address phrase","rmType":"DV_ORDINAL","nodeId":"at0021","min":0,"max":1,"localizedNames":{"en":"Repeat address phrase"},"localizedDescriptions":{"en":"Was the patient able to correctly recall the 5-part address phrase given to them earlier?"},"aqlPath":"/content[openEHR-EHR-OBSERVATION.six_cit_assessment.v0]/data[at0001]/events[at0002]/data[at0003]/items[at0021]/value","inputs":[{"type":"CODED_TEXT","list":[{"value":"at0022","label":"No errors","localizedLabels":{"en":"No errors"},"localizedDescriptions":{"en":"Pstient was able to recall the 5-part address phrase given to them earlier with no error."},"ordinal":0},{"value":"at0023","label":"1 error","localizedLabels":{"en":"1 error"},"localizedDescriptions":{"en":"Patient made 1 error when recalling the 5-part address phrase given to them earlier."},"ordinal":2},{"value":"at0024","label":"2 errors","localizedLabels":{"en":"2 errors"},"localizedDescriptions":{"en":"Patient made 2 errors when recalling the 5-part address phrase given to them earlier."},"ordinal":4},{"value":"at0025","label":"3 errors","localizedLabels":{"en":"3 errors"},"localizedDescriptions":{"en":"Patient made 3 errors when recalling the 5-part address phrase given to them earlier."},"ordinal":6},{"value":"at0026","label":"4 errors","localizedLabels":{"en":"4 errors"},"localizedDescriptions":{"en":"Patient made 4 errors when recalling the 5-part address phrase given to them earlier."},"ordinal":8},{"value":"at0027","label":"5 errors","localizedLabels":{"en":"5 errors"},"localizedDescriptions":{"en":"Patient made 5 errors when recalling the 5-part address phrase given to them earlier."},"ordinal":10}]}]},{"id":"total_score","name":"Total score","localizedName":"Total score","rmType":"DV_COUNT","nodeId":"at0028","min":0,"max":1,"localizedNames":{"en":"Total score"},"localizedDescriptions":{"en":"Total score from 6 questions."},"aqlPath":"/content[openEHR-EHR-OBSERVATION.six_cit_assessment.v0]/data[at0001]/events[at0002]/data[at0003]/items[at0028]/value","inputs":[{"type":"INTEGER","validation":{"range":{"minOp":">=","min":0,"maxOp":"<=","max":28}}}]},{"id":"time","name":"Time","rmType":"DV_DATE_TIME","min":0,"max":1,"aqlPath":"/content[openEHR-EHR-OBSERVATION.six_cit_assessment.v0]/data[at0001]/events[at0002]/time","inputs":[{"type":"DATETIME"}],"inContext":true},{"id":"language","name":"Language","rmType":"CODE_PHRASE","min":0,"max":1,"aqlPath":"/content[openEHR-EHR-OBSERVATION.six_cit_assessment.v0]/language","inContext":true},{"id":"encoding","name":"Encoding","rmType":"CODE_PHRASE","min":0,"max":1,"aqlPath":"/content[openEHR-EHR-OBSERVATION.six_cit_assessment.v0]/encoding","inContext":true},{"id":"subject","name":"Subject","rmType":"PARTY_PROXY","min":0,"max":1,"aqlPath":"/content[openEHR-EHR-OBSERVATION.six_cit_assessment.v0]/subject","inContext":true}]},{"id":"gpcog_screening_test","name":"GPCOG screening test","localizedName":"GPCOG screening test","rmType":"OBSERVATION","nodeId":"openEHR-EHR-OBSERVATION.gpcog_screening_test.v0","min":0,"max":1,"localizedNames":{"en":"GPCOG screening test"},"localizedDescriptions":{"en":"The General Practitioner Assessment of Cognition (GPCOG) screening test."},"aqlPath":"/content[openEHR-EHR-OBSERVATION.gpcog_screening_test.v0]","children":[{"id":"step_1_patient_examination","name":"Step 1: patient examination","localizedName":"Step 1: patient examination","rmType":"CLUSTER","nodeId":"at0038","min":0,"max":1,"localizedNames":{"en":"Step 1: patient examination"},"localizedDescriptions":{"en":"Step 1 of the GPCOG screening test, relating to the patient examination."},"aqlPath":"/content[openEHR-EHR-OBSERVATION.gpcog_screening_test.v0]/data[at0001]/events[at0002]/data[at0003]/items[at0038]","children":[{"id":"time_orientation","name":"Time orientation","localizedName":"Time orientation","rmType":"DV_ORDINAL","nodeId":"at0008","min":0,"max":1,"localizedNames":{"en":"Time orientation"},"localizedDescriptions":{"en":"Statement whether the patient gives a correct or incorrect answer when asked to give the exact date today."},"aqlPath":"/content[openEHR-EHR-OBSERVATION.gpcog_screening_test.v0]/data[at0001]/events[at0002]/data[at0003]/items[at0038]/items[at0008]/value","inputs":[{"type":"CODED_TEXT","list":[{"value":"at0009","label":"Incorrect","localizedLabels":{"en":"Incorrect"},"localizedDescriptions":{"en":"The patient gives an incorrect answer."},"ordinal":0},{"value":"at0010","label":"Correct","localizedLabels":{"en":"Correct"},"localizedDescriptions":{"en":"The patient gives the correct answer."},"ordinal":1}]}]},{"id":"clock_drawing_-_specific_time","name":"Clock drawing - specific time","localizedName":"Clock drawing - specific time","rmType":"DV_ORDINAL","nodeId":"at0014","min":0,"max":1,"localizedNames":{"en":"Clock drawing - specific time"},"localizedDescriptions":{"en":"Statement whether the patient correctly marks in hands a specified time (i.e. 10 minutes past 11 o'clock) on a clock face."},"aqlPath":"/content[openEHR-EHR-OBSERVATION.gpcog_screening_test.v0]/data[at0001]/events[at0002]/data[at0003]/items[at0038]/items[at0014]/value","inputs":[{"type":"CODED_TEXT","list":[{"value":"at0015","label":"Incorrect","localizedLabels":{"en":"Incorrect"},"localizedDescriptions":{"en":"The patient does not correctly mark in hands a specified time (11.10) on a clock face."},"ordinal":0},{"value":"at0016","label":"Correct","localizedLabels":{"en":"Correct"},"localizedDescriptions":{"en":"The patient correctly marks in hands a specified time (11.10) on a clock face."},"ordinal":1}]}]},{"id":"clock_drawing_-_all_numbers","name":"Clock drawing - all numbers","localizedName":"Clock drawing - all numbers","rmType":"DV_ORDINAL","nodeId":"at0011","min":0,"max":1,"localizedNames":{"en":"Clock drawing - all numbers"},"localizedDescriptions":{"en":"Statement whether or not the patient marks all the correct numbers to indicate the hours of the clock with the correct spacing."},"aqlPath":"/content[openEHR-EHR-OBSERVATION.gpcog_screening_test.v0]/data[at0001]/events[at0002]/data[at0003]/items[at0038]/items[at0011]/value","inputs":[{"type":"CODED_TEXT","list":[{"value":"at0012","label":"Incorrect","localizedLabels":{"en":"Incorrect"},"localizedDescriptions":{"en":"The patient does not mark all the correct numbers to indicate the hours of the clock with the correct spacing."},"ordinal":0},{"value":"at0013","label":"Correct","localizedLabels":{"en":"Correct"},"localizedDescriptions":{"en":"The patient marks all the correct number to indicate the hours of the clock with the correct spacing."},"ordinal":1}]}]},{"id":"information","name":"Information","localizedName":"Information","rmType":"DV_ORDINAL","nodeId":"at0017","min":0,"max":1,"localizedNames":{"en":"Information"},"localizedDescriptions":{"en":"Statement whether the patient gives a correct and specific answer when asked to say something that happened in the news recently. Recently = in the last week. If a general answer is given, e.g. \"lot of rain\", \"war\", further details should be asked for."},"aqlPath":"/content[openEHR-EHR-OBSERVATION.gpcog_screening_test.v0]/data[at0001]/events[at0002]/data[at0003]/items[at0038]/items[at0017]/value","inputs":[{"type":"CODED_TEXT","list":[{"value":"at0018","label":"Incorrect","localizedLabels":{"en":"Incorrect"},"localizedDescriptions":{"en":"Patient does not give specific and correct answer when asked to say something that happened in the news recently."},"ordinal":0},{"value":"at0019","label":"Correct","localizedLabels":{"en":"Correct"},"localizedDescriptions":{"en":"Patient gives specific and correct answer when asked to say something that happened in the news recently."},"ordinal":1}]}]},{"id":"recall_first_name","name":"Recall first name","localizedName":"Recall first name","rmType":"DV_ORDINAL","nodeId":"at0020","min":0,"max":1,"localizedNames":{"en":"Recall first name"},"localizedDescriptions":{"en":"Statement whether patient correctly recalls first name of name and address phrase given at the start of the test."},"aqlPath":"/content[openEHR-EHR-OBSERVATION.gpcog_screening_test.v0]/data[at0001]/events[at0002]/data[at0003]/items[at0038]/items[at0020]/value","inputs":[{"type":"CODED_TEXT","list":[{"value":"at0021","label":"Incorrect","localizedLabels":{"en":"Incorrect"},"localizedDescriptions":{"en":"Patient does not correctly recall first name of name and address phrase given at the start of the test."},"ordinal":0},{"value":"at0022","label":"Correct","localizedLabels":{"en":"Correct"},"localizedDescriptions":{"en":"Patient correctly recalls first name of name and address phrase given at the start of the test."},"ordinal":1}]}]},{"id":"recall_surname","name":"Recall surname","localizedName":"Recall surname","rmType":"DV_ORDINAL","nodeId":"at0023","min":0,"max":1,"localizedNames":{"en":"Recall surname"},"localizedDescriptions":{"en":"Statement whether patient correctly recalls surname of name and address phrase given at the start of the test."},"aqlPath":"/content[openEHR-EHR-OBSERVATION.gpcog_screening_test.v0]/data[at0001]/events[at0002]/data[at0003]/items[at0038]/items[at0023]/value","inputs":[{"type":"CODED_TEXT","list":[{"value":"at0024","label":"Incorrect","localizedLabels":{"en":"Incorrect"},"localizedDescriptions":{"en":"Patient does not correctly recall surname of name and address phrase given at the start of the test."},"ordinal":0},{"value":"at0025","label":"Correct","localizedLabels":{"en":"Correct"},"localizedDescriptions":{"en":"Patient correctly recalls surname of name and address phrase given at the start of the test."},"ordinal":1}]}]},{"id":"recall_house_number","name":"Recall house number","localizedName":"Recall house number","rmType":"DV_ORDINAL","nodeId":"at0027","min":0,"max":1,"localizedNames":{"en":"Recall house number"},"localizedDescriptions":{"en":"Statement whether patient correctly recalls house number of name and address phrase given at the start of the test."},"aqlPath":"/content[openEHR-EHR-OBSERVATION.gpcog_screening_test.v0]/data[at0001]/events[at0002]/data[at0003]/items[at0038]/items[at0027]/value","inputs":[{"type":"CODED_TEXT","list":[{"value":"at0028","label":"Incorrect","localizedLabels":{"en":"Incorrect"},"localizedDescriptions":{"en":"Patient does not correctly recall house number of name and address phrase given at the start of the test."},"ordinal":0},{"value":"at0029","label":"Correct","localizedLabels":{"en":"Correct"},"localizedDescriptions":{"en":"Patient correctly recalls house number of name and address phrase given at the start of the test."},"ordinal":1}]}]},{"id":"recall_street_name","name":"Recall street name","localizedName":"Recall street name","rmType":"DV_ORDINAL","nodeId":"at0030","min":0,"max":1,"localizedNames":{"en":"Recall street name"},"localizedDescriptions":{"en":"Statement whether patient correctly recalls street name of name and address phrase given at the start of the test."},"aqlPath":"/content[openEHR-EHR-OBSERVATION.gpcog_screening_test.v0]/data[at0001]/events[at0002]/data[at0003]/items[at0038]/items[at0030]/value","inputs":[{"type":"CODED_TEXT","list":[{"value":"at0031","label":"Incorrect","localizedLabels":{"en":"Incorrect"},"localizedDescriptions":{"en":"Patient does not correctly recall street name of name and address phrase given at the start of the test."},"ordinal":0},{"value":"at0032","label":"Correct","localizedLabels":{"en":"Correct"},"localizedDescriptions":{"en":"Patient correctly recalls street name of name and address phrase given at the start of the test."},"ordinal":1}]}]},{"id":"recall_locality_or_town","name":"Recall locality or town","localizedName":"Recall locality or town","rmType":"DV_ORDINAL","nodeId":"at0033","min":0,"max":1,"localizedNames":{"en":"Recall locality or town"},"localizedDescriptions":{"en":"Statement whether patient correctly recalls locality or town of name and address phrase given at the start of the test."},"aqlPath":"/content[openEHR-EHR-OBSERVATION.gpcog_screening_test.v0]/data[at0001]/events[at0002]/data[at0003]/items[at0038]/items[at0033]/value","inputs":[{"type":"CODED_TEXT","list":[{"value":"at0034","label":"Incorrect","localizedLabels":{"en":"Incorrect"},"localizedDescriptions":{"en":"Patient does not correctly recall locality or town of name and address phrase given at the start of the test."},"ordinal":0},{"value":"at0035","label":"Correct","localizedLabels":{"en":"Correct"},"localizedDescriptions":{"en":"Patient correctly recalls locality or town of name and address phrase given at the start of the test."},"ordinal":1}]}]},{"id":"total_score","name":"Total score","localizedName":"Total score","rmType":"DV_COUNT","nodeId":"at0036","min":0,"max":1,"localizedNames":{"en":"Total score"},"localizedDescriptions":{"en":"The total score from all nine individual scores. If patient scores 9, no significant cognitive impairment and further testing not necessary. If patient scores 5-8, more information required. Proceed with Step 2, informant section. If patient scores 5-8, more information required. Proceed with Step 2, informant section."},"aqlPath":"/content[openEHR-EHR-OBSERVATION.gpcog_screening_test.v0]/data[at0001]/events[at0002]/data[at0003]/items[at0038]/items[at0036]/value","inputs":[{"type":"INTEGER","validation":{"range":{"minOp":">=","min":0,"maxOp":"<=","max":9}}}]}]},{"id":"step_2_informant_interview","name":"Step 2: informant interview","localizedName":"Step 2: informant interview","rmType":"CLUSTER","nodeId":"at0039","min":0,"max":1,"localizedNames":{"en":"Step 2: informant interview"},"localizedDescriptions":{"en":"Step 2 of the GPCOG screening test, relating to the informant interview. This section is required if the total score from Step 1 is between 5 and 8."},"aqlPath":"/content[openEHR-EHR-OBSERVATION.gpcog_screening_test.v0]/data[at0001]/events[at0002]/data[at0003]/items[at0039]","children":[{"id":"trouble_remembering","name":"Trouble remembering","localizedName":"Trouble remembering","rmType":"DV_CODED_TEXT","nodeId":"at0037","min":0,"max":1,"localizedNames":{"en":"Trouble remembering"},"localizedDescriptions":{"en":"Statement whether, compared to a few years ago, the patient has more trouble remembering things that have happened recently than he/she used to."},"aqlPath":"/content[openEHR-EHR-OBSERVATION.gpcog_screening_test.v0]/data[at0001]/events[at0002]/data[at0003]/items[at0039]/items[at0037]/value","inputs":[{"suffix":"code","type":"CODED_TEXT","list":[{"value":"at0040","label":"Yes","localizedLabels":{"en":"Yes"},"localizedDescriptions":{"en":"The patient has more trouble remembering things that have happened recently than he/she used to."}},{"value":"at0041","label":"No","localizedLabels":{"en":"No"},"localizedDescriptions":{"en":"The patient does not have more trouble remembering things that have recently happened than he/she used to."}},{"value":"at0042","label":"Don't know","localizedLabels":{"en":"Don't know"},"localizedDescriptions":{"en":"The informant doesn't know whether the patient has more trouble remembering thigns tha thave happened recently than he/she used to."}}]}]},{"id":"trouble_recalling_conversations","name":"Trouble recalling conversations","localizedName":"Trouble recalling conversations","rmType":"DV_CODED_TEXT","nodeId":"at0043","min":0,"max":1,"localizedNames":{"en":"Trouble recalling conversations"},"localizedDescriptions":{"en":"Statement whether, compared to a few years ago, the patient has more trouble recalling conversations a few days later."},"aqlPath":"/content[openEHR-EHR-OBSERVATION.gpcog_screening_test.v0]/data[at0001]/events[at0002]/data[at0003]/items[at0039]/items[at0043]/value","inputs":[{"suffix":"code","type":"CODED_TEXT","list":[{"value":"at0044","label":"Yes","localizedLabels":{"en":"Yes"},"localizedDescriptions":{"en":"The patient has trouble recalling conversations a few days later."}},{"value":"at0045","label":"No","localizedLabels":{"en":"No"},"localizedDescriptions":{"en":"The patient does not have trouble recalling conversations a few days later."}},{"value":"at0046","label":"Don't know","localizedLabels":{"en":"Don't know"},"localizedDescriptions":{"en":"The informant doesn't know whether the patient has trouble recalling conversations a few days later."}}]}]},{"id":"difficulty_finding_right_words_or_using_wrong_words","name":"Difficulty finding right words or using wrong words","localizedName":"Difficulty finding right words or using wrong words","rmType":"DV_CODED_TEXT","nodeId":"at0047","min":0,"max":1,"localizedNames":{"en":"Difficulty finding right words or using wrong words"},"localizedDescriptions":{"en":"Statement whether, compared to a few years ago, the patient, when speaking, has more difficulty in finding the right words or tends to use the wrong words more often."},"aqlPath":"/content[openEHR-EHR-OBSERVATION.gpcog_screening_test.v0]/data[at0001]/events[at0002]/data[at0003]/items[at0039]/items[at0047]/value","inputs":[{"suffix":"code","type":"CODED_TEXT","list":[{"value":"at0048","label":"Yes","localizedLabels":{"en":"Yes"},"localizedDescriptions":{"en":"When speaking, the patient has difficulty in finding the right words or tends to use the wrong words more often."}},{"value":"at0049","label":"No","localizedLabels":{"en":"No"},"localizedDescriptions":{"en":"When speaking, the patient does not have difficulty in finding the right words and does not tend to use the wrong words more often."}},{"value":"at0050","label":"Don't know","localizedLabels":{"en":"Don't know"},"localizedDescriptions":{"en":"The informant doesn't know whether the patient, when speaking, has more difficulty in finding the right words or tends to use the wrong words more often."}}]}]},{"id":"less_able_to_manage_money","name":"Less able to manage money","localizedName":"Less able to manage money","rmType":"DV_CODED_TEXT","nodeId":"at0051","min":0,"max":1,"localizedNames":{"en":"Less able to manage money"},"localizedDescriptions":{"en":"Statement whether, compared to a few years ago, the patient is less able to manage money and financial affairs (e.g. paying bills, budgeting)."},"aqlPath":"/content[openEHR-EHR-OBSERVATION.gpcog_screening_test.v0]/data[at0001]/events[at0002]/data[at0003]/items[at0039]/items[at0051]/value","inputs":[{"suffix":"code","type":"CODED_TEXT","list":[{"value":"at0052","label":"Yes","localizedLabels":{"en":"Yes"},"localizedDescriptions":{"en":"The patient is less able to manage money and financial affairs."}},{"value":"at0053","label":"No","localizedLabels":{"en":"No"},"localizedDescriptions":{"en":"The patient is not less able to manage money and financial affairs."}},{"value":"at0054","label":"Don't know","localizedLabels":{"en":"Don't know"},"localizedDescriptions":{"en":"The informant doesn't know whether the patient is less able to manage money and financial affairs."}},{"value":"at0055","label":"Not applicable","localizedLabels":{"en":"Not applicable"},"localizedDescriptions":{"en":"The question of whether the patient is less able to manage money or financial affairs is not applicable to this patient."}}]}]},{"id":"less_able_to_manage_medication","name":"Less able to manage medication","localizedName":"Less able to manage medication","rmType":"DV_CODED_TEXT","nodeId":"at0056","min":0,"max":1,"localizedNames":{"en":"Less able to manage medication"},"localizedDescriptions":{"en":"Statement whether, compared to a few years ago, the patient is less able to manage his/her medication independently."},"aqlPath":"/content[openEHR-EHR-OBSERVATION.gpcog_screening_test.v0]/data[at0001]/events[at0002]/data[at0003]/items[at0039]/items[at0056]/value","inputs":[{"suffix":"code","type":"CODED_TEXT","list":[{"value":"at0057","label":"Yes","localizedLabels":{"en":"Yes"},"localizedDescriptions":{"en":"The patient is less able to manage his/her medication independently."}},{"value":"at0058","label":"No","localizedLabels":{"en":"No"},"localizedDescriptions":{"en":"The patient is not less able to manage his/her medication independently."}},{"value":"at0059","label":"Don't know","localizedLabels":{"en":"Don't know"},"localizedDescriptions":{"en":"The informant doesn't know whether the patient is less able to manage his/her medication independently."}},{"value":"at0060","label":"Not applicable","localizedLabels":{"en":"Not applicable"},"localizedDescriptions":{"en":"The question whether the patient is less able to manage his/her medication independently is not relevant to this patient."}}]}]},{"id":"needs_more_assistance_with_transport","name":"Needs more assistance with transport","localizedName":"Needs more assistance with transport","rmType":"DV_CODED_TEXT","nodeId":"at0061","min":0,"max":1,"localizedNames":{"en":"Needs more assistance with transport"},"localizedDescriptions":{"en":"Statement whether, compared to a few years ago, the patient needs more assistance with transport (either private or public). If patient has difficulties only due to physical problems, e.g. bad leg, 'No' should be selected."},"aqlPath":"/content[openEHR-EHR-OBSERVATION.gpcog_screening_test.v0]/data[at0001]/events[at0002]/data[at0003]/items[at0039]/items[at0061]/value","inputs":[{"suffix":"code","type":"CODED_TEXT","list":[{"value":"at0062","label":"Yes","localizedLabels":{"en":"Yes"},"localizedDescriptions":{"en":"The patient needs more assistance with transport."}},{"value":"at0063","label":"No","localizedLabels":{"en":"No"},"localizedDescriptions":{"en":"The patient does not need more assistance with transport."}},{"value":"at0064","label":"Don't know","localizedLabels":{"en":"Don't know"},"localizedDescriptions":{"en":"The informant doesn't know whether the patient needs more assistance with transport."}},{"value":"at0065","label":"Not applicable","localizedLabels":{"en":"Not applicable"},"localizedDescriptions":{"en":"The question whether the patient needs more assistance with transport is not applicable to this patient."}}]}]},{"id":"total_score","name":"Total score","localizedName":"Total score","rmType":"DV_COUNT","nodeId":"at0066","min":0,"max":1,"localizedNames":{"en":"Total score"},"localizedDescriptions":{"en":"To get the total score, add the number of items answered 'No', 'Don't know' or 'Not applicable'. A total score of 0-3 indicates cognitive impairment, and standard investigations should be conducted."},"aqlPath":"/content[openEHR-EHR-OBSERVATION.gpcog_screening_test.v0]/data[at0001]/events[at0002]/data[at0003]/items[at0039]/items[at0066]/value","inputs":[{"type":"INTEGER","validation":{"range":{"minOp":">=","min":0,"maxOp":"<=","max":6}}}]}]},{"id":"time","name":"Time","rmType":"DV_DATE_TIME","min":0,"max":1,"aqlPath":"/content[openEHR-EHR-OBSERVATION.gpcog_screening_test.v0]/data[at0001]/events[at0002]/time","inputs":[{"type":"DATETIME"}],"inContext":true},{"id":"language","name":"Language","rmType":"CODE_PHRASE","min":0,"max":1,"aqlPath":"/content[openEHR-EHR-OBSERVATION.gpcog_screening_test.v0]/language","inContext":true},{"id":"encoding","name":"Encoding","rmType":"CODE_PHRASE","min":0,"max":1,"aqlPath":"/content[openEHR-EHR-OBSERVATION.gpcog_screening_test.v0]/encoding","inContext":true},{"id":"subject","name":"Subject","rmType":"PARTY_PROXY","min":0,"max":1,"aqlPath":"/content[openEHR-EHR-OBSERVATION.gpcog_screening_test.v0]/subject","inContext":true}]},{"id":"composer","name":"Composer","rmType":"PARTY_PROXY","min":0,"max":1,"aqlPath":"/composer","inContext":true}]}}}