{"ctx/language":"en","ctx/territory":"US","ctx/composer_name":"Silvia Blake","ctx/time":"2016-08-02T20:18:04.667Z","ctx/id_namespace":"HOSPITAL-NS","ctx/id_scheme":"HOSPITAL-NS","ctx/participation_name":"Dr. Marcus Johnson","ctx/participation_function":"requester","ctx/participation_mode":"face-to-face communication","ctx/participation_id":"199","ctx/participation_name:1":"Lara Markham","ctx/participation_function:1":"performer","ctx/participation_id:1":"198","ctx/health_care_facility|name":"Hospital","ctx/health_care_facility|id":"9091","gp_encounter_event/context/gp_contact_event_context:0/encounter_identifier":"Ident. 11","gp_encounter_event/openhr_heading:0/allergies/adverse_reaction:0/causative_agent":"Causative agent 13","gp_encounter_event/openhr_heading:0/allergies/adverse_reaction:0/reaction_details/date_recorded":"2016-08-02T20:18:04.668Z","gp_encounter_event/openhr_heading:0/allergies/adverse_reaction:0/reaction_details/comment":"Comment 65","gp_encounter_event/openhr_heading:0/allergies/contraindication:0/contraindication":"Contraindication 60","gp_encounter_event/openhr_heading:0/allergies/contraindication:0/evidence_rationale":"Evidence/Rationale 45","gp_encounter_event/openhr_heading:0/allergies/contraindication:0/date_last_updated":"2016-08-02T20:18:04.668Z","gp_encounter_event/openhr_heading:0/allergies/exclusion_of_an_adverse_reaction:0/exclusion_statement:0":"Exclusion Statement 34","gp_encounter_event/openhr_heading:0/allergies/exclusion_of_an_adverse_reaction:0/comment":"Comment 36","gp_encounter_event/openhr_heading:0/allergies/exclusion_of_an_adverse_reaction:0/date_last_updated":"2016-08-02T20:18:04.668Z","gp_encounter_event/openhr_heading:0/immunisations/immunisation_procedure:0/ism_transition/current_state|code":"524","gp_encounter_event/openhr_heading:0/immunisations/immunisation_procedure:0/ism_transition/current_state|value":"initial","gp_encounter_event/openhr_heading:0/immunisations/immunisation_procedure:0/immunisation_name":"Immunisation name 7","gp_encounter_event/openhr_heading:0/immunisations/immunisation_procedure:0/comment":"Comment 31","gp_encounter_event/openhr_heading:0/immunisations/immunisation_procedure:0/time":"2016-08-02T20:18:04.668Z","gp_encounter_event/openhr_heading:0/diagnoses/problem_diagnosis:0/problem_diagnosis":"Problem/Diagnosis 35","gp_encounter_event/openhr_heading:0/diagnoses/problem_diagnosis:0/description":"Description 81","gp_encounter_event/openhr_heading:0/diagnoses/problem_diagnosis:0/severity|code":"N.18","gp_encounter_event/openhr_heading:0/diagnoses/problem_diagnosis:0/date_of_onset":"2016-08-02T20:18:04.669Z","gp_encounter_event/openhr_heading:0/diagnoses/problem_diagnosis:0/problem_context_qualifiers:0/impact|code":"at0037","gp_encounter_event/openhr_heading:0/diagnoses/problem_diagnosis:0/problem_context_qualifiers:0/active_status|code":"at0027","gp_encounter_event/openhr_heading:0/diagnoses/problem_diagnosis:0/problem_context_qualifiers:0/active_status_comment":"Active status comment 42","gp_encounter_event/openhr_heading:0/diagnoses/problem_diagnosis:0/problem_context_qualifiers:0/temporal_context|code":"at0061","gp_encounter_event/openhr_heading:0/diagnoses/problem_diagnosis:0/problem_context_qualifiers:0/episodicity|code":"at0033","gp_encounter_event/openhr_heading:0/diagnoses/problem_diagnosis:0/problem_context_qualifiers:0/episodic_care_status|code":"at0066","gp_encounter_event/openhr_heading:0/diagnoses/exclusion_of_a_problem_diagnosis:0/exclusion_statement:0":"Exclusion Statement 91","gp_encounter_event/openhr_heading:0/diagnoses/exclusion_of_a_problem_diagnosis:0/comment":"Comment 52","gp_encounter_event/openhr_heading:0/diagnoses/exclusion_of_a_problem_diagnosis:0/date_last_updated":"2016-08-02T20:18:04.669Z","gp_encounter_event/openhr_heading:0/procedures/procedure_undertaken:0/ism_transition/current_state|code":"524","gp_encounter_event/openhr_heading:0/procedures/procedure_undertaken:0/ism_transition/current_state|value":"initial","gp_encounter_event/openhr_heading:0/procedures/procedure_undertaken:0/procedure":"Procedure 85","gp_encounter_event/openhr_heading:0/procedures/procedure_undertaken:0/comments":"Comments 61","gp_encounter_event/openhr_heading:0/procedures/procedure_undertaken:0/time":"2016-08-02T20:18:04.669Z","gp_encounter_event/openhr_heading:0/procedures/exclusion_of_a_procedure:0/exclusion_statement:0":"Exclusion Statement 10","gp_encounter_event/openhr_heading:0/procedures/exclusion_of_a_procedure:0/comment":"Comment 85","gp_encounter_event/openhr_heading:0/procedures/exclusion_of_a_procedure:0/date_last_updated":"2016-08-02T20:18:04.669Z","gp_encounter_event/openhr_heading:0/medications/openhr_medication_events:0/openhr_medication/medication_order/_uid":"d2103a95-eb87-4644-b1f3-1ed72aaf3ff7","gp_encounter_event/openhr_heading:0/medications/openhr_medication_events:0/openhr_medication/medication_order/_other_participation:0|function":"performer","gp_encounter_event/openhr_heading:0/medications/openhr_medication_events:0/openhr_medication/medication_order/_other_participation:0|mode":"not specified","gp_encounter_event/openhr_heading:0/medications/openhr_medication_events:0/openhr_medication/medication_order/_other_participation:0|name":"Nurse Bailey","gp_encounter_event/openhr_heading:0/medications/openhr_medication_events:0/openhr_medication/medication_order/_other_participation:1|function":"requester","gp_encounter_event/openhr_heading:0/medications/openhr_medication_events:0/openhr_medication/medication_order/_other_participation:1|mode":"not specified","gp_encounter_event/openhr_heading:0/medications/openhr_medication_events:0/openhr_medication/medication_order/_other_participation:1|name":"Dr. Stiles","gp_encounter_event/openhr_heading:0/medications/openhr_medication_events:0/openhr_medication/medication_order/medication_order_activity/medication_item/medication_name":"Medication name 98","gp_encounter_event/openhr_heading:0/medications/openhr_medication_events:0/openhr_medication/medication_order/medication_order_activity/medication_item/dose_directions_description":"Dose directions description 92","gp_encounter_event/openhr_heading:0/medications/openhr_medication_events:0/openhr_medication/medication_order/medication_order_activity/medication_item/parsable_dose_directions":"Formal instructions on carrying out the procedure...","gp_encounter_event/openhr_heading:0/medications/openhr_medication_events:0/openhr_medication/medication_order/medication_order_activity/medication_item/parsable_dose_directions|formalism":"text/plain","gp_encounter_event/openhr_heading:0/medications/openhr_medication_events:0/openhr_medication/medication_order/medication_order_activity/medication_item/additional_instruction:0":"Additional instruction 36","gp_encounter_event/openhr_heading:0/medications/openhr_medication_events:0/openhr_medication/medication_order/medication_order_activity/medication_item/patient_advice":"Patient advice 81","gp_encounter_event/openhr_heading:0/medications/openhr_medication_events:0/openhr_medication/medication_order/medication_order_activity/medication_item/dispensing_instruction":"Dispensing instruction 52","gp_encounter_event/openhr_heading:0/medications/openhr_medication_events:0/openhr_medication/medication_order/medication_order_activity/medication_item/course_details/course_status|code":"at0054","gp_encounter_event/openhr_heading:0/medications/openhr_medication_events:0/openhr_medication/medication_order/medication_order_activity/medication_item/course_details/start_datetime":"2016-08-02T20:18:04.669Z","gp_encounter_event/openhr_heading:0/medications/openhr_medication_events:0/openhr_medication/medication_order/medication_order_activity/medication_item/course_details/end_datetime":"2016-08-02T20:18:04.669Z","gp_encounter_event/openhr_heading:0/medications/openhr_medication_events:0/openhr_medication/medication_order/medication_order_activity/medication_item/course_details/indication":"Indication 11","gp_encounter_event/openhr_heading:0/medications/openhr_medication_events:0/openhr_medication/medication_order/medication_order_activity/medication_item/course_details/link_to_indication_record":"http://example.com/path/resource","gp_encounter_event/openhr_heading:0/medications/openhr_medication_events:0/openhr_medication/medication_order/medication_order_activity/medication_item/course_details/comment_recommendation:0":"Comment / recommendation 62","gp_encounter_event/openhr_heading:0/medications/openhr_medication_events:0/openhr_medication/medication_order/medication_order_activity/timing":"R2/2016-08-02T20:00:00Z/P2M","gp_encounter_event/openhr_heading:0/medications/openhr_medication_events:0/openhr_medication/medication_order/medication_event_summary/last_issued/date_last_prescription_issued":"2016-08-02T20:18:04.669Z","gp_encounter_event/openhr_heading:0/medications/openhr_medication_events:0/openhr_medication/medication_order/medication_event_summary/first_issued/date_first_prescription_issued":"2016-08-02T20:18:04.669Z","gp_encounter_event/openhr_heading:0/medications/openhr_medication_events:0/openhr_medication/medication_order/medication_event_summary/last_reviewed/date_last_reviewed":"2016-08-02T20:18:04.669Z","gp_encounter_event/openhr_heading:0/medications/openhr_medication_events:0/openhr_medication/medication_order/medication_event_summary/discontinued/date_discontinued":"2016-08-02T20:18:04.669Z","gp_encounter_event/openhr_heading:0/medications/openhr_medication_events:0/openhr_medication/medication_order/medication_event_summary/discontinued/discontinued/discontinutation/reason_discontinued:0":"Reason discontinued 82","gp_encounter_event/openhr_heading:0/medications/openhr_medication_events:0/openhr_medication/medication_order/medication_event_summary/discontinued/link_to_event_record":"ehr://d76bd730-67c2-42d6-99f3-8535360f55ec","gp_encounter_event/openhr_heading:0/medications/openhr_medication_events:0/openhr_medication/medication_order/narrative":"Human readable instruction narrative","gp_encounter_event/openhr_heading:0/medications/openhr_medication_events:0/openhr_medication/current_authorisation/ism_transition/current_state|code":"524","gp_encounter_event/openhr_heading:0/medications/openhr_medication_events:0/openhr_medication/current_authorisation/ism_transition/current_state|value":"initial","gp_encounter_event/openhr_heading:0/medications/openhr_medication_events:0/openhr_medication/current_authorisation/medication_item/medication_name":"Medication name 75","gp_encounter_event/openhr_heading:0/medications/openhr_medication_events:0/openhr_medication/current_authorisation/medication_item/dose_directions_description":"Dose directions description 92","gp_encounter_event/openhr_heading:0/medications/openhr_medication_events:0/openhr_medication/current_authorisation/medication_item/dose_amount_description":"Dose amount description 19","gp_encounter_event/openhr_heading:0/medications/openhr_medication_events:0/openhr_medication/current_authorisation/medication_item/dose_timing_description":"Dose timing description 88","gp_encounter_event/openhr_heading:0/medications/openhr_medication_events:0/openhr_medication/current_authorisation/medication_item/parsable_dose_directions":"Formal instructions on carrying out the procedure...","gp_encounter_event/openhr_heading:0/medications/openhr_medication_events:0/openhr_medication/current_authorisation/medication_item/parsable_dose_directions|formalism":"text/plain","gp_encounter_event/openhr_heading:0/medications/openhr_medication_events:0/openhr_medication/current_authorisation/medication_item/structured_dose_direction:0/dose_direction_duration/value|code":"at0042","gp_encounter_event/openhr_heading:0/medications/openhr_medication_events:0/openhr_medication/current_authorisation/medication_item/structured_dose_direction:0/dose_direction_duration/value2":"P4M4W4D","gp_encounter_event/openhr_heading:0/medications/openhr_medication_events:0/openhr_medication/current_authorisation/medication_item/additional_instruction:0":"Additional instruction 20","gp_encounter_event/openhr_heading:0/medications/openhr_medication_events:0/openhr_medication/current_authorisation/medication_item/course_details/course_status|code":"at0051","gp_encounter_event/openhr_heading:0/medications/openhr_medication_events:0/openhr_medication/current_authorisation/medication_item/course_details/start_datetime":"2016-08-02T20:18:04.67Z","gp_encounter_event/openhr_heading:0/medications/openhr_medication_events:0/openhr_medication/current_authorisation/medication_item/course_details/end_datetime":"2016-08-02T20:18:04.67Z","gp_encounter_event/openhr_heading:0/medications/openhr_medication_events:0/openhr_medication/current_authorisation/medication_item/course_details/indication":"Indication 81","gp_encounter_event/openhr_heading:0/medications/openhr_medication_events:0/openhr_medication/current_authorisation/medication_item/course_details/link_to_indication_record":"http://example.com/path/resource","gp_encounter_event/openhr_heading:0/medications/openhr_medication_events:0/openhr_medication/current_authorisation/medication_item/course_details/comment_recommendation:0":"Comment / recommendation 30","gp_encounter_event/openhr_heading:0/medications/openhr_medication_events:0/openhr_medication/current_authorisation/current_authorisation/prescription_supply/prescription_type|code":"at0130","gp_encounter_event/openhr_heading:0/medications/openhr_medication_events:0/openhr_medication/current_authorisation/current_authorisation/prescription_supply/prescription_endorsement:0|code":"at0066","gp_encounter_event/openhr_heading:0/medications/openhr_medication_events:0/openhr_medication/current_authorisation/current_authorisation/prescription_supply/prescribing_method|code":"at0079","gp_encounter_event/openhr_heading:0/medications/openhr_medication_events:0/openhr_medication/current_authorisation/current_authorisation/prescription_supply/prescribing_agency|code":"at0118","gp_encounter_event/openhr_heading:0/medications/openhr_medication_events:0/openhr_medication/current_authorisation/current_authorisation/product/medication_quantity/quantity_description":"Quantity description 56","gp_encounter_event/openhr_heading:0/medications/openhr_medication_events:0/openhr_medication/current_authorisation/current_authorisation/product/expiry_date":"2016-08-02","gp_encounter_event/openhr_heading:0/medications/openhr_medication_events:0/openhr_medication/current_authorisation/current_authorisation/product/batch_number":"Batch number 43","gp_encounter_event/openhr_heading:0/medications/openhr_medication_events:0/openhr_medication/current_authorisation/current_authorisation/authorisation/repeat_issues_authorised":919,"gp_encounter_event/openhr_heading:0/medications/openhr_medication_events:0/openhr_medication/current_authorisation/current_authorisation/authorisation/minimum_period_between_issues":"P1D","gp_encounter_event/openhr_heading:0/medications/openhr_medication_events:0/openhr_medication/current_authorisation/current_authorisation/authorisation/maximum_period_between_issues":"PT0S","gp_encounter_event/openhr_heading:0/medications/openhr_medication_events:0/openhr_medication/current_authorisation/current_authorisation/prescription_issue/number_of_repeats_issued":6,"gp_encounter_event/openhr_heading:0/medications/openhr_medication_events:0/openhr_medication/current_authorisation/current_authorisation/prescription_issue/duration_of_issue":"P3D","gp_encounter_event/openhr_heading:0/medications/openhr_medication_events:0/openhr_medication/current_authorisation/current_authorisation/comment:0":"Comment 59","gp_encounter_event/openhr_heading:0/medications/openhr_medication_events:0/openhr_medication/current_authorisation/time":"2016-08-02T20:18:04.672Z","gp_encounter_event/openhr_heading:0/medications/openhr_medication_events:0/openhr_medication/medication_action:0/ism_transition/current_state|code":"524","gp_encounter_event/openhr_heading:0/medications/openhr_medication_events:0/openhr_medication/medication_action:0/ism_transition/current_state|value":"initial","gp_encounter_event/openhr_heading:0/medications/openhr_medication_events:0/openhr_medication/medication_action:0/medication_item/medication_name":"Medication name 23","gp_encounter_event/openhr_heading:0/medications/openhr_medication_events:0/openhr_medication/medication_action:0/medication_item/dose_directions_description":"Dose directions description 15","gp_encounter_event/openhr_heading:0/medications/openhr_medication_events:0/openhr_medication/medication_action:0/medication_item/parsable_dose_directions":"Formal instructions on carrying out the procedure...","gp_encounter_event/openhr_heading:0/medications/openhr_medication_events:0/openhr_medication/medication_action:0/medication_item/parsable_dose_directions|formalism":"text/plain","gp_encounter_event/openhr_heading:0/medications/openhr_medication_events:0/openhr_medication/medication_action:0/medication_item/structured_dose_direction:0/dose_direction_duration/value|code":"at0043","gp_encounter_event/openhr_heading:0/medications/openhr_medication_events:0/openhr_medication/medication_action:0/medication_item/structured_dose_direction:0/dose_direction_duration/value2":"P2Y4M2W2DT1H","gp_encounter_event/openhr_heading:0/medications/openhr_medication_events:0/openhr_medication/medication_action:0/medication_item/additional_instruction:0":"Additional instruction 79","gp_encounter_event/openhr_heading:0/medications/openhr_medication_events:0/openhr_medication/medication_action:0/medication_item/course_details/course_status|code":"at0052","gp_encounter_event/openhr_heading:0/medications/openhr_medication_events:0/openhr_medication/medication_action:0/medication_item/course_details/start_datetime":"2016-08-02T20:18:04.672Z","gp_encounter_event/openhr_heading:0/medications/openhr_medication_events:0/openhr_medication/medication_action:0/medication_item/course_details/end_datetime":"2016-08-02T20:18:04.672Z","gp_encounter_event/openhr_heading:0/medications/openhr_medication_events:0/openhr_medication/medication_action:0/medication_item/course_details/indication":"Indication 11","gp_encounter_event/openhr_heading:0/medications/openhr_medication_events:0/openhr_medication/medication_action:0/medication_item/course_details/link_to_indication_record":"http://example.com/path/resource","gp_encounter_event/openhr_heading:0/medications/openhr_medication_events:0/openhr_medication/medication_action:0/medication_item/course_details/comment_recommendation:0":"Comment / recommendation 43","gp_encounter_event/openhr_heading:0/medications/openhr_medication_events:0/openhr_medication/medication_action:0/authorisation/authorisation/repeat_issues_authorised":425,"gp_encounter_event/openhr_heading:0/medications/openhr_medication_events:0/openhr_medication/medication_action:0/time":"2016-08-02T20:18:04.672Z","gp_encounter_event/openhr_heading:0/medications/openhr_medication_events:0/openhr_medication/cancellation/ism_transition/current_state|code":"524","gp_encounter_event/openhr_heading:0/medications/openhr_medication_events:0/openhr_medication/cancellation/ism_transition/current_state|value":"initial","gp_encounter_event/openhr_heading:0/medications/openhr_medication_events:0/openhr_medication/cancellation/medication_item/medication_name":"Medication name 2","gp_encounter_event/openhr_heading:0/medications/openhr_medication_events:0/openhr_medication/cancellation/medication_item/dose_directions_description":"Dose directions description 76","gp_encounter_event/openhr_heading:0/medications/openhr_medication_events:0/openhr_medication/cancellation/medication_item/dose_amount_description":"Dose amount description 79","gp_encounter_event/openhr_heading:0/medications/openhr_medication_events:0/openhr_medication/cancellation/medication_item/dose_timing_description":"Dose timing description 53","gp_encounter_event/openhr_heading:0/medications/openhr_medication_events:0/openhr_medication/cancellation/medication_item/parsable_dose_directions":"Formal instructions on carrying out the procedure...","gp_encounter_event/openhr_heading:0/medications/openhr_medication_events:0/openhr_medication/cancellation/medication_item/parsable_dose_directions|formalism":"text/plain","gp_encounter_event/openhr_heading:0/medications/openhr_medication_events:0/openhr_medication/cancellation/medication_item/structured_dose_direction:0/dose_direction_duration/value|code":"at0042","gp_encounter_event/openhr_heading:0/medications/openhr_medication_events:0/openhr_medication/cancellation/medication_item/structured_dose_direction:0/dose_direction_duration/value2":"P2Y1M1W1DT1H","gp_encounter_event/openhr_heading:0/medications/openhr_medication_events:0/openhr_medication/cancellation/medication_item/additional_instruction:0":"Additional instruction 56","gp_encounter_event/openhr_heading:0/medications/openhr_medication_events:0/openhr_medication/cancellation/medication_item/course_details/course_status|code":"at0051","gp_encounter_event/openhr_heading:0/medications/openhr_medication_events:0/openhr_medication/cancellation/medication_item/course_details/start_datetime":"2016-08-02T20:18:04.672Z","gp_encounter_event/openhr_heading:0/medications/openhr_medication_events:0/openhr_medication/cancellation/medication_item/course_details/end_datetime":"2016-08-02T20:18:04.672Z","gp_encounter_event/openhr_heading:0/medications/openhr_medication_events:0/openhr_medication/cancellation/medication_item/course_details/indication":"Indication 10","gp_encounter_event/openhr_heading:0/medications/openhr_medication_events:0/openhr_medication/cancellation/medication_item/course_details/link_to_indication_record":"http://example.com/path/resource","gp_encounter_event/openhr_heading:0/medications/openhr_medication_events:0/openhr_medication/cancellation/medication_item/course_details/comment_recommendation:0":"Comment / recommendation 49","gp_encounter_event/openhr_heading:0/medications/openhr_medication_events:0/openhr_medication/cancellation/discontinuation/discontinutation/reason_discontinued:0":"Reason discontinued 99","gp_encounter_event/openhr_heading:0/medications/openhr_medication_events:0/openhr_medication/cancellation/discontinuation/discontinutation/link_to_reason_discontinued":"ehr://d1fdf2a9-541c-4f49-a720-53b88863a20a","gp_encounter_event/openhr_heading:0/medications/openhr_medication_events:0/openhr_medication/cancellation/time":"2016-08-02T20:18:04.672Z","gp_encounter_event/openhr_heading:0/medications/openhr_medication_events:0/openhr_issues/medication_action:0/ism_transition/current_state|code":"524","gp_encounter_event/openhr_heading:0/medications/openhr_medication_events:0/openhr_issues/medication_action:0/ism_transition/current_state|value":"initial","gp_encounter_event/openhr_heading:0/medications/openhr_medication_events:0/openhr_issues/medication_action:0/medication_item/medication_name":"Medication name 31","gp_encounter_event/openhr_heading:0/medications/openhr_medication_events:0/openhr_issues/medication_action:0/medication_item/dose_directions_description":"Dose directions description 74","gp_encounter_event/openhr_heading:0/medications/openhr_medication_events:0/openhr_issues/medication_action:0/medication_item/dose_amount_description":"Dose amount description 16","gp_encounter_event/openhr_heading:0/medications/openhr_medication_events:0/openhr_issues/medication_action:0/medication_item/dose_timing_description":"Dose timing description 33","gp_encounter_event/openhr_heading:0/medications/openhr_medication_events:0/openhr_issues/medication_action:0/medication_item/parsable_dose_directions":"Formal instructions on carrying out the procedure...","gp_encounter_event/openhr_heading:0/medications/openhr_medication_events:0/openhr_issues/medication_action:0/medication_item/parsable_dose_directions|formalism":"text/plain","gp_encounter_event/openhr_heading:0/medications/openhr_medication_events:0/openhr_issues/medication_action:0/medication_item/structured_dose_direction:0/dose_direction_duration/value|code":"at0043","gp_encounter_event/openhr_heading:0/medications/openhr_medication_events:0/openhr_issues/medication_action:0/medication_item/structured_dose_direction:0/dose_direction_duration/value2":"P4Y2M1W1DT2H","gp_encounter_event/openhr_heading:0/medications/openhr_medication_events:0/openhr_issues/medication_action:0/medication_item/additional_instruction:0":"Additional instruction 69","gp_encounter_event/openhr_heading:0/medications/openhr_medication_events:0/openhr_issues/medication_action:0/medication_item/course_details/course_status|code":"at0054","gp_encounter_event/openhr_heading:0/medications/openhr_medication_events:0/openhr_issues/medication_action:0/medication_item/course_details/start_datetime":"2016-08-02T20:18:04.672Z","gp_encounter_event/openhr_heading:0/medications/openhr_medication_events:0/openhr_issues/medication_action:0/medication_item/course_details/end_datetime":"2016-08-02T20:18:04.672Z","gp_encounter_event/openhr_heading:0/medications/openhr_medication_events:0/openhr_issues/medication_action:0/medication_item/course_details/indication":"Indication 59","gp_encounter_event/openhr_heading:0/medications/openhr_medication_events:0/openhr_issues/medication_action:0/medication_item/course_details/link_to_indication_record":"http://example.com/path/resource","gp_encounter_event/openhr_heading:0/medications/openhr_medication_events:0/openhr_issues/medication_action:0/medication_item/course_details/comment_recommendation:0":"Comment / recommendation 40","gp_encounter_event/openhr_heading:0/medications/openhr_medication_events:0/openhr_issues/medication_action:0/issue/prescription_supply/prescription_type|code":"at0088","gp_encounter_event/openhr_heading:0/medications/openhr_medication_events:0/openhr_issues/medication_action:0/issue/prescription_supply/prescription_endorsement:0|code":"at0061","gp_encounter_event/openhr_heading:0/medications/openhr_medication_events:0/openhr_issues/medication_action:0/issue/prescription_supply/prescribing_method|code":"at0116","gp_encounter_event/openhr_heading:0/medications/openhr_medication_events:0/openhr_issues/medication_action:0/issue/prescription_supply/prescribing_agency|code":"at0114","gp_encounter_event/openhr_heading:0/medications/openhr_medication_events:0/openhr_issues/medication_action:0/issue/product/medication_quantity/quantity_description":"Quantity description 57","gp_encounter_event/openhr_heading:0/medications/openhr_medication_events:0/openhr_issues/medication_action:0/issue/product/batch_number":"Batch number 4","gp_encounter_event/openhr_heading:0/medications/openhr_medication_events:0/openhr_issues/medication_action:0/issue/prescription_issue/duration_of_issue":"P1D","gp_encounter_event/openhr_heading:0/medications/openhr_medication_events:0/openhr_issues/medication_action:0/issue/prescription_issue/link_to_authorisation_record":"ehr://92b871c4-4d43-4e4f-9c35-27e8d64cbfb4","gp_encounter_event/openhr_heading:0/medications/openhr_medication_events:0/openhr_issues/medication_action:0/issue/comment:0":"Comment 84","gp_encounter_event/openhr_heading:0/medications/openhr_medication_events:0/openhr_issues/medication_action:0/time":"2016-08-02T20:18:04.673Z"}