{"ctx/language":"en","ctx/territory":"US","ctx/composer_name":"Silvia Blake","ctx/time":"2016-08-02T20:19:35.635Z","ctx/id_namespace":"HOSPITAL-NS","ctx/id_scheme":"HOSPITAL-NS","ctx/participation_name":"Dr. Marcus Johnson","ctx/participation_function":"requester","ctx/participation_mode":"face-to-face communication","ctx/participation_id":"199","ctx/participation_name:1":"Lara Markham","ctx/participation_function:1":"performer","ctx/participation_id:1":"198","ctx/health_care_facility|name":"Hospital","ctx/health_care_facility|id":"9091","report/context/report_id":"Report ID 92","report/context/status":"Status 83","report/vital_signs:0/blood_pressure:0/any_event:0/systolic|magnitude":496.0,"report/vital_signs:0/blood_pressure:0/any_event:0/systolic|unit":"mm[Hg]","report/vital_signs:0/blood_pressure:0/any_event:0/diastolic|magnitude":12.0,"report/vital_signs:0/blood_pressure:0/any_event:0/diastolic|unit":"mm[Hg]","report/vital_signs:0/pulse_heart_beat:0/any_event:0/pulse_rate|magnitude":17.0,"report/vital_signs:0/pulse_heart_beat:0/any_event:0/pulse_rate|unit":"/min","report/vital_signs:0/pulse_heart_beat:0/any_event:0/regular|code":"at0006","report/vital_signs:0/pulse_heart_beat:0/any_event:0/clinical_description":"Clinical description 24","report/vital_signs:0/pulse_heart_beat:0/any_event:0/comment":"Comment 67","report/vital_signs:0/pulse_heart_beat:0/any_event:0/position|code":"at1001","report/vital_signs:0/pulse_heart_beat:0/any_event:0/confounding_factors:0":"Confounding factors 23","report/vital_signs:0/pulse_heart_beat:0/maximum/math_function|code":"144","report/vital_signs:0/pulse_heart_beat:0/maximum/math_function|value":"maximum","report/vital_signs:0/pulse_heart_beat:0/maximum/pulse_presence|code":"at1025","report/vital_signs:0/pulse_heart_beat:0/maximum/heart_beat_presence|code":"at1025","report/vital_signs:0/pulse_heart_beat:0/maximum/pulse_rate|magnitude":11.0,"report/vital_signs:0/pulse_heart_beat:0/maximum/pulse_rate|unit":"/min","report/vital_signs:0/pulse_heart_beat:0/maximum/heart_rate|magnitude":63.0,"report/vital_signs:0/pulse_heart_beat:0/maximum/heart_rate|unit":"/min","report/vital_signs:0/pulse_heart_beat:0/maximum/regular|code":"at0006","report/vital_signs:0/pulse_heart_beat:0/maximum/irregular_type|code":"at0007","report/vital_signs:0/pulse_heart_beat:0/maximum/character:0":"Character 5","report/vital_signs:0/pulse_heart_beat:0/maximum/clinical_description":"Clinical description 19","report/vital_signs:0/pulse_heart_beat:0/maximum/clinical_interpretation:0":"Clinical interpretation 87","report/vital_signs:0/pulse_heart_beat:0/maximum/rhythm:0":"Rhythm 58","report/vital_signs:0/pulse_heart_beat:0/maximum/comment":"Comment 90","report/vital_signs:0/pulse_heart_beat:0/maximum/position|code":"at1001","report/vital_signs:0/pulse_heart_beat:0/maximum/confounding_factors:0":"Confounding factors 64","report/vital_signs:0/pulse_heart_beat:0/method|code":"at1032","report/vital_signs:0/pulse_heart_beat:0/body_site|code":"at1047","report/history/tobacco_use_summary:0/usage_status|code":"at0016","report/test_results/ecg_recording:0/global_ecg_parameters/pr_interval|magnitude":18.0,"report/test_results/ecg_recording:0/global_ecg_parameters/pr_interval|unit":"millisec","report/test_results/ecg_recording:0/global_ecg_parameters/qrs_duration|magnitude":95.0,"report/test_results/ecg_recording:0/global_ecg_parameters/qrs_duration|unit":"millisec","report/test_results/ecg_recording:0/lead_i:0/p_amplitude|magnitude":36.07,"report/test_results/ecg_recording:0/lead_i:0/p_amplitude|unit":"mV","report/test_results/ecg_recording:0/lead_i:0/p_duration|magnitude":91.0,"report/test_results/ecg_recording:0/lead_i:0/p_duration|unit":"millisec","report/test_results/ecg_recording:0/lead_i:0/p_area|magnitude":75.3,"report/test_results/ecg_recording:0/lead_i:0/p_area|unit":"Ashman units","report/test_results/ecg_recording:0/lead_i:0/p_amplitude2|magnitude":61.93,"report/test_results/ecg_recording:0/lead_i:0/p_amplitude2|unit":"mV","report/test_results/ecg_recording:0/lead_i:0/p_duration2|magnitude":32.0,"report/test_results/ecg_recording:0/lead_i:0/p_duration2|unit":"millisec","report/test_results/ecg_recording:0/lead_i:0/p_area2|magnitude":92.8,"report/test_results/ecg_recording:0/lead_i:0/p_area2|unit":"Ashman units","report/test_results/ecg_recording:0/lead_i:0/q_amplitude|magnitude":21.08,"report/test_results/ecg_recording:0/lead_i:0/q_amplitude|unit":"mV","report/test_results/ecg_recording:0/lead_i:0/q_duration|magnitude":58.0,"report/test_results/ecg_recording:0/lead_i:0/q_duration|unit":"millisec","report/test_results/ecg_recording:0/lead_i:0/r_amplitude|magnitude":36.45,"report/test_results/ecg_recording:0/lead_i:0/r_amplitude|unit":"mV","report/test_results/ecg_recording:0/lead_i:0/r_duration|magnitude":36.0,"report/test_results/ecg_recording:0/lead_i:0/r_duration|unit":"millisec","report/test_results/ecg_recording:0/lead_i:0/s_amplitude|magnitude":11.13,"report/test_results/ecg_recording:0/lead_i:0/s_amplitude|unit":"mV","report/test_results/ecg_recording:0/lead_i:0/s_duration|magnitude":15.0,"report/test_results/ecg_recording:0/lead_i:0/s_duration|unit":"millisec","report/test_results/ecg_recording:0/lead_i:0/r_amplitude2|magnitude":24.21,"report/test_results/ecg_recording:0/lead_i:0/r_amplitude2|unit":"mV","report/test_results/ecg_recording:0/lead_i:0/r_duration2|magnitude":56.0,"report/test_results/ecg_recording:0/lead_i:0/r_duration2|unit":"millisec","report/test_results/ecg_recording:0/lead_i:0/s_amplitude2|magnitude":26.13,"report/test_results/ecg_recording:0/lead_i:0/s_amplitude2|unit":"mV","report/test_results/ecg_recording:0/lead_i:0/s_duration2|magnitude":72.0,"report/test_results/ecg_recording:0/lead_i:0/s_duration2|unit":"millisec","report/test_results/ecg_recording:0/lead_i:0/v.a.t.|magnitude":26.0,"report/test_results/ecg_recording:0/lead_i:0/v.a.t.|unit":"millisec","report/test_results/ecg_recording:0/lead_i:0/qrs_p-p|magnitude":74.62,"report/test_results/ecg_recording:0/lead_i:0/qrs_p-p|unit":"mV","report/test_results/ecg_recording:0/lead_i:0/qrs_duration|magnitude":58.0,"report/test_results/ecg_recording:0/lead_i:0/qrs_duration|unit":"millisec","report/test_results/ecg_recording:0/lead_i:0/qrs_area|magnitude":91.5,"report/test_results/ecg_recording:0/lead_i:0/qrs_area|unit":"Ashman units","report/test_results/ecg_recording:0/lead_i:0/st_onset|magnitude":23.07,"report/test_results/ecg_recording:0/lead_i:0/st_onset|unit":"mV","report/test_results/ecg_recording:0/lead_i:0/st_midpoint|magnitude":89.7,"report/test_results/ecg_recording:0/lead_i:0/st_midpoint|unit":"mV","report/test_results/ecg_recording:0/lead_i:0/st_80ms|magnitude":66.49,"report/test_results/ecg_recording:0/lead_i:0/st_80ms|unit":"mV","report/test_results/ecg_recording:0/lead_i:0/st_end|magnitude":96.48,"report/test_results/ecg_recording:0/lead_i:0/st_end|unit":"mV","report/test_results/ecg_recording:0/lead_i:0/st_duration|magnitude":82.0,"report/test_results/ecg_recording:0/lead_i:0/st_duration|unit":"millisec","report/test_results/ecg_recording:0/lead_i:0/st_slope|magnitude":77.0,"report/test_results/ecg_recording:0/lead_i:0/st_slope|unit":"°","report/test_results/ecg_recording:0/lead_i:0/st_shape|code":"at0070","report/test_results/ecg_recording:0/lead_i:0/t_amplitude|magnitude":16.59,"report/test_results/ecg_recording:0/lead_i:0/t_amplitude|unit":"mV","report/test_results/ecg_recording:0/lead_i:0/t_duration|magnitude":2.0,"report/test_results/ecg_recording:0/lead_i:0/t_duration|unit":"millisec","report/test_results/ecg_recording:0/lead_i:0/t_area|magnitude":63.5,"report/test_results/ecg_recording:0/lead_i:0/t_area|unit":"Ashman units","report/test_results/ecg_recording:0/lead_ii:0/p_amplitude|magnitude":92.3,"report/test_results/ecg_recording:0/lead_ii:0/p_amplitude|unit":"mV","report/test_results/ecg_recording:0/lead_ii:0/p_duration|magnitude":98.0,"report/test_results/ecg_recording:0/lead_ii:0/p_duration|unit":"millisec","report/test_results/ecg_recording:0/lead_ii:0/p_area|magnitude":81.3,"report/test_results/ecg_recording:0/lead_ii:0/p_area|unit":"Ashman units","report/test_results/ecg_recording:0/lead_ii:0/p_amplitude2|magnitude":74.31,"report/test_results/ecg_recording:0/lead_ii:0/p_amplitude2|unit":"mV","report/test_results/ecg_recording:0/lead_ii:0/p_duration2|magnitude":23.0,"report/test_results/ecg_recording:0/lead_ii:0/p_duration2|unit":"millisec","report/test_results/ecg_recording:0/lead_ii:0/p_area2|magnitude":75.7,"report/test_results/ecg_recording:0/lead_ii:0/p_area2|unit":"Ashman units","report/test_results/ecg_recording:0/lead_ii:0/q_amplitude|magnitude":23.11,"report/test_results/ecg_recording:0/lead_ii:0/q_amplitude|unit":"mV","report/test_results/ecg_recording:0/lead_ii:0/q_duration|magnitude":51.0,"report/test_results/ecg_recording:0/lead_ii:0/q_duration|unit":"millisec","report/test_results/ecg_recording:0/lead_ii:0/r_amplitude|magnitude":7.09,"report/test_results/ecg_recording:0/lead_ii:0/r_amplitude|unit":"mV","report/test_results/ecg_recording:0/lead_ii:0/r_duration|magnitude":12.0,"report/test_results/ecg_recording:0/lead_ii:0/r_duration|unit":"millisec","report/test_results/ecg_recording:0/lead_ii:0/s_amplitude|magnitude":88.56,"report/test_results/ecg_recording:0/lead_ii:0/s_amplitude|unit":"mV","report/test_results/ecg_recording:0/lead_ii:0/s_duration|magnitude":74.0,"report/test_results/ecg_recording:0/lead_ii:0/s_duration|unit":"millisec","report/test_results/ecg_recording:0/lead_ii:0/r_amplitude2|magnitude":22.82,"report/test_results/ecg_recording:0/lead_ii:0/r_amplitude2|unit":"mV","report/test_results/ecg_recording:0/lead_ii:0/r_duration2|magnitude":45.0,"report/test_results/ecg_recording:0/lead_ii:0/r_duration2|unit":"millisec","report/test_results/ecg_recording:0/lead_ii:0/s_amplitude2|magnitude":99.06,"report/test_results/ecg_recording:0/lead_ii:0/s_amplitude2|unit":"mV","report/test_results/ecg_recording:0/lead_ii:0/s_duration2|magnitude":70.0,"report/test_results/ecg_recording:0/lead_ii:0/s_duration2|unit":"millisec","report/test_results/ecg_recording:0/lead_ii:0/v.a.t.|magnitude":33.0,"report/test_results/ecg_recording:0/lead_ii:0/v.a.t.|unit":"millisec","report/test_results/ecg_recording:0/lead_ii:0/qrs_p-p|magnitude":66.06,"report/test_results/ecg_recording:0/lead_ii:0/qrs_p-p|unit":"mV","report/test_results/ecg_recording:0/lead_ii:0/qrs_duration|magnitude":31.0,"report/test_results/ecg_recording:0/lead_ii:0/qrs_duration|unit":"millisec","report/test_results/ecg_recording:0/lead_ii:0/qrs_area|magnitude":34.8,"report/test_results/ecg_recording:0/lead_ii:0/qrs_area|unit":"Ashman units","report/test_results/ecg_recording:0/lead_ii:0/st_onset|magnitude":81.72,"report/test_results/ecg_recording:0/lead_ii:0/st_onset|unit":"mV","report/test_results/ecg_recording:0/lead_ii:0/st_midpoint|magnitude":36.96,"report/test_results/ecg_recording:0/lead_ii:0/st_midpoint|unit":"mV","report/test_results/ecg_recording:0/lead_ii:0/st_80ms|magnitude":39.42,"report/test_results/ecg_recording:0/lead_ii:0/st_80ms|unit":"mV","report/test_results/ecg_recording:0/lead_ii:0/st_end|magnitude":3.69,"report/test_results/ecg_recording:0/lead_ii:0/st_end|unit":"mV","report/test_results/ecg_recording:0/lead_ii:0/st_duration|magnitude":87.0,"report/test_results/ecg_recording:0/lead_ii:0/st_duration|unit":"millisec","report/test_results/ecg_recording:0/lead_ii:0/st_slope|magnitude":48.0,"report/test_results/ecg_recording:0/lead_ii:0/st_slope|unit":"°","report/test_results/ecg_recording:0/lead_ii:0/st_shape|code":"at0070","report/test_results/ecg_recording:0/lead_ii:0/t_amplitude|magnitude":47.54,"report/test_results/ecg_recording:0/lead_ii:0/t_amplitude|unit":"mV","report/test_results/ecg_recording:0/lead_ii:0/t_duration|magnitude":48.0,"report/test_results/ecg_recording:0/lead_ii:0/t_duration|unit":"millisec","report/test_results/ecg_recording:0/lead_ii:0/t_area|magnitude":77.8,"report/test_results/ecg_recording:0/lead_ii:0/t_area|unit":"Ashman units","report/test_results/ecg_recording:0/lead_iii:0/p_amplitude|magnitude":5.12,"report/test_results/ecg_recording:0/lead_iii:0/p_amplitude|unit":"mV","report/test_results/ecg_recording:0/lead_iii:0/p_duration|magnitude":23.0,"report/test_results/ecg_recording:0/lead_iii:0/p_duration|unit":"millisec","report/test_results/ecg_recording:0/lead_iii:0/p_area|magnitude":77.9,"report/test_results/ecg_recording:0/lead_iii:0/p_area|unit":"Ashman units","report/test_results/ecg_recording:0/lead_iii:0/p_amplitude2|magnitude":24.04,"report/test_results/ecg_recording:0/lead_iii:0/p_amplitude2|unit":"mV","report/test_results/ecg_recording:0/lead_iii:0/p_duration2|magnitude":46.0,"report/test_results/ecg_recording:0/lead_iii:0/p_duration2|unit":"millisec","report/test_results/ecg_recording:0/lead_iii:0/p_area2|magnitude":15.2,"report/test_results/ecg_recording:0/lead_iii:0/p_area2|unit":"Ashman units","report/test_results/ecg_recording:0/lead_iii:0/q_amplitude|magnitude":41.86,"report/test_results/ecg_recording:0/lead_iii:0/q_amplitude|unit":"mV","report/test_results/ecg_recording:0/lead_iii:0/q_duration|magnitude":32.0,"report/test_results/ecg_recording:0/lead_iii:0/q_duration|unit":"millisec","report/test_results/ecg_recording:0/lead_iii:0/r_amplitude|magnitude":21.11,"report/test_results/ecg_recording:0/lead_iii:0/r_amplitude|unit":"mV","report/test_results/ecg_recording:0/lead_iii:0/r_duration|magnitude":13.0,"report/test_results/ecg_recording:0/lead_iii:0/r_duration|unit":"millisec","report/test_results/ecg_recording:0/lead_iii:0/s_amplitude|magnitude":51.43,"report/test_results/ecg_recording:0/lead_iii:0/s_amplitude|unit":"mV","report/test_results/ecg_recording:0/lead_iii:0/s_duration|magnitude":98.0,"report/test_results/ecg_recording:0/lead_iii:0/s_duration|unit":"millisec","report/test_results/ecg_recording:0/lead_iii:0/r_amplitude2|magnitude":4.34,"report/test_results/ecg_recording:0/lead_iii:0/r_amplitude2|unit":"mV","report/test_results/ecg_recording:0/lead_iii:0/r_duration2|magnitude":81.0,"report/test_results/ecg_recording:0/lead_iii:0/r_duration2|unit":"millisec","report/test_results/ecg_recording:0/lead_iii:0/s_amplitude2|magnitude":46.2,"report/test_results/ecg_recording:0/lead_iii:0/s_amplitude2|unit":"mV","report/test_results/ecg_recording:0/lead_iii:0/s_duration2|magnitude":50.0,"report/test_results/ecg_recording:0/lead_iii:0/s_duration2|unit":"millisec","report/test_results/ecg_recording:0/lead_iii:0/v.a.t.|magnitude":75.0,"report/test_results/ecg_recording:0/lead_iii:0/v.a.t.|unit":"millisec","report/test_results/ecg_recording:0/lead_iii:0/qrs_p-p|magnitude":37.17,"report/test_results/ecg_recording:0/lead_iii:0/qrs_p-p|unit":"mV","report/test_results/ecg_recording:0/lead_iii:0/qrs_duration|magnitude":65.0,"report/test_results/ecg_recording:0/lead_iii:0/qrs_duration|unit":"millisec","report/test_results/ecg_recording:0/lead_iii:0/qrs_area|magnitude":52.7,"report/test_results/ecg_recording:0/lead_iii:0/qrs_area|unit":"Ashman units","report/test_results/ecg_recording:0/lead_iii:0/st_onset|magnitude":14.97,"report/test_results/ecg_recording:0/lead_iii:0/st_onset|unit":"mV","report/test_results/ecg_recording:0/lead_iii:0/st_midpoint|magnitude":33.6,"report/test_results/ecg_recording:0/lead_iii:0/st_midpoint|unit":"mV","report/test_results/ecg_recording:0/lead_iii:0/st_80ms|magnitude":20.05,"report/test_results/ecg_recording:0/lead_iii:0/st_80ms|unit":"mV","report/test_results/ecg_recording:0/lead_iii:0/st_end|magnitude":4.15,"report/test_results/ecg_recording:0/lead_iii:0/st_end|unit":"mV","report/test_results/ecg_recording:0/lead_iii:0/st_duration|magnitude":58.0,"report/test_results/ecg_recording:0/lead_iii:0/st_duration|unit":"millisec","report/test_results/ecg_recording:0/lead_iii:0/st_slope|magnitude":54.0,"report/test_results/ecg_recording:0/lead_iii:0/st_slope|unit":"°","report/test_results/ecg_recording:0/lead_iii:0/st_shape|code":"at0070","report/test_results/ecg_recording:0/lead_iii:0/t_amplitude|magnitude":73.82,"report/test_results/ecg_recording:0/lead_iii:0/t_amplitude|unit":"mV","report/test_results/ecg_recording:0/lead_iii:0/t_duration|magnitude":59.0,"report/test_results/ecg_recording:0/lead_iii:0/t_duration|unit":"millisec","report/test_results/ecg_recording:0/lead_iii:0/t_area|magnitude":12.5,"report/test_results/ecg_recording:0/lead_iii:0/t_area|unit":"Ashman units","report/test_results/ecg_recording:0/lead_avr:0/p_amplitude|magnitude":5.36,"report/test_results/ecg_recording:0/lead_avr:0/p_amplitude|unit":"mV","report/test_results/ecg_recording:0/lead_avr:0/p_duration|magnitude":27.0,"report/test_results/ecg_recording:0/lead_avr:0/p_duration|unit":"millisec","report/test_results/ecg_recording:0/lead_avr:0/p_area|magnitude":43.7,"report/test_results/ecg_recording:0/lead_avr:0/p_area|unit":"Ashman units","report/test_results/ecg_recording:0/lead_avr:0/p_amplitude2|magnitude":11.96,"report/test_results/ecg_recording:0/lead_avr:0/p_amplitude2|unit":"mV","report/test_results/ecg_recording:0/lead_avr:0/p_duration2|magnitude":10.0,"report/test_results/ecg_recording:0/lead_avr:0/p_duration2|unit":"millisec","report/test_results/ecg_recording:0/lead_avr:0/p_area2|magnitude":32.3,"report/test_results/ecg_recording:0/lead_avr:0/p_area2|unit":"Ashman units","report/test_results/ecg_recording:0/lead_avr:0/q_amplitude|magnitude":54.06,"report/test_results/ecg_recording:0/lead_avr:0/q_amplitude|unit":"mV","report/test_results/ecg_recording:0/lead_avr:0/q_duration|magnitude":40.0,"report/test_results/ecg_recording:0/lead_avr:0/q_duration|unit":"millisec","report/test_results/ecg_recording:0/lead_avr:0/r_amplitude|magnitude":46.87,"report/test_results/ecg_recording:0/lead_avr:0/r_amplitude|unit":"mV","report/test_results/ecg_recording:0/lead_avr:0/r_duration|magnitude":35.0,"report/test_results/ecg_recording:0/lead_avr:0/r_duration|unit":"millisec","report/test_results/ecg_recording:0/lead_avr:0/s_amplitude|magnitude":5.13,"report/test_results/ecg_recording:0/lead_avr:0/s_amplitude|unit":"mV","report/test_results/ecg_recording:0/lead_avr:0/s_duration|magnitude":71.0,"report/test_results/ecg_recording:0/lead_avr:0/s_duration|unit":"millisec","report/test_results/ecg_recording:0/lead_avr:0/r_amplitude2|magnitude":21.99,"report/test_results/ecg_recording:0/lead_avr:0/r_amplitude2|unit":"mV","report/test_results/ecg_recording:0/lead_avr:0/r_duration2|magnitude":60.0,"report/test_results/ecg_recording:0/lead_avr:0/r_duration2|unit":"millisec","report/test_results/ecg_recording:0/lead_avr:0/s_amplitude2|magnitude":37.42,"report/test_results/ecg_recording:0/lead_avr:0/s_amplitude2|unit":"mV","report/test_results/ecg_recording:0/lead_avr:0/s_duration2|magnitude":4.0,"report/test_results/ecg_recording:0/lead_avr:0/s_duration2|unit":"millisec","report/test_results/ecg_recording:0/lead_avr:0/v.a.t.|magnitude":48.0,"report/test_results/ecg_recording:0/lead_avr:0/v.a.t.|unit":"millisec","report/test_results/ecg_recording:0/lead_avr:0/qrs_p-p|magnitude":48.67,"report/test_results/ecg_recording:0/lead_avr:0/qrs_p-p|unit":"mV","report/test_results/ecg_recording:0/lead_avr:0/qrs_duration|magnitude":15.0,"report/test_results/ecg_recording:0/lead_avr:0/qrs_duration|unit":"millisec","report/test_results/ecg_recording:0/lead_avr:0/qrs_area|magnitude":87.9,"report/test_results/ecg_recording:0/lead_avr:0/qrs_area|unit":"Ashman units","report/test_results/ecg_recording:0/lead_avr:0/st_onset|magnitude":39.79,"report/test_results/ecg_recording:0/lead_avr:0/st_onset|unit":"mV","report/test_results/ecg_recording:0/lead_avr:0/st_midpoint|magnitude":80.87,"report/test_results/ecg_recording:0/lead_avr:0/st_midpoint|unit":"mV","report/test_results/ecg_recording:0/lead_avr:0/st_80ms|magnitude":67.52,"report/test_results/ecg_recording:0/lead_avr:0/st_80ms|unit":"mV","report/test_results/ecg_recording:0/lead_avr:0/st_end|magnitude":66.79,"report/test_results/ecg_recording:0/lead_avr:0/st_end|unit":"mV","report/test_results/ecg_recording:0/lead_avr:0/st_duration|magnitude":3.0,"report/test_results/ecg_recording:0/lead_avr:0/st_duration|unit":"millisec","report/test_results/ecg_recording:0/lead_avr:0/st_slope|magnitude":13.0,"report/test_results/ecg_recording:0/lead_avr:0/st_slope|unit":"°","report/test_results/ecg_recording:0/lead_avr:0/st_shape|code":"at0072","report/test_results/ecg_recording:0/lead_avr:0/t_amplitude|magnitude":33.75,"report/test_results/ecg_recording:0/lead_avr:0/t_amplitude|unit":"mV","report/test_results/ecg_recording:0/lead_avr:0/t_duration|magnitude":69.0,"report/test_results/ecg_recording:0/lead_avr:0/t_duration|unit":"millisec","report/test_results/ecg_recording:0/lead_avr:0/t_area|magnitude":26.2,"report/test_results/ecg_recording:0/lead_avr:0/t_area|unit":"Ashman units","report/test_results/ecg_recording:0/lead_avl:0/p_amplitude|magnitude":89.99,"report/test_results/ecg_recording:0/lead_avl:0/p_amplitude|unit":"mV","report/test_results/ecg_recording:0/lead_avl:0/p_duration|magnitude":10.0,"report/test_results/ecg_recording:0/lead_avl:0/p_duration|unit":"millisec","report/test_results/ecg_recording:0/lead_avl:0/p_area|magnitude":12.2,"report/test_results/ecg_recording:0/lead_avl:0/p_area|unit":"Ashman units","report/test_results/ecg_recording:0/lead_avl:0/p_amplitude2|magnitude":99.28,"report/test_results/ecg_recording:0/lead_avl:0/p_amplitude2|unit":"mV","report/test_results/ecg_recording:0/lead_avl:0/p_duration2|magnitude":94.0,"report/test_results/ecg_recording:0/lead_avl:0/p_duration2|unit":"millisec","report/test_results/ecg_recording:0/lead_avl:0/p_area2|magnitude":58.1,"report/test_results/ecg_recording:0/lead_avl:0/p_area2|unit":"Ashman units","report/test_results/ecg_recording:0/lead_avl:0/q_amplitude|magnitude":72.78,"report/test_results/ecg_recording:0/lead_avl:0/q_amplitude|unit":"mV","report/test_results/ecg_recording:0/lead_avl:0/q_duration|magnitude":75.0,"report/test_results/ecg_recording:0/lead_avl:0/q_duration|unit":"millisec","report/test_results/ecg_recording:0/lead_avl:0/r_amplitude|magnitude":25.73,"report/test_results/ecg_recording:0/lead_avl:0/r_amplitude|unit":"mV","report/test_results/ecg_recording:0/lead_avl:0/r_duration|magnitude":45.0,"report/test_results/ecg_recording:0/lead_avl:0/r_duration|unit":"millisec","report/test_results/ecg_recording:0/lead_avl:0/s_amplitude|magnitude":65.71,"report/test_results/ecg_recording:0/lead_avl:0/s_amplitude|unit":"mV","report/test_results/ecg_recording:0/lead_avl:0/s_duration|magnitude":16.0,"report/test_results/ecg_recording:0/lead_avl:0/s_duration|unit":"millisec","report/test_results/ecg_recording:0/lead_avl:0/r_amplitude2|magnitude":44.45,"report/test_results/ecg_recording:0/lead_avl:0/r_amplitude2|unit":"mV","report/test_results/ecg_recording:0/lead_avl:0/r_duration2|magnitude":1.0,"report/test_results/ecg_recording:0/lead_avl:0/r_duration2|unit":"millisec","report/test_results/ecg_recording:0/lead_avl:0/s_amplitude2|magnitude":64.97,"report/test_results/ecg_recording:0/lead_avl:0/s_amplitude2|unit":"mV","report/test_results/ecg_recording:0/lead_avl:0/s_duration2|magnitude":30.0,"report/test_results/ecg_recording:0/lead_avl:0/s_duration2|unit":"millisec","report/test_results/ecg_recording:0/lead_avl:0/v.a.t.|magnitude":97.0,"report/test_results/ecg_recording:0/lead_avl:0/v.a.t.|unit":"millisec","report/test_results/ecg_recording:0/lead_avl:0/qrs_p-p|magnitude":80.67,"report/test_results/ecg_recording:0/lead_avl:0/qrs_p-p|unit":"mV","report/test_results/ecg_recording:0/lead_avl:0/qrs_duration|magnitude":16.0,"report/test_results/ecg_recording:0/lead_avl:0/qrs_duration|unit":"millisec","report/test_results/ecg_recording:0/lead_avl:0/qrs_area|magnitude":97.6,"report/test_results/ecg_recording:0/lead_avl:0/qrs_area|unit":"Ashman units","report/test_results/ecg_recording:0/lead_avl:0/st_onset|magnitude":24.21,"report/test_results/ecg_recording:0/lead_avl:0/st_onset|unit":"mV","report/test_results/ecg_recording:0/lead_avl:0/st_midpoint|magnitude":2.5,"report/test_results/ecg_recording:0/lead_avl:0/st_midpoint|unit":"mV","report/test_results/ecg_recording:0/lead_avl:0/st_80ms|magnitude":7.95,"report/test_results/ecg_recording:0/lead_avl:0/st_80ms|unit":"mV","report/test_results/ecg_recording:0/lead_avl:0/st_end|magnitude":98.32,"report/test_results/ecg_recording:0/lead_avl:0/st_end|unit":"mV","report/test_results/ecg_recording:0/lead_avl:0/st_duration|magnitude":18.0,"report/test_results/ecg_recording:0/lead_avl:0/st_duration|unit":"millisec","report/test_results/ecg_recording:0/lead_avl:0/st_slope|magnitude":-20.0,"report/test_results/ecg_recording:0/lead_avl:0/st_slope|unit":"°","report/test_results/ecg_recording:0/lead_avl:0/st_shape|code":"at0070","report/test_results/ecg_recording:0/lead_avl:0/t_amplitude|magnitude":4.43,"report/test_results/ecg_recording:0/lead_avl:0/t_amplitude|unit":"mV","report/test_results/ecg_recording:0/lead_avl:0/t_duration|magnitude":98.0,"report/test_results/ecg_recording:0/lead_avl:0/t_duration|unit":"millisec","report/test_results/ecg_recording:0/lead_avl:0/t_area|magnitude":35.7,"report/test_results/ecg_recording:0/lead_avl:0/t_area|unit":"Ashman units","report/test_results/ecg_recording:0/lead_avf:0/p_amplitude|magnitude":72.74,"report/test_results/ecg_recording:0/lead_avf:0/p_amplitude|unit":"mV","report/test_results/ecg_recording:0/lead_avf:0/p_duration|magnitude":55.0,"report/test_results/ecg_recording:0/lead_avf:0/p_duration|unit":"millisec","report/test_results/ecg_recording:0/lead_avf:0/p_area|magnitude":29.4,"report/test_results/ecg_recording:0/lead_avf:0/p_area|unit":"Ashman units","report/test_results/ecg_recording:0/lead_avf:0/p_amplitude2|magnitude":60.96,"report/test_results/ecg_recording:0/lead_avf:0/p_amplitude2|unit":"mV","report/test_results/ecg_recording:0/lead_avf:0/p_duration2|magnitude":46.0,"report/test_results/ecg_recording:0/lead_avf:0/p_duration2|unit":"millisec","report/test_results/ecg_recording:0/lead_avf:0/p_area2|magnitude":2.0,"report/test_results/ecg_recording:0/lead_avf:0/p_area2|unit":"Ashman units","report/test_results/ecg_recording:0/lead_avf:0/q_amplitude|magnitude":30.27,"report/test_results/ecg_recording:0/lead_avf:0/q_amplitude|unit":"mV","report/test_results/ecg_recording:0/lead_avf:0/q_duration|magnitude":31.0,"report/test_results/ecg_recording:0/lead_avf:0/q_duration|unit":"millisec","report/test_results/ecg_recording:0/lead_avf:0/r_amplitude|magnitude":44.58,"report/test_results/ecg_recording:0/lead_avf:0/r_amplitude|unit":"mV","report/test_results/ecg_recording:0/lead_avf:0/r_duration|magnitude":39.0,"report/test_results/ecg_recording:0/lead_avf:0/r_duration|unit":"millisec","report/test_results/ecg_recording:0/lead_avf:0/s_amplitude|magnitude":82.59,"report/test_results/ecg_recording:0/lead_avf:0/s_amplitude|unit":"mV","report/test_results/ecg_recording:0/lead_avf:0/s_duration|magnitude":17.0,"report/test_results/ecg_recording:0/lead_avf:0/s_duration|unit":"millisec","report/test_results/ecg_recording:0/lead_avf:0/r_amplitude2|magnitude":35.97,"report/test_results/ecg_recording:0/lead_avf:0/r_amplitude2|unit":"mV","report/test_results/ecg_recording:0/lead_avf:0/r_duration2|magnitude":8.0,"report/test_results/ecg_recording:0/lead_avf:0/r_duration2|unit":"millisec","report/test_results/ecg_recording:0/lead_avf:0/s_amplitude2|magnitude":61.79,"report/test_results/ecg_recording:0/lead_avf:0/s_amplitude2|unit":"mV","report/test_results/ecg_recording:0/lead_avf:0/s_duration2|magnitude":3.0,"report/test_results/ecg_recording:0/lead_avf:0/s_duration2|unit":"millisec","report/test_results/ecg_recording:0/lead_avf:0/v.a.t.|magnitude":53.0,"report/test_results/ecg_recording:0/lead_avf:0/v.a.t.|unit":"millisec","report/test_results/ecg_recording:0/lead_avf:0/qrs_p-p|magnitude":3.83,"report/test_results/ecg_recording:0/lead_avf:0/qrs_p-p|unit":"mV","report/test_results/ecg_recording:0/lead_avf:0/qrs_duration|magnitude":52.0,"report/test_results/ecg_recording:0/lead_avf:0/qrs_duration|unit":"millisec","report/test_results/ecg_recording:0/lead_avf:0/qrs_area|magnitude":78.3,"report/test_results/ecg_recording:0/lead_avf:0/qrs_area|unit":"Ashman units","report/test_results/ecg_recording:0/lead_avf:0/st_onset|magnitude":40.19,"report/test_results/ecg_recording:0/lead_avf:0/st_onset|unit":"mV","report/test_results/ecg_recording:0/lead_avf:0/st_midpoint|magnitude":62.58,"report/test_results/ecg_recording:0/lead_avf:0/st_midpoint|unit":"mV","report/test_results/ecg_recording:0/lead_avf:0/st_80ms|magnitude":88.75,"report/test_results/ecg_recording:0/lead_avf:0/st_80ms|unit":"mV","report/test_results/ecg_recording:0/lead_avf:0/st_end|magnitude":6.55,"report/test_results/ecg_recording:0/lead_avf:0/st_end|unit":"mV","report/test_results/ecg_recording:0/lead_avf:0/st_duration|magnitude":100.0,"report/test_results/ecg_recording:0/lead_avf:0/st_duration|unit":"millisec","report/test_results/ecg_recording:0/lead_avf:0/st_slope|magnitude":-27.0,"report/test_results/ecg_recording:0/lead_avf:0/st_slope|unit":"°","report/test_results/ecg_recording:0/lead_avf:0/st_shape|code":"at0070","report/test_results/ecg_recording:0/lead_avf:0/t_amplitude|magnitude":8.51,"report/test_results/ecg_recording:0/lead_avf:0/t_amplitude|unit":"mV","report/test_results/ecg_recording:0/lead_avf:0/t_duration|magnitude":26.0,"report/test_results/ecg_recording:0/lead_avf:0/t_duration|unit":"millisec","report/test_results/ecg_recording:0/lead_avf:0/t_area|magnitude":18.9,"report/test_results/ecg_recording:0/lead_avf:0/t_area|unit":"Ashman units","report/test_results/ecg_recording:0/lead_v1:0/p_amplitude|magnitude":11.8,"report/test_results/ecg_recording:0/lead_v1:0/p_amplitude|unit":"mV","report/test_results/ecg_recording:0/lead_v1:0/p_duration|magnitude":87.0,"report/test_results/ecg_recording:0/lead_v1:0/p_duration|unit":"millisec","report/test_results/ecg_recording:0/lead_v1:0/p_area|magnitude":28.0,"report/test_results/ecg_recording:0/lead_v1:0/p_area|unit":"Ashman units","report/test_results/ecg_recording:0/lead_v1:0/p_amplitude2|magnitude":53.14,"report/test_results/ecg_recording:0/lead_v1:0/p_amplitude2|unit":"mV","report/test_results/ecg_recording:0/lead_v1:0/p_duration2|magnitude":29.0,"report/test_results/ecg_recording:0/lead_v1:0/p_duration2|unit":"millisec","report/test_results/ecg_recording:0/lead_v1:0/p_area2|magnitude":57.6,"report/test_results/ecg_recording:0/lead_v1:0/p_area2|unit":"Ashman units","report/test_results/ecg_recording:0/lead_v1:0/q_amplitude|magnitude":54.15,"report/test_results/ecg_recording:0/lead_v1:0/q_amplitude|unit":"mV","report/test_results/ecg_recording:0/lead_v1:0/q_duration|magnitude":37.0,"report/test_results/ecg_recording:0/lead_v1:0/q_duration|unit":"millisec","report/test_results/ecg_recording:0/lead_v1:0/r_amplitude|magnitude":14.25,"report/test_results/ecg_recording:0/lead_v1:0/r_amplitude|unit":"mV","report/test_results/ecg_recording:0/lead_v1:0/r_duration|magnitude":82.0,"report/test_results/ecg_recording:0/lead_v1:0/r_duration|unit":"millisec","report/test_results/ecg_recording:0/lead_v1:0/s_amplitude|magnitude":33.09,"report/test_results/ecg_recording:0/lead_v1:0/s_amplitude|unit":"mV","report/test_results/ecg_recording:0/lead_v1:0/s_duration|magnitude":96.0,"report/test_results/ecg_recording:0/lead_v1:0/s_duration|unit":"millisec","report/test_results/ecg_recording:0/lead_v1:0/r_amplitude2|magnitude":62.47,"report/test_results/ecg_recording:0/lead_v1:0/r_amplitude2|unit":"mV","report/test_results/ecg_recording:0/lead_v1:0/r_duration2|magnitude":14.0,"report/test_results/ecg_recording:0/lead_v1:0/r_duration2|unit":"millisec","report/test_results/ecg_recording:0/lead_v1:0/s_amplitude2|magnitude":57.73,"report/test_results/ecg_recording:0/lead_v1:0/s_amplitude2|unit":"mV","report/test_results/ecg_recording:0/lead_v1:0/s_duration2|magnitude":80.0,"report/test_results/ecg_recording:0/lead_v1:0/s_duration2|unit":"millisec","report/test_results/ecg_recording:0/lead_v1:0/v.a.t.|magnitude":15.0,"report/test_results/ecg_recording:0/lead_v1:0/v.a.t.|unit":"millisec","report/test_results/ecg_recording:0/lead_v1:0/qrs_p-p|magnitude":91.62,"report/test_results/ecg_recording:0/lead_v1:0/qrs_p-p|unit":"mV","report/test_results/ecg_recording:0/lead_v1:0/qrs_duration|magnitude":47.0,"report/test_results/ecg_recording:0/lead_v1:0/qrs_duration|unit":"millisec","report/test_results/ecg_recording:0/lead_v1:0/qrs_area|magnitude":63.3,"report/test_results/ecg_recording:0/lead_v1:0/qrs_area|unit":"Ashman units","report/test_results/ecg_recording:0/lead_v1:0/st_onset|magnitude":91.43,"report/test_results/ecg_recording:0/lead_v1:0/st_onset|unit":"mV","report/test_results/ecg_recording:0/lead_v1:0/st_midpoint|magnitude":79.52,"report/test_results/ecg_recording:0/lead_v1:0/st_midpoint|unit":"mV","report/test_results/ecg_recording:0/lead_v1:0/st_80ms|magnitude":48.99,"report/test_results/ecg_recording:0/lead_v1:0/st_80ms|unit":"mV","report/test_results/ecg_recording:0/lead_v1:0/st_end|magnitude":6.2,"report/test_results/ecg_recording:0/lead_v1:0/st_end|unit":"mV","report/test_results/ecg_recording:0/lead_v1:0/st_duration|magnitude":8.0,"report/test_results/ecg_recording:0/lead_v1:0/st_duration|unit":"millisec","report/test_results/ecg_recording:0/lead_v1:0/st_slope|magnitude":-39.0,"report/test_results/ecg_recording:0/lead_v1:0/st_slope|unit":"°","report/test_results/ecg_recording:0/lead_v1:0/st_shape|code":"at0070","report/test_results/ecg_recording:0/lead_v1:0/t_amplitude|magnitude":44.94,"report/test_results/ecg_recording:0/lead_v1:0/t_amplitude|unit":"mV","report/test_results/ecg_recording:0/lead_v1:0/t_duration|magnitude":1.0,"report/test_results/ecg_recording:0/lead_v1:0/t_duration|unit":"millisec","report/test_results/ecg_recording:0/lead_v1:0/t_area|magnitude":65.8,"report/test_results/ecg_recording:0/lead_v1:0/t_area|unit":"Ashman units","report/test_results/ecg_recording:0/lead_v2:0/p_amplitude|magnitude":6.54,"report/test_results/ecg_recording:0/lead_v2:0/p_amplitude|unit":"mV","report/test_results/ecg_recording:0/lead_v2:0/p_duration|magnitude":83.0,"report/test_results/ecg_recording:0/lead_v2:0/p_duration|unit":"millisec","report/test_results/ecg_recording:0/lead_v2:0/p_area|magnitude":14.6,"report/test_results/ecg_recording:0/lead_v2:0/p_area|unit":"Ashman units","report/test_results/ecg_recording:0/lead_v2:0/p_amplitude2|magnitude":49.91,"report/test_results/ecg_recording:0/lead_v2:0/p_amplitude2|unit":"mV","report/test_results/ecg_recording:0/lead_v2:0/p_duration2|magnitude":36.0,"report/test_results/ecg_recording:0/lead_v2:0/p_duration2|unit":"millisec","report/test_results/ecg_recording:0/lead_v2:0/p_area2|magnitude":11.5,"report/test_results/ecg_recording:0/lead_v2:0/p_area2|unit":"Ashman units","report/test_results/ecg_recording:0/lead_v2:0/q_amplitude|magnitude":93.82,"report/test_results/ecg_recording:0/lead_v2:0/q_amplitude|unit":"mV","report/test_results/ecg_recording:0/lead_v2:0/q_duration|magnitude":6.0,"report/test_results/ecg_recording:0/lead_v2:0/q_duration|unit":"millisec","report/test_results/ecg_recording:0/lead_v2:0/r_amplitude|magnitude":1.8,"report/test_results/ecg_recording:0/lead_v2:0/r_amplitude|unit":"mV","report/test_results/ecg_recording:0/lead_v2:0/r_duration|magnitude":20.0,"report/test_results/ecg_recording:0/lead_v2:0/r_duration|unit":"millisec","report/test_results/ecg_recording:0/lead_v2:0/s_amplitude|magnitude":69.99,"report/test_results/ecg_recording:0/lead_v2:0/s_amplitude|unit":"mV","report/test_results/ecg_recording:0/lead_v2:0/s_duration|magnitude":72.0,"report/test_results/ecg_recording:0/lead_v2:0/s_duration|unit":"millisec","report/test_results/ecg_recording:0/lead_v2:0/r_amplitude2|magnitude":56.31,"report/test_results/ecg_recording:0/lead_v2:0/r_amplitude2|unit":"mV","report/test_results/ecg_recording:0/lead_v2:0/r_duration2|magnitude":91.0,"report/test_results/ecg_recording:0/lead_v2:0/r_duration2|unit":"millisec","report/test_results/ecg_recording:0/lead_v2:0/s_amplitude2|magnitude":34.47,"report/test_results/ecg_recording:0/lead_v2:0/s_amplitude2|unit":"mV","report/test_results/ecg_recording:0/lead_v2:0/s_duration2|magnitude":23.0,"report/test_results/ecg_recording:0/lead_v2:0/s_duration2|unit":"millisec","report/test_results/ecg_recording:0/lead_v2:0/v.a.t.|magnitude":36.0,"report/test_results/ecg_recording:0/lead_v2:0/v.a.t.|unit":"millisec","report/test_results/ecg_recording:0/lead_v2:0/qrs_p-p|magnitude":48.09,"report/test_results/ecg_recording:0/lead_v2:0/qrs_p-p|unit":"mV","report/test_results/ecg_recording:0/lead_v2:0/qrs_duration|magnitude":18.0,"report/test_results/ecg_recording:0/lead_v2:0/qrs_duration|unit":"millisec","report/test_results/ecg_recording:0/lead_v2:0/qrs_area|magnitude":59.9,"report/test_results/ecg_recording:0/lead_v2:0/qrs_area|unit":"Ashman units","report/test_results/ecg_recording:0/lead_v2:0/st_onset|magnitude":70.75,"report/test_results/ecg_recording:0/lead_v2:0/st_onset|unit":"mV","report/test_results/ecg_recording:0/lead_v2:0/st_midpoint|magnitude":58.02,"report/test_results/ecg_recording:0/lead_v2:0/st_midpoint|unit":"mV","report/test_results/ecg_recording:0/lead_v2:0/st_80ms|magnitude":56.77,"report/test_results/ecg_recording:0/lead_v2:0/st_80ms|unit":"mV","report/test_results/ecg_recording:0/lead_v2:0/st_end|magnitude":88.77,"report/test_results/ecg_recording:0/lead_v2:0/st_end|unit":"mV","report/test_results/ecg_recording:0/lead_v2:0/st_duration|magnitude":79.0,"report/test_results/ecg_recording:0/lead_v2:0/st_duration|unit":"millisec","report/test_results/ecg_recording:0/lead_v2:0/st_slope|magnitude":31.0,"report/test_results/ecg_recording:0/lead_v2:0/st_slope|unit":"°","report/test_results/ecg_recording:0/lead_v2:0/st_shape|code":"at0070","report/test_results/ecg_recording:0/lead_v2:0/t_amplitude|magnitude":47.86,"report/test_results/ecg_recording:0/lead_v2:0/t_amplitude|unit":"mV","report/test_results/ecg_recording:0/lead_v2:0/t_duration|magnitude":48.0,"report/test_results/ecg_recording:0/lead_v2:0/t_duration|unit":"millisec","report/test_results/ecg_recording:0/lead_v2:0/t_area|magnitude":74.1,"report/test_results/ecg_recording:0/lead_v2:0/t_area|unit":"Ashman units","report/test_results/ecg_recording:0/lead_v3:0/p_amplitude|magnitude":84.53,"report/test_results/ecg_recording:0/lead_v3:0/p_amplitude|unit":"mV","report/test_results/ecg_recording:0/lead_v3:0/p_duration|magnitude":25.0,"report/test_results/ecg_recording:0/lead_v3:0/p_duration|unit":"millisec","report/test_results/ecg_recording:0/lead_v3:0/p_area|magnitude":45.0,"report/test_results/ecg_recording:0/lead_v3:0/p_area|unit":"Ashman units","report/test_results/ecg_recording:0/lead_v3:0/p_amplitude2|magnitude":67.16,"report/test_results/ecg_recording:0/lead_v3:0/p_amplitude2|unit":"mV","report/test_results/ecg_recording:0/lead_v3:0/p_duration2|magnitude":73.0,"report/test_results/ecg_recording:0/lead_v3:0/p_duration2|unit":"millisec","report/test_results/ecg_recording:0/lead_v3:0/p_area2|magnitude":47.5,"report/test_results/ecg_recording:0/lead_v3:0/p_area2|unit":"Ashman units","report/test_results/ecg_recording:0/lead_v3:0/q_amplitude|magnitude":27.65,"report/test_results/ecg_recording:0/lead_v3:0/q_amplitude|unit":"mV","report/test_results/ecg_recording:0/lead_v3:0/q_duration|magnitude":95.0,"report/test_results/ecg_recording:0/lead_v3:0/q_duration|unit":"millisec","report/test_results/ecg_recording:0/lead_v3:0/r_amplitude|magnitude":71.58,"report/test_results/ecg_recording:0/lead_v3:0/r_amplitude|unit":"mV","report/test_results/ecg_recording:0/lead_v3:0/r_duration|magnitude":82.0,"report/test_results/ecg_recording:0/lead_v3:0/r_duration|unit":"millisec","report/test_results/ecg_recording:0/lead_v3:0/s_amplitude|magnitude":10.89,"report/test_results/ecg_recording:0/lead_v3:0/s_amplitude|unit":"mV","report/test_results/ecg_recording:0/lead_v3:0/s_duration|magnitude":65.0,"report/test_results/ecg_recording:0/lead_v3:0/s_duration|unit":"millisec","report/test_results/ecg_recording:0/lead_v3:0/r_amplitude2|magnitude":41.27,"report/test_results/ecg_recording:0/lead_v3:0/r_amplitude2|unit":"mV","report/test_results/ecg_recording:0/lead_v3:0/r_duration2|magnitude":72.0,"report/test_results/ecg_recording:0/lead_v3:0/r_duration2|unit":"millisec","report/test_results/ecg_recording:0/lead_v3:0/s_amplitude2|magnitude":55.48,"report/test_results/ecg_recording:0/lead_v3:0/s_amplitude2|unit":"mV","report/test_results/ecg_recording:0/lead_v3:0/s_duration2|magnitude":67.0,"report/test_results/ecg_recording:0/lead_v3:0/s_duration2|unit":"millisec","report/test_results/ecg_recording:0/lead_v3:0/v.a.t.|magnitude":92.0,"report/test_results/ecg_recording:0/lead_v3:0/v.a.t.|unit":"millisec","report/test_results/ecg_recording:0/lead_v3:0/qrs_p-p|magnitude":33.74,"report/test_results/ecg_recording:0/lead_v3:0/qrs_p-p|unit":"mV","report/test_results/ecg_recording:0/lead_v3:0/qrs_duration|magnitude":61.0,"report/test_results/ecg_recording:0/lead_v3:0/qrs_duration|unit":"millisec","report/test_results/ecg_recording:0/lead_v3:0/qrs_area|magnitude":11.8,"report/test_results/ecg_recording:0/lead_v3:0/qrs_area|unit":"Ashman units","report/test_results/ecg_recording:0/lead_v3:0/st_onset|magnitude":69.14,"report/test_results/ecg_recording:0/lead_v3:0/st_onset|unit":"mV","report/test_results/ecg_recording:0/lead_v3:0/st_midpoint|magnitude":2.95,"report/test_results/ecg_recording:0/lead_v3:0/st_midpoint|unit":"mV","report/test_results/ecg_recording:0/lead_v3:0/st_80ms|magnitude":22.86,"report/test_results/ecg_recording:0/lead_v3:0/st_80ms|unit":"mV","report/test_results/ecg_recording:0/lead_v3:0/st_end|magnitude":88.02,"report/test_results/ecg_recording:0/lead_v3:0/st_end|unit":"mV","report/test_results/ecg_recording:0/lead_v3:0/st_duration|magnitude":29.0,"report/test_results/ecg_recording:0/lead_v3:0/st_duration|unit":"millisec","report/test_results/ecg_recording:0/lead_v3:0/st_slope|magnitude":14.0,"report/test_results/ecg_recording:0/lead_v3:0/st_slope|unit":"°","report/test_results/ecg_recording:0/lead_v3:0/st_shape|code":"at0071","report/test_results/ecg_recording:0/lead_v3:0/t_amplitude|magnitude":41.51,"report/test_results/ecg_recording:0/lead_v3:0/t_amplitude|unit":"mV","report/test_results/ecg_recording:0/lead_v3:0/t_duration|magnitude":19.0,"report/test_results/ecg_recording:0/lead_v3:0/t_duration|unit":"millisec","report/test_results/ecg_recording:0/lead_v3:0/t_area|magnitude":25.5,"report/test_results/ecg_recording:0/lead_v3:0/t_area|unit":"Ashman units","report/test_results/ecg_recording:0/lead_v4:0/p_amplitude|magnitude":38.21,"report/test_results/ecg_recording:0/lead_v4:0/p_amplitude|unit":"mV","report/test_results/ecg_recording:0/lead_v4:0/p_duration|magnitude":32.0,"report/test_results/ecg_recording:0/lead_v4:0/p_duration|unit":"millisec","report/test_results/ecg_recording:0/lead_v4:0/p_area|magnitude":58.3,"report/test_results/ecg_recording:0/lead_v4:0/p_area|unit":"Ashman units","report/test_results/ecg_recording:0/lead_v4:0/p_amplitude2|magnitude":21.96,"report/test_results/ecg_recording:0/lead_v4:0/p_amplitude2|unit":"mV","report/test_results/ecg_recording:0/lead_v4:0/p_duration2|magnitude":11.0,"report/test_results/ecg_recording:0/lead_v4:0/p_duration2|unit":"millisec","report/test_results/ecg_recording:0/lead_v4:0/p_area2|magnitude":88.1,"report/test_results/ecg_recording:0/lead_v4:0/p_area2|unit":"Ashman units","report/test_results/ecg_recording:0/lead_v4:0/q_amplitude|magnitude":96.0,"report/test_results/ecg_recording:0/lead_v4:0/q_amplitude|unit":"mV","report/test_results/ecg_recording:0/lead_v4:0/q_duration|magnitude":29.0,"report/test_results/ecg_recording:0/lead_v4:0/q_duration|unit":"millisec","report/test_results/ecg_recording:0/lead_v4:0/r_amplitude|magnitude":15.5,"report/test_results/ecg_recording:0/lead_v4:0/r_amplitude|unit":"mV","report/test_results/ecg_recording:0/lead_v4:0/r_duration|magnitude":62.0,"report/test_results/ecg_recording:0/lead_v4:0/r_duration|unit":"millisec","report/test_results/ecg_recording:0/lead_v4:0/s_amplitude|magnitude":29.19,"report/test_results/ecg_recording:0/lead_v4:0/s_amplitude|unit":"mV","report/test_results/ecg_recording:0/lead_v4:0/s_duration|magnitude":29.0,"report/test_results/ecg_recording:0/lead_v4:0/s_duration|unit":"millisec","report/test_results/ecg_recording:0/lead_v4:0/r_amplitude2|magnitude":45.19,"report/test_results/ecg_recording:0/lead_v4:0/r_amplitude2|unit":"mV","report/test_results/ecg_recording:0/lead_v4:0/r_duration2|magnitude":95.0,"report/test_results/ecg_recording:0/lead_v4:0/r_duration2|unit":"millisec","report/test_results/ecg_recording:0/lead_v4:0/s_amplitude2|magnitude":87.39,"report/test_results/ecg_recording:0/lead_v4:0/s_amplitude2|unit":"mV","report/test_results/ecg_recording:0/lead_v4:0/s_duration2|magnitude":94.0,"report/test_results/ecg_recording:0/lead_v4:0/s_duration2|unit":"millisec","report/test_results/ecg_recording:0/lead_v4:0/v.a.t.|magnitude":79.0,"report/test_results/ecg_recording:0/lead_v4:0/v.a.t.|unit":"millisec","report/test_results/ecg_recording:0/lead_v4:0/qrs_p-p|magnitude":37.44,"report/test_results/ecg_recording:0/lead_v4:0/qrs_p-p|unit":"mV","report/test_results/ecg_recording:0/lead_v4:0/qrs_duration|magnitude":84.0,"report/test_results/ecg_recording:0/lead_v4:0/qrs_duration|unit":"millisec","report/test_results/ecg_recording:0/lead_v4:0/qrs_area|magnitude":77.7,"report/test_results/ecg_recording:0/lead_v4:0/qrs_area|unit":"Ashman units","report/test_results/ecg_recording:0/lead_v4:0/st_onset|magnitude":4.83,"report/test_results/ecg_recording:0/lead_v4:0/st_onset|unit":"mV","report/test_results/ecg_recording:0/lead_v4:0/st_midpoint|magnitude":21.25,"report/test_results/ecg_recording:0/lead_v4:0/st_midpoint|unit":"mV","report/test_results/ecg_recording:0/lead_v4:0/st_80ms|magnitude":28.05,"report/test_results/ecg_recording:0/lead_v4:0/st_80ms|unit":"mV","report/test_results/ecg_recording:0/lead_v4:0/st_end|magnitude":82.62,"report/test_results/ecg_recording:0/lead_v4:0/st_end|unit":"mV","report/test_results/ecg_recording:0/lead_v4:0/st_duration|magnitude":38.0,"report/test_results/ecg_recording:0/lead_v4:0/st_duration|unit":"millisec","report/test_results/ecg_recording:0/lead_v4:0/st_slope|magnitude":72.0,"report/test_results/ecg_recording:0/lead_v4:0/st_slope|unit":"°","report/test_results/ecg_recording:0/lead_v4:0/st_shape|code":"at0072","report/test_results/ecg_recording:0/lead_v4:0/t_amplitude|magnitude":8.04,"report/test_results/ecg_recording:0/lead_v4:0/t_amplitude|unit":"mV","report/test_results/ecg_recording:0/lead_v4:0/t_duration|magnitude":41.0,"report/test_results/ecg_recording:0/lead_v4:0/t_duration|unit":"millisec","report/test_results/ecg_recording:0/lead_v4:0/t_area|magnitude":79.7,"report/test_results/ecg_recording:0/lead_v4:0/t_area|unit":"Ashman units","report/test_results/ecg_recording:0/lead_v5:0/p_amplitude|magnitude":19.68,"report/test_results/ecg_recording:0/lead_v5:0/p_amplitude|unit":"mV","report/test_results/ecg_recording:0/lead_v5:0/p_duration|magnitude":1.0,"report/test_results/ecg_recording:0/lead_v5:0/p_duration|unit":"millisec","report/test_results/ecg_recording:0/lead_v5:0/p_area|magnitude":74.0,"report/test_results/ecg_recording:0/lead_v5:0/p_area|unit":"Ashman units","report/test_results/ecg_recording:0/lead_v5:0/p_amplitude2|magnitude":41.47,"report/test_results/ecg_recording:0/lead_v5:0/p_amplitude2|unit":"mV","report/test_results/ecg_recording:0/lead_v5:0/p_duration2|magnitude":73.0,"report/test_results/ecg_recording:0/lead_v5:0/p_duration2|unit":"millisec","report/test_results/ecg_recording:0/lead_v5:0/p_area2|magnitude":38.6,"report/test_results/ecg_recording:0/lead_v5:0/p_area2|unit":"Ashman units","report/test_results/ecg_recording:0/lead_v5:0/q_amplitude|magnitude":65.95,"report/test_results/ecg_recording:0/lead_v5:0/q_amplitude|unit":"mV","report/test_results/ecg_recording:0/lead_v5:0/q_duration|magnitude":93.0,"report/test_results/ecg_recording:0/lead_v5:0/q_duration|unit":"millisec","report/test_results/ecg_recording:0/lead_v5:0/r_amplitude|magnitude":57.86,"report/test_results/ecg_recording:0/lead_v5:0/r_amplitude|unit":"mV","report/test_results/ecg_recording:0/lead_v5:0/r_duration|magnitude":8.0,"report/test_results/ecg_recording:0/lead_v5:0/r_duration|unit":"millisec","report/test_results/ecg_recording:0/lead_v5:0/s_amplitude|magnitude":91.77,"report/test_results/ecg_recording:0/lead_v5:0/s_amplitude|unit":"mV","report/test_results/ecg_recording:0/lead_v5:0/s_duration|magnitude":61.0,"report/test_results/ecg_recording:0/lead_v5:0/s_duration|unit":"millisec","report/test_results/ecg_recording:0/lead_v5:0/r_amplitude2|magnitude":73.49,"report/test_results/ecg_recording:0/lead_v5:0/r_amplitude2|unit":"mV","report/test_results/ecg_recording:0/lead_v5:0/r_duration2|magnitude":96.0,"report/test_results/ecg_recording:0/lead_v5:0/r_duration2|unit":"millisec","report/test_results/ecg_recording:0/lead_v5:0/s_amplitude2|magnitude":50.9,"report/test_results/ecg_recording:0/lead_v5:0/s_amplitude2|unit":"mV","report/test_results/ecg_recording:0/lead_v5:0/s_duration2|magnitude":23.0,"report/test_results/ecg_recording:0/lead_v5:0/s_duration2|unit":"millisec","report/test_results/ecg_recording:0/lead_v5:0/v.a.t.|magnitude":88.0,"report/test_results/ecg_recording:0/lead_v5:0/v.a.t.|unit":"millisec","report/test_results/ecg_recording:0/lead_v5:0/qrs_p-p|magnitude":86.72,"report/test_results/ecg_recording:0/lead_v5:0/qrs_p-p|unit":"mV","report/test_results/ecg_recording:0/lead_v5:0/qrs_duration|magnitude":2.0,"report/test_results/ecg_recording:0/lead_v5:0/qrs_duration|unit":"millisec","report/test_results/ecg_recording:0/lead_v5:0/qrs_area|magnitude":88.8,"report/test_results/ecg_recording:0/lead_v5:0/qrs_area|unit":"Ashman units","report/test_results/ecg_recording:0/lead_v5:0/st_onset|magnitude":86.21,"report/test_results/ecg_recording:0/lead_v5:0/st_onset|unit":"mV","report/test_results/ecg_recording:0/lead_v5:0/st_midpoint|magnitude":71.04,"report/test_results/ecg_recording:0/lead_v5:0/st_midpoint|unit":"mV","report/test_results/ecg_recording:0/lead_v5:0/st_80ms|magnitude":55.68,"report/test_results/ecg_recording:0/lead_v5:0/st_80ms|unit":"mV","report/test_results/ecg_recording:0/lead_v5:0/st_end|magnitude":54.41,"report/test_results/ecg_recording:0/lead_v5:0/st_end|unit":"mV","report/test_results/ecg_recording:0/lead_v5:0/st_duration|magnitude":63.0,"report/test_results/ecg_recording:0/lead_v5:0/st_duration|unit":"millisec","report/test_results/ecg_recording:0/lead_v5:0/st_slope|magnitude":-4.0,"report/test_results/ecg_recording:0/lead_v5:0/st_slope|unit":"°","report/test_results/ecg_recording:0/lead_v5:0/st_shape|code":"at0071","report/test_results/ecg_recording:0/lead_v5:0/t_amplitude|magnitude":46.63,"report/test_results/ecg_recording:0/lead_v5:0/t_amplitude|unit":"mV","report/test_results/ecg_recording:0/lead_v5:0/t_duration|magnitude":13.0,"report/test_results/ecg_recording:0/lead_v5:0/t_duration|unit":"millisec","report/test_results/ecg_recording:0/lead_v5:0/t_area|magnitude":78.0,"report/test_results/ecg_recording:0/lead_v5:0/t_area|unit":"Ashman units","report/test_results/ecg_recording:0/lead_v6:0/p_amplitude|magnitude":61.24,"report/test_results/ecg_recording:0/lead_v6:0/p_amplitude|unit":"mV","report/test_results/ecg_recording:0/lead_v6:0/p_duration|magnitude":40.0,"report/test_results/ecg_recording:0/lead_v6:0/p_duration|unit":"millisec","report/test_results/ecg_recording:0/lead_v6:0/p_area|magnitude":1.7,"report/test_results/ecg_recording:0/lead_v6:0/p_area|unit":"Ashman units","report/test_results/ecg_recording:0/lead_v6:0/p_amplitude2|magnitude":45.02,"report/test_results/ecg_recording:0/lead_v6:0/p_amplitude2|unit":"mV","report/test_results/ecg_recording:0/lead_v6:0/p_duration2|magnitude":46.0,"report/test_results/ecg_recording:0/lead_v6:0/p_duration2|unit":"millisec","report/test_results/ecg_recording:0/lead_v6:0/p_area2|magnitude":55.3,"report/test_results/ecg_recording:0/lead_v6:0/p_area2|unit":"Ashman units","report/test_results/ecg_recording:0/lead_v6:0/q_amplitude|magnitude":84.46,"report/test_results/ecg_recording:0/lead_v6:0/q_amplitude|unit":"mV","report/test_results/ecg_recording:0/lead_v6:0/q_duration|magnitude":52.0,"report/test_results/ecg_recording:0/lead_v6:0/q_duration|unit":"millisec","report/test_results/ecg_recording:0/lead_v6:0/r_amplitude|magnitude":10.68,"report/test_results/ecg_recording:0/lead_v6:0/r_amplitude|unit":"mV","report/test_results/ecg_recording:0/lead_v6:0/r_duration|magnitude":99.0,"report/test_results/ecg_recording:0/lead_v6:0/r_duration|unit":"millisec","report/test_results/ecg_recording:0/lead_v6:0/s_amplitude|magnitude":66.46,"report/test_results/ecg_recording:0/lead_v6:0/s_amplitude|unit":"mV","report/test_results/ecg_recording:0/lead_v6:0/s_duration|magnitude":45.0,"report/test_results/ecg_recording:0/lead_v6:0/s_duration|unit":"millisec","report/test_results/ecg_recording:0/lead_v6:0/r_amplitude2|magnitude":11.94,"report/test_results/ecg_recording:0/lead_v6:0/r_amplitude2|unit":"mV","report/test_results/ecg_recording:0/lead_v6:0/r_duration2|magnitude":97.0,"report/test_results/ecg_recording:0/lead_v6:0/r_duration2|unit":"millisec","report/test_results/ecg_recording:0/lead_v6:0/s_amplitude2|magnitude":73.87,"report/test_results/ecg_recording:0/lead_v6:0/s_amplitude2|unit":"mV","report/test_results/ecg_recording:0/lead_v6:0/s_duration2|magnitude":17.0,"report/test_results/ecg_recording:0/lead_v6:0/s_duration2|unit":"millisec","report/test_results/ecg_recording:0/lead_v6:0/v.a.t.|magnitude":77.0,"report/test_results/ecg_recording:0/lead_v6:0/v.a.t.|unit":"millisec","report/test_results/ecg_recording:0/lead_v6:0/qrs_p-p|magnitude":70.26,"report/test_results/ecg_recording:0/lead_v6:0/qrs_p-p|unit":"mV","report/test_results/ecg_recording:0/lead_v6:0/qrs_duration|magnitude":17.0,"report/test_results/ecg_recording:0/lead_v6:0/qrs_duration|unit":"millisec","report/test_results/ecg_recording:0/lead_v6:0/qrs_area|magnitude":26.7,"report/test_results/ecg_recording:0/lead_v6:0/qrs_area|unit":"Ashman units","report/test_results/ecg_recording:0/lead_v6:0/st_onset|magnitude":94.05,"report/test_results/ecg_recording:0/lead_v6:0/st_onset|unit":"mV","report/test_results/ecg_recording:0/lead_v6:0/st_midpoint|magnitude":27.18,"report/test_results/ecg_recording:0/lead_v6:0/st_midpoint|unit":"mV","report/test_results/ecg_recording:0/lead_v6:0/st_80ms|magnitude":63.88,"report/test_results/ecg_recording:0/lead_v6:0/st_80ms|unit":"mV","report/test_results/ecg_recording:0/lead_v6:0/st_end|magnitude":55.43,"report/test_results/ecg_recording:0/lead_v6:0/st_end|unit":"mV","report/test_results/ecg_recording:0/lead_v6:0/st_duration|magnitude":31.0,"report/test_results/ecg_recording:0/lead_v6:0/st_duration|unit":"millisec","report/test_results/ecg_recording:0/lead_v6:0/st_slope|magnitude":10.0,"report/test_results/ecg_recording:0/lead_v6:0/st_slope|unit":"°","report/test_results/ecg_recording:0/lead_v6:0/st_shape|code":"at0070","report/test_results/ecg_recording:0/lead_v6:0/t_amplitude|magnitude":96.54,"report/test_results/ecg_recording:0/lead_v6:0/t_amplitude|unit":"mV","report/test_results/ecg_recording:0/lead_v6:0/t_duration|magnitude":40.0,"report/test_results/ecg_recording:0/lead_v6:0/t_duration|unit":"millisec","report/test_results/ecg_recording:0/lead_v6:0/t_area|magnitude":22.3,"report/test_results/ecg_recording:0/lead_v6:0/t_area|unit":"Ashman units","report/test_results/ecg_recording:0/automatic_interpretation:0":"Automatic interpretation 26","report/test_results/ecg_recording:0/overall_interpretation:0":"Overall interpretation 12","report/test_results/pulmonary_function_testing:0/result_details:0/pulmonary_volume_result/test_result_name|code":"at0067","report/test_results/pulmonary_function_testing:0/result_details:0/pulmonary_volume_result/actual_result|magnitude":99.14,"report/test_results/pulmonary_function_testing:0/result_details:0/pulmonary_volume_result/actual_result|unit":"l","report/test_results/pulmonary_function_testing:0/result_details:0/pulmonary_volume_result/actual_predicted_ratio|numerator":62.52,"report/test_results/pulmonary_function_testing:0/result_details:0/pulmonary_volume_result/actual_predicted_ratio|denominator":45.5,"report/test_results/pulmonary_function_testing:0/result_details:0/pulmonary_ratio_result/test_result_name|code":"at0081","report/test_results/pulmonary_function_testing:0/result_details:0/pulmonary_ratio_result/actual_result|numerator":46.34,"report/test_results/pulmonary_function_testing:0/result_details:0/pulmonary_ratio_result/actual_result|denominator":1.13,"report/test_results/pulmonary_function_testing:0/confounding_factors":"Confounding factors 85","report/test_results/pulmonary_function_testing:0/position|code":"at0116","report/test_results/pulmonary_function_testing:0/bronchial_challenge/agent_modality":"Agent/modality 46","report/test_results/pulmonary_function_testing:0/bronchial_challenge/dose":"Dose 66","report/test_results/pulmonary_function_testing:0/bronchial_challenge/timing|code":"at0094","report/test_results/pulmonary_function_testing:0/bronchial_challenge/duration":"P3DT3H1M1S","report/test_results/pulmonary_function_testing:0/bronchodilation/agent":"Agent 77","report/test_results/pulmonary_function_testing:0/bronchodilation/dose":"Dose 62","report/test_results/pulmonary_function_testing:0/bronchodilation/timing|code":"at0094","report/test_results/pulmonary_function_testing:0/bronchodilation/duration":"P1DT4H1M2S","report/assessment/problem_diagnosis:0/diagnosis":"Diagnosis 77","report/assessment/problem_diagnosis:0/last_updated":"2016-08-02T20:19:35.64Z","report/assessment/goal:0/target_dry_weight":"Target Dry Weight 17","report/assessment/goal:0/goal_description":"Goal description 88","report/assessment/goal:0/clinical_indication:0":"Clinical indication 97","report/assessment/goal:0/goal_start_date":"2016-08-02T20:19:35.64Z","report/assessment/goal:0/goal_proposed_date":"2016-08-02","report/assessment/goal:0/goal_end_date":"2016-08-02","report/assessment/goal:0/goal_outcome|code":"at0015","report/assessment/goal:0/goal_comment":"Goal comment 19","report/assessment/goal:0/target:0/dry_weigt":"Dry Weigt 87","report/assessment/goal:0/target:0/target|magnitude":2.52,"report/assessment/goal:0/target:0/target|unit":"kg","report/assessment/goal:0/target:0/target_path":"http://example.com/path/resource","report/assessment/goal:0/target:0/target_proposed_date":"2016-08-02","report/assessment/goal:0/target:0/target_end_date":"2016-08-02","report/assessment/goal:0/target:0/target_comment":"Target comment 16","report/assessment/goal:0/last_updated":"2016-08-02T20:19:35.64Z"}