{"meta":{"href":"https://ehrscape.code-4-health.org/rest/v1/template/HeartFailureClinic"},"webTemplate":{"templateId":"HeartFailureClinic","version":"2.3","defaultLanguage":"en","languages":["en"],"tree":{"id":"encounter","name":"Encounter","localizedName":"Encounter","rmType":"COMPOSITION","nodeId":"openEHR-EHR-COMPOSITION.encounter.v1","min":1,"max":1,"localizedNames":{"en":"Encounter"},"localizedDescriptions":{"en":"Interaction, contact or care event between a subject of care and healthcare provider(s)."},"aqlPath":"","children":[{"id":"context","rmType":"EVENT_CONTEXT","nodeId":"","min":1,"max":1,"aqlPath":"/context","children":[{"id":"start_time","name":"Start_time","rmType":"DV_DATE_TIME","min":1,"max":1,"aqlPath":"/context/start_time","inputs":[{"type":"DATETIME"}],"inContext":true},{"id":"setting","name":"Setting","rmType":"DV_CODED_TEXT","min":1,"max":1,"aqlPath":"/context/setting","inputs":[{"suffix":"code","type":"TEXT"},{"suffix":"value","type":"TEXT"}],"inContext":true}]},{"id":"composer","name":"Composer","rmType":"PARTY_PROXY","min":1,"max":1,"aqlPath":"/composer","inContext":true}]}}}