{"meta":{"href":"https://ehrscape.code-4-health.org/rest/v1/template/IDCR%20Allergies%20List.v0"},"webTemplate":{"templateId":"IDCR Allergies List.v0","version":"2.3","defaultLanguage":"en","languages":["en"],"tree":{"id":"allergies_list","name":"Allergies list","localizedName":"Allergies list","rmType":"COMPOSITION","nodeId":"openEHR-EHR-COMPOSITION.care_summary.v0","min":1,"max":1,"localizedNames":{"en":"Allergies list"},"localizedDescriptions":{"en":"Generic composition container for summaries of care."},"aqlPath":"","children":[{"id":"context","rmType":"EVENT_CONTEXT","nodeId":"","min":1,"max":1,"aqlPath":"/context","children":[{"id":"start_time","name":"Start_time","rmType":"DV_DATE_TIME","min":1,"max":1,"aqlPath":"/context/start_time","inputs":[{"type":"DATETIME"}],"inContext":true},{"id":"setting","name":"Setting","rmType":"DV_CODED_TEXT","min":1,"max":1,"aqlPath":"/context/setting","inputs":[{"suffix":"code","type":"TEXT"},{"suffix":"value","type":"TEXT"}],"inContext":true}]},{"id":"allergies_and_adverse_reactions","name":"Allergies and adverse reactions","localizedName":"Allergies and adverse reactions","rmType":"SECTION","nodeId":"openEHR-EHR-SECTION.allergies_adverse_reactions_rcp.v1","min":0,"max":-1,"localizedNames":{"en":"Allergies and adverse reactions"},"localizedDescriptions":{"en":"Allergies and adverse reactions heading (AoMRC)."},"aqlPath":"/content[openEHR-EHR-SECTION.allergies_adverse_reactions_rcp.v1]","children":[{"id":"exclusion_of_an_adverse_reaction","name":"Exclusion of an Adverse Reaction","localizedName":"Exclusion of an Adverse Reaction","rmType":"EVALUATION","nodeId":"openEHR-EHR-EVALUATION.exclusion-adverse_reaction.v1","min":0,"max":-1,"localizedNames":{"en":"Exclusion of an Adverse Reaction"},"localizedDescriptions":{"en":"Positive statement/s about adverse reactions that need to be recorded as clinically excluded from the health record at a specific point in time."},"aqlPath":"/content[openEHR-EHR-SECTION.allergies_adverse_reactions_rcp.v1]/items[openEHR-EHR-EVALUATION.exclusion-adverse_reaction.v1]","children":[{"id":"exclusion_statement","name":"Exclusion Statement","localizedName":"Exclusion Statement","rmType":"DV_TEXT","nodeId":"at0002.1","min":1,"max":-1,"localizedNames":{"en":"Exclusion Statement"},"localizedDescriptions":{"en":"A statement about exclusion of known adverse reactions in the health record."},"annotations":{"comment":"For example: \"No known adverse reactions\"; \"No known adverse reaction to\" (penicillin)."},"aqlPath":"/content[openEHR-EHR-SECTION.allergies_adverse_reactions_rcp.v1]/items[openEHR-EHR-EVALUATION.exclusion-adverse_reaction.v1]/data[at0001]/items[at0002.1]/value","inputs":[{"type":"TEXT"}]},{"id":"substance_agent","name":"Substance/Agent","localizedName":"Substance/Agent","rmType":"DV_CODED_TEXT","nodeId":"at0003.1","min":0,"max":-1,"localizedNames":{"en":"Substance/Agent"},"localizedDescriptions":{"en":"Identification of the specific substance or agent to which the Exclusion Statement applies."},"annotations":{"comment":"Coding of the Substance/Agent with a terminology is desirable, where possible."},"aqlPath":"/content[openEHR-EHR-SECTION.allergies_adverse_reactions_rcp.v1]/items[openEHR-EHR-EVALUATION.exclusion-adverse_reaction.v1]/data[at0001]/items[at0003.1]/value","inputs":[{"suffix":"code","type":"TEXT","listOpen":true},{"suffix":"value","type":"TEXT"},{"suffix":"other","type":"TEXT"}]},{"id":"comment","name":"Comment","localizedName":"Comment","rmType":"DV_TEXT","nodeId":"at0007","min":0,"max":1,"localizedNames":{"en":"Comment"},"localizedDescriptions":{"en":"Additional narrative about the Exclusion not captured in other fields."},"aqlPath":"/content[openEHR-EHR-SECTION.allergies_adverse_reactions_rcp.v1]/items[openEHR-EHR-EVALUATION.exclusion-adverse_reaction.v1]/data[at0001]/items[at0007]/value","inputs":[{"type":"TEXT"}]},{"id":"date_last_updated","name":"Date Last Updated","localizedName":"Date Last Updated","rmType":"DV_DATE_TIME","nodeId":"at0004","min":0,"max":1,"dependsOn":["exclusion_statement","comment","substance_agent"],"localizedNames":{"en":"Date Last Updated"},"localizedDescriptions":{"en":"The date at which the exclusion was last clinically asserted, affirmed or confirmed."},"aqlPath":"/content[openEHR-EHR-SECTION.allergies_adverse_reactions_rcp.v1]/items[openEHR-EHR-EVALUATION.exclusion-adverse_reaction.v1]/protocol[at0006]/items[at0004]/value","inputs":[{"type":"DATETIME"}]},{"id":"language","name":"Language","rmType":"CODE_PHRASE","min":1,"max":1,"aqlPath":"/content[openEHR-EHR-SECTION.allergies_adverse_reactions_rcp.v1]/items[openEHR-EHR-EVALUATION.exclusion-adverse_reaction.v1]/language","inContext":true},{"id":"encoding","name":"Encoding","rmType":"CODE_PHRASE","min":1,"max":1,"aqlPath":"/content[openEHR-EHR-SECTION.allergies_adverse_reactions_rcp.v1]/items[openEHR-EHR-EVALUATION.exclusion-adverse_reaction.v1]/encoding","inContext":true},{"id":"subject","name":"Subject","rmType":"PARTY_PROXY","min":1,"max":1,"aqlPath":"/content[openEHR-EHR-SECTION.allergies_adverse_reactions_rcp.v1]/items[openEHR-EHR-EVALUATION.exclusion-adverse_reaction.v1]/subject","inContext":true}]},{"id":"adverse_reaction","name":"Adverse reaction","localizedName":"Adverse reaction","rmType":"EVALUATION","nodeId":"openEHR-EHR-EVALUATION.adverse_reaction_uk.v1","min":0,"max":-1,"localizedNames":{"en":"Adverse reaction"},"localizedDescriptions":{"en":"Details of a harmful or undesirable effect, including allergy and intolerance, associated with known or suspected exposure to a drug or other medicinal substance."},"aqlPath":"/content[openEHR-EHR-SECTION.allergies_adverse_reactions_rcp.v1]/items[openEHR-EHR-EVALUATION.adverse_reaction_uk.v1]","children":[{"id":"causative_agent","name":"Causative agent","localizedName":"Causative agent","rmType":"DV_CODED_TEXT","nodeId":"at0002","min":0,"max":1,"localizedNames":{"en":"Causative agent"},"localizedDescriptions":{"en":"Details of the agent or medicinal substance believed to be the cause of the adverse reaction or allergy."},"annotations":{"comment":"For GP2GP V2 use, it is currently anticipated that there will be 4 permissible ways to express a Causative agent: \nDrug Group (SNOMED-CT),\ndm+d VMP/AMP (dm+d), \nIngredient (SNOMED-CT),\n TradeFamily/TradeFamilyGroup (SNOMED-CT).\n It is MANDATORY that one and only one of these must always be selected. Optionally, in addition a SNOMED AllergyCode may be sent as a mapping, but can never be sent on its own. \nFor legacy use other codes are permissible such as FDB Agent codes, EMIS Drug codes and READ codes but these should be carried as simple free text and the coded information carried in mappings/translation attributes. This kind of coding is not regarded as being safe to trigger decision support outwith the native GP system.\nThe exact subset definitions have not yet been agreed and may change prior to full implementation."},"aqlPath":"/content[openEHR-EHR-SECTION.allergies_adverse_reactions_rcp.v1]/items[openEHR-EHR-EVALUATION.adverse_reaction_uk.v1]/data[at0001]/items[at0002]/value","inputs":[{"suffix":"code","type":"TEXT","listOpen":true,"terminology":"SNOMED-CT?subset=CausativeAgents"},{"suffix":"value","type":"TEXT","terminology":"SNOMED-CT?subset=CausativeAgents"},{"suffix":"other","type":"TEXT"}],"termBindings":{"SNOMED-CT":{"value":"246075003","terminologyId":"SNOMED-CT"}}},{"id":"reaction_details","name":"Reaction details","localizedName":"Reaction details","rmType":"CLUSTER","nodeId":"at0025","min":0,"max":1,"localizedNames":{"en":"Reaction details"},"localizedDescriptions":{"en":"Details of a single reaction thought to be due to the causative agent."},"aqlPath":"/content[openEHR-EHR-SECTION.allergies_adverse_reactions_rcp.v1]/items[openEHR-EHR-EVALUATION.adverse_reaction_uk.v1]/data[at0001]/items[at0025]","children":[{"id":"reaction","name":"Reaction","localizedName":"Reaction","rmType":"DV_CODED_TEXT","nodeId":"at0004","min":0,"max":1,"localizedNames":{"en":"Reaction"},"localizedDescriptions":{"en":"An optional pre-coordinated unqualified SNOMED-CT code for the nature of the reaction produced by the  drug allergy."},"aqlPath":"/content[openEHR-EHR-SECTION.allergies_adverse_reactions_rcp.v1]/items[openEHR-EHR-EVALUATION.adverse_reaction_uk.v1]/data[at0001]/items[at0025]/items[at0004]/value","inputs":[{"suffix":"code","type":"TEXT","terminology":"SNOMED-CT?subset=ClinicalFinding"},{"suffix":"value","type":"TEXT","terminology":"SNOMED-CT?subset=ClinicalFinding"}],"termBindings":{"SNOMED-CT":{"value":"282100009","terminologyId":"SNOMED-CT"}}},{"id":"date_recorded","name":"Date recorded","localizedName":"Date recorded","rmType":"DV_DATE_TIME","nodeId":"at0021","min":0,"max":1,"localizedNames":{"en":"Date recorded"},"localizedDescriptions":{"en":"The date that the reaction was clinically recorded/asserted. This will  often equate to the date of onset of the reaction but this may not be wholly clear from source data."},"annotations":{"comment":"From Welsh IHR / openHR model."},"aqlPath":"/content[openEHR-EHR-SECTION.allergies_adverse_reactions_rcp.v1]/items[openEHR-EHR-EVALUATION.adverse_reaction_uk.v1]/data[at0001]/items[at0025]/items[at0021]/value","inputs":[{"type":"DATETIME"}]},{"id":"severity","name":"Severity","localizedName":"Severity","rmType":"DV_CODED_TEXT","nodeId":"at0005","min":0,"max":1,"localizedNames":{"en":"Severity"},"localizedDescriptions":{"en":"The severity of the reaction."},"annotations":{"comment":"This item has a Translation Set = Read Code (V2 or CTV3) and Snomed Code to ensure forwards and backwards compatability."},"aqlPath":"/content[openEHR-EHR-SECTION.allergies_adverse_reactions_rcp.v1]/items[openEHR-EHR-EVALUATION.adverse_reaction_uk.v1]/data[at0001]/items[at0025]/items[at0005]/value","inputs":[{"suffix":"code","type":"CODED_TEXT","list":[{"value":"at0009","label":"Mild","localizedLabels":{"en":"Mild"},"localizedDescriptions":{"en":"The reaction was mild."}},{"value":"at0010","label":"Moderate","localizedLabels":{"en":"Moderate"},"localizedDescriptions":{"en":"The reaction was moderate."}},{"value":"at0011","label":"Severe","localizedLabels":{"en":"Severe"},"localizedDescriptions":{"en":"The reaction was severe."}},{"value":"at0014","label":"Life-threatening","localizedLabels":{"en":"Life-threatening"},"localizedDescriptions":{"en":"The reaction was life-threatening."}},{"value":"at0026","label":"Fatal","localizedLabels":{"en":"Fatal"},"localizedDescriptions":{"en":"The reaction was fatal."}}]}],"termBindings":{"SNOMED-CT":{"value":"272141005","terminologyId":"SNOMED-CT"}}},{"id":"certainty","name":"Certainty","localizedName":"Certainty","rmType":"DV_CODED_TEXT","nodeId":"at0003","min":0,"max":1,"localizedNames":{"en":"Certainty"},"localizedDescriptions":{"en":"The certainty with which the reaction is deemed to be be due to allergy to the agent."},"annotations":{"comment":"This item has a Translation Set between Read Codes (V2 or CTV3) and Snomed Codes to ensure forwards and backwards compatibility."},"aqlPath":"/content[openEHR-EHR-SECTION.allergies_adverse_reactions_rcp.v1]/items[openEHR-EHR-EVALUATION.adverse_reaction_uk.v1]/data[at0001]/items[at0025]/items[at0003]/value","inputs":[{"suffix":"code","type":"CODED_TEXT","list":[{"value":"at0015","label":"Unlikely","localizedLabels":{"en":"Unlikely"},"localizedDescriptions":{"en":"The reaction is thought unlikely to have been caused by the agent."}},{"value":"at0017","label":"Likely","localizedLabels":{"en":"Likely"},"localizedDescriptions":{"en":"The reaction is thought likely to have been caused by the agent."}},{"value":"at0020","label":"Certain","localizedLabels":{"en":"Certain"},"localizedDescriptions":{"en":"The agent is thought to be certain to have caused the reaction but this has not been confirmed by challenge testing."}},{"value":"at0018","label":"Confirmed by challenge testing","localizedLabels":{"en":"Confirmed by challenge testing"},"localizedDescriptions":{"en":"The reaction to the agent has been confirmed by challenge testing or other concrete evidence."}}]}],"termBindings":{"SNOMED-CT":{"value":"255544004","terminologyId":"SNOMED-CT"}}},{"id":"comment","name":"Comment","localizedName":"Comment","rmType":"DV_TEXT","nodeId":"at0022","min":0,"max":1,"localizedNames":{"en":"Comment"},"localizedDescriptions":{"en":"Any additional comment or clarification about the adverse reaction."},"annotations":{"comment":"From Welsh IHR model"},"aqlPath":"/content[openEHR-EHR-SECTION.allergies_adverse_reactions_rcp.v1]/items[openEHR-EHR-EVALUATION.adverse_reaction_uk.v1]/data[at0001]/items[at0025]/items[at0022]/value","inputs":[{"type":"TEXT"}]}]},{"id":"language","name":"Language","rmType":"CODE_PHRASE","min":1,"max":1,"aqlPath":"/content[openEHR-EHR-SECTION.allergies_adverse_reactions_rcp.v1]/items[openEHR-EHR-EVALUATION.adverse_reaction_uk.v1]/language","inContext":true},{"id":"encoding","name":"Encoding","rmType":"CODE_PHRASE","min":1,"max":1,"aqlPath":"/content[openEHR-EHR-SECTION.allergies_adverse_reactions_rcp.v1]/items[openEHR-EHR-EVALUATION.adverse_reaction_uk.v1]/encoding","inContext":true},{"id":"subject","name":"Subject","rmType":"PARTY_PROXY","min":1,"max":1,"aqlPath":"/content[openEHR-EHR-SECTION.allergies_adverse_reactions_rcp.v1]/items[openEHR-EHR-EVALUATION.adverse_reaction_uk.v1]/subject","inContext":true}]}]},{"id":"composer","name":"Composer","rmType":"PARTY_PROXY","min":1,"max":1,"aqlPath":"/composer","inContext":true}]}}}