{"meta":{"href":"https://ehrscape.code-4-health.org/rest/v1/template/IDCR%20-%20Laboratory%20Order.v0"},"webTemplate":{"templateId":"IDCR - Laboratory Order.v0","version":"2.3","defaultLanguage":"en","languages":["en"],"tree":{"id":"laboratory_order","name":"Laboratory order","localizedName":"Laboratory order","rmType":"COMPOSITION","nodeId":"openEHR-EHR-COMPOSITION.referral.v0","min":1,"max":1,"localizedNames":{"en":"Laboratory order"},"localizedDescriptions":{"en":"Document containing all significant patient information required to transmit a request from one treating healthcare provider or organisation to another, for the purpose of consultation, review or transfer of care."},"aqlPath":"","children":[{"id":"context","rmType":"EVENT_CONTEXT","nodeId":"","min":1,"max":1,"aqlPath":"/context","children":[{"id":"start_time","name":"Start_time","rmType":"DV_DATE_TIME","min":0,"max":1,"aqlPath":"/context/start_time","inputs":[{"type":"DATETIME"}],"inContext":true},{"id":"setting","name":"Setting","rmType":"DV_CODED_TEXT","min":0,"max":1,"aqlPath":"/context/setting","inputs":[{"suffix":"code","type":"TEXT"},{"suffix":"value","type":"TEXT"}],"inContext":true}]},{"id":"laboratory_test_request","name":"Laboratory Test request","localizedName":"Laboratory Test request","rmType":"INSTRUCTION","nodeId":"openEHR-EHR-INSTRUCTION.request-lab_test.v1","min":0,"max":1,"localizedNames":{"en":"Laboratory Test request"},"localizedDescriptions":{"en":"Generic request for a laboratory request."},"aqlPath":"/content[openEHR-EHR-INSTRUCTION.request-lab_test.v1]","children":[{"id":"lab_request","name":"Lab Request","localizedName":"Lab Request","rmType":"ACTIVITY","nodeId":"at0001","min":1,"max":1,"localizedNames":{"en":"Lab Request"},"localizedDescriptions":{"en":"Current Activity."},"aqlPath":"/content[openEHR-EHR-INSTRUCTION.request-lab_test.v1]/activities[at0001,'Lab Request']","children":[{"id":"service_requested","name":"Service requested","localizedName":"Service requested","rmType":"DV_TEXT","nodeId":"at0121","min":1,"max":1,"localizedNames":{"en":"Service requested"},"localizedDescriptions":{"en":"Identification of the service requested. This is often coded with an external terminology."},"aqlPath":"/content[openEHR-EHR-INSTRUCTION.request-lab_test.v1]/activities[at0001,'Lab Request']/description[at0009]/items[at0121]/value","inputs":[{"type":"TEXT"}]},{"id":"timing","name":"Timing","rmType":"DV_PARSABLE","min":0,"max":1,"aqlPath":"/content[openEHR-EHR-INSTRUCTION.request-lab_test.v1]/activities[at0001,'Lab Request']/timing","inputs":[{"type":"TEXT"}],"inContext":true},{"id":"action_archetype_id","name":"Action_archetype_id","rmType":"STRING","min":0,"max":1,"aqlPath":"/content[openEHR-EHR-INSTRUCTION.request-lab_test.v1]/activities[at0001,'Lab Request']/action_archetype_id","inputs":[{"type":"TEXT"}],"inContext":true}]},{"id":"narrative","name":"Narrative","rmType":"DV_TEXT","min":0,"max":1,"aqlPath":"/content[openEHR-EHR-INSTRUCTION.request-lab_test.v1]/narrative","inputs":[{"type":"TEXT"}],"inContext":true},{"id":"language","name":"Language","rmType":"CODE_PHRASE","min":0,"max":1,"aqlPath":"/content[openEHR-EHR-INSTRUCTION.request-lab_test.v1]/language","inContext":true},{"id":"encoding","name":"Encoding","rmType":"CODE_PHRASE","min":0,"max":1,"aqlPath":"/content[openEHR-EHR-INSTRUCTION.request-lab_test.v1]/encoding","inContext":true},{"id":"subject","name":"Subject","rmType":"PARTY_PROXY","min":0,"max":1,"aqlPath":"/content[openEHR-EHR-INSTRUCTION.request-lab_test.v1]/subject","inContext":true}]},{"id":"laboratory_test_tracker","name":"Laboratory test tracker","localizedName":"Laboratory test tracker","rmType":"ACTION","nodeId":"openEHR-EHR-ACTION.laboratory_test.v1","min":0,"max":1,"localizedNames":{"en":"Laboratory test tracker"},"localizedDescriptions":{"en":"Clinical activity about performing a laboratory test."},"aqlPath":"/content[openEHR-EHR-ACTION.laboratory_test.v1]","children":[{"id":"ism_transition","name":"Ism_transition","rmType":"ISM_TRANSITION","min":0,"max":1,"aqlPath":"/content[openEHR-EHR-ACTION.laboratory_test.v1]/ism_transition","children":[{"id":"current_state","name":"Current_state","rmType":"DV_CODED_TEXT","min":1,"max":1,"aqlPath":"/content[openEHR-EHR-ACTION.laboratory_test.v1]/ism_transition/current_state","inputs":[{"suffix":"code","type":"CODED_TEXT","list":[{"value":"524","label":"initial"},{"value":"526","label":"planned"},{"value":"527","label":"postponed"},{"value":"528","label":"cancelled"},{"value":"529","label":"scheduled"},{"value":"530","label":"suspended"},{"value":"245","label":"active"},{"value":"531","label":"aborted"},{"value":"532","label":"completed"},{"value":"533","label":"expired"}]}],"inContext":true},{"id":"transition","name":"Transition","rmType":"DV_CODED_TEXT","min":0,"max":1,"aqlPath":"/content[openEHR-EHR-ACTION.laboratory_test.v1]/ism_transition/transition","inputs":[{"suffix":"code","type":"TEXT"},{"suffix":"value","type":"TEXT"}],"inContext":true},{"id":"careflow_step","name":"Careflow_step","rmType":"DV_CODED_TEXT","min":0,"max":1,"aqlPath":"/content[openEHR-EHR-ACTION.laboratory_test.v1]/ism_transition/careflow_step","inputs":[{"suffix":"code","type":"CODED_TEXT","list":[{"value":"at0002","label":"Test planned","localizedLabels":{"en":"Test planned"},"currentStates":["526"]},{"value":"at0003","label":"Test requested","localizedLabels":{"en":"Test requested"},"currentStates":["526"]},{"value":"at0009","label":"Test postponed","localizedLabels":{"en":"Test postponed"},"currentStates":["527"]},{"value":"at0011","label":"Test cancelled","localizedLabels":{"en":"Test cancelled"},"currentStates":["528"]},{"value":"at0004","label":"Appointment scheduled","localizedLabels":{"en":"Appointment scheduled"},"currentStates":["529"]},{"value":"at0005","label":"Appointment rescheduled","localizedLabels":{"en":"Appointment rescheduled"},"currentStates":["529"]},{"value":"at0008","label":"Test performed","localizedLabels":{"en":"Test performed"},"currentStates":["245"]},{"value":"at0014","label":"Failed attempt","localizedLabels":{"en":"Failed attempt"},"currentStates":["245"]},{"value":"at0010","label":"Test suspended","localizedLabels":{"en":"Test suspended"},"currentStates":["530"]},{"value":"at0012","label":"Test aborted","localizedLabels":{"en":"Test aborted"},"currentStates":["531"]},{"value":"at0007","label":"Test complete","localizedLabels":{"en":"Test complete"},"currentStates":["532"]}]}],"inContext":true}],"inContext":true},{"id":"test_name","name":"Test name","localizedName":"Test name","rmType":"DV_TEXT","nodeId":"at0017","min":0,"max":1,"localizedNames":{"en":"Test name"},"localizedDescriptions":{"en":"The name of the laboratory test (to be) performed. Coding of the specific test with a terminology is preferred, where possible."},"aqlPath":"/content[openEHR-EHR-ACTION.laboratory_test.v1]/description[at0001]/items[at0017]/value","inputs":[{"type":"TEXT"}]},{"id":"time","name":"Time","rmType":"DV_DATE_TIME","min":0,"max":1,"aqlPath":"/content[openEHR-EHR-ACTION.laboratory_test.v1]/time","inputs":[{"type":"DATETIME"}],"inContext":true},{"id":"language","name":"Language","rmType":"CODE_PHRASE","min":0,"max":1,"aqlPath":"/content[openEHR-EHR-ACTION.laboratory_test.v1]/language","inContext":true},{"id":"encoding","name":"Encoding","rmType":"CODE_PHRASE","min":0,"max":1,"aqlPath":"/content[openEHR-EHR-ACTION.laboratory_test.v1]/encoding","inContext":true},{"id":"subject","name":"Subject","rmType":"PARTY_PROXY","min":0,"max":1,"aqlPath":"/content[openEHR-EHR-ACTION.laboratory_test.v1]/subject","inContext":true}]},{"id":"composer","name":"Composer","rmType":"PARTY_PROXY","min":0,"max":1,"aqlPath":"/composer","inContext":true}]}}}