{"ctx/language":"en","ctx/territory":"US","ctx/composer_name":"Silvia Blake","ctx/time":"2016-08-23T13:53:20.488Z","ctx/id_namespace":"HOSPITAL-NS","ctx/id_scheme":"HOSPITAL-NS","ctx/participation_name":"Dr. Marcus Johnson","ctx/participation_function":"requester","ctx/participation_mode":"face-to-face communication","ctx/participation_id":"199","ctx/participation_name:1":"Lara Markham","ctx/participation_function:1":"performer","ctx/participation_id:1":"198","ctx/health_care_facility|name":"Hospital","ctx/health_care_facility|id":"9091","laboratory_order/laboratory_test_request/_uid":"99d2bd2e-6f4f-4b3b-8169-b8406d65a641","laboratory_order/laboratory_test_request/_other_participation:0|function":"performer","laboratory_order/laboratory_test_request/_other_participation:0|mode":"not specified","laboratory_order/laboratory_test_request/_other_participation:0|name":"Nurse Bailey","laboratory_order/laboratory_test_request/_other_participation:1|function":"requester","laboratory_order/laboratory_test_request/_other_participation:1|mode":"not specified","laboratory_order/laboratory_test_request/_other_participation:1|name":"Dr. Stiles","laboratory_order/laboratory_test_request/lab_request/service_requested":"Service requested 31","laboratory_order/laboratory_test_request/lab_request/timing":"R4/2016-08-23T13:00:00Z/P3M","laboratory_order/laboratory_test_request/narrative":"Human readable instruction narrative","laboratory_order/laboratory_test_tracker/ism_transition/current_state|code":"524","laboratory_order/laboratory_test_tracker/ism_transition/current_state|value":"initial","laboratory_order/laboratory_test_tracker/test_name":"Test name 18","laboratory_order/laboratory_test_tracker/time":"2016-08-23T13:53:20.489Z"}