{"ctx/language":"en","ctx/territory":"US","ctx/composer_name":"Silvia Blake","ctx/time":"2016-07-30T17:48:06.436Z","ctx/id_namespace":"HOSPITAL-NS","ctx/id_scheme":"HOSPITAL-NS","ctx/participation_name":"Dr. Marcus Johnson","ctx/participation_function":"requester","ctx/participation_mode":"face-to-face communication","ctx/participation_id":"199","ctx/participation_name:1":"Lara Markham","ctx/participation_function:1":"performer","ctx/participation_id:1":"198","ctx/health_care_facility|name":"Hospital","ctx/health_care_facility|id":"9091","procedures_list/procedures:0/procedure:0/ism_transition/current_state|code":"524","procedures_list/procedures:0/procedure:0/ism_transition/current_state|value":"initial","procedures_list/procedures:0/procedure:0/procedure_name":"Procedure name 82","procedures_list/procedures:0/procedure:0/procedure_notes":"Procedure notes 45","procedures_list/procedures:0/procedure:0/time":"2016-07-30T17:48:06.436Z"}