{"meta":{"href":"https://ehrscape.code-4-health.org/rest/v1/template/IDCR%20Procedures%20List.v0"},"webTemplate":{"templateId":"IDCR Procedures List.v0","version":"2.3","defaultLanguage":"en","languages":["en"],"tree":{"id":"procedures_list","name":"Procedures list","localizedName":"Procedures list","rmType":"COMPOSITION","nodeId":"openEHR-EHR-COMPOSITION.care_summary.v0","min":1,"max":1,"localizedNames":{"en":"Procedures list"},"localizedDescriptions":{"en":"Generic composition container for summaries of care."},"aqlPath":"","children":[{"id":"context","rmType":"EVENT_CONTEXT","nodeId":"","min":1,"max":1,"aqlPath":"/context","children":[{"id":"start_time","name":"Start_time","rmType":"DV_DATE_TIME","min":1,"max":1,"aqlPath":"/context/start_time","inputs":[{"type":"DATETIME"}],"inContext":true},{"id":"setting","name":"Setting","rmType":"DV_CODED_TEXT","min":1,"max":1,"aqlPath":"/context/setting","inputs":[{"suffix":"code","type":"TEXT"},{"suffix":"value","type":"TEXT"}],"inContext":true}]},{"id":"procedures","name":"Procedures","localizedName":"Procedures","rmType":"SECTION","nodeId":"openEHR-EHR-SECTION.procedures_rcp.v1","min":0,"max":-1,"localizedNames":{"en":"Procedures"},"localizedDescriptions":{"en":"Procedures heading (AoMRC)."},"aqlPath":"/content[openEHR-EHR-SECTION.procedures_rcp.v1]","children":[{"id":"procedure","name":"Procedure","localizedName":"Procedure","rmType":"ACTION","nodeId":"openEHR-EHR-ACTION.procedure.v1","min":0,"max":-1,"localizedNames":{"en":"Procedure"},"localizedDescriptions":{"en":"A clinical activity carried out for screening, investigative, diagnostic, curative, therapeutic, evaluative or palliative purposes."},"aqlPath":"/content[openEHR-EHR-SECTION.procedures_rcp.v1]/items[openEHR-EHR-ACTION.procedure.v1]","children":[{"id":"ism_transition","name":"Ism_transition","rmType":"ISM_TRANSITION","min":1,"max":1,"aqlPath":"/content[openEHR-EHR-SECTION.procedures_rcp.v1]/items[openEHR-EHR-ACTION.procedure.v1]/ism_transition","children":[{"id":"current_state","name":"Current_state","rmType":"DV_CODED_TEXT","min":1,"max":1,"aqlPath":"/content[openEHR-EHR-SECTION.procedures_rcp.v1]/items[openEHR-EHR-ACTION.procedure.v1]/ism_transition/current_state","inputs":[{"suffix":"code","type":"CODED_TEXT","list":[{"value":"524","label":"initial"},{"value":"526","label":"planned"},{"value":"527","label":"postponed"},{"value":"528","label":"cancelled"},{"value":"529","label":"scheduled"},{"value":"530","label":"suspended"},{"value":"245","label":"active"},{"value":"531","label":"aborted"},{"value":"532","label":"completed"},{"value":"533","label":"expired"}]}],"inContext":true},{"id":"transition","name":"Transition","rmType":"DV_CODED_TEXT","min":0,"max":1,"aqlPath":"/content[openEHR-EHR-SECTION.procedures_rcp.v1]/items[openEHR-EHR-ACTION.procedure.v1]/ism_transition/transition","inputs":[{"suffix":"code","type":"TEXT"},{"suffix":"value","type":"TEXT"}],"inContext":true},{"id":"careflow_step","name":"Careflow_step","rmType":"DV_CODED_TEXT","min":0,"max":1,"aqlPath":"/content[openEHR-EHR-SECTION.procedures_rcp.v1]/items[openEHR-EHR-ACTION.procedure.v1]/ism_transition/careflow_step","inputs":[{"suffix":"code","type":"CODED_TEXT","list":[{"value":"at0034","label":"Procedure planned","localizedLabels":{"en":"Procedure planned"},"currentStates":["524"]},{"value":"at0035","label":"Procedure request sent","localizedLabels":{"en":"Procedure request sent"},"currentStates":["524"]},{"value":"at0038","label":"Procedure postponed","localizedLabels":{"en":"Procedure postponed"},"currentStates":["527"]},{"value":"at0039","label":"Procedure cancelled","localizedLabels":{"en":"Procedure cancelled"},"currentStates":["528"]},{"value":"at0036","label":"Procedure scheduled","localizedLabels":{"en":"Procedure scheduled"},"currentStates":["529"]},{"value":"at0068","label":"Procedure commenced","localizedLabels":{"en":"Procedure commenced"},"currentStates":["245"]},{"value":"at0047","label":"Procedure performed","localizedLabels":{"en":"Procedure performed"},"currentStates":["245"]},{"value":"at0040","label":"Procedure suspended","localizedLabels":{"en":"Procedure suspended"},"currentStates":["530"]},{"value":"at0041","label":"Procedure aborted","localizedLabels":{"en":"Procedure aborted"},"currentStates":["531"]},{"value":"at0043","label":"Procedure completed","localizedLabels":{"en":"Procedure completed"},"currentStates":["532"]}]}],"inContext":true}],"inContext":true},{"id":"procedure_name","name":"Procedure name","localizedName":"Procedure name","rmType":"DV_TEXT","nodeId":"at0002","min":1,"max":1,"localizedNames":{"en":"Procedure name"},"localizedDescriptions":{"en":"Identification of the procedure by name."},"annotations":{"comment":"Coding of the specific procedure with a terminology is preferred, where possible."},"aqlPath":"/content[openEHR-EHR-SECTION.procedures_rcp.v1]/items[openEHR-EHR-ACTION.procedure.v1]/description[at0001]/items[at0002]/value","inputs":[{"type":"TEXT"}]},{"id":"procedure_notes","name":"Procedure notes","localizedName":"Procedure notes","rmType":"DV_TEXT","nodeId":"at0049","min":0,"max":1,"localizedNames":{"en":"Procedure notes"},"localizedDescriptions":{"en":"Narrative description about the procedure, as appropriate for the pathway step."},"annotations":{"comment":"For example: description about the performance and findings from the the procedure, the aborted attempt or the cancellation of the procedure."},"aqlPath":"/content[openEHR-EHR-SECTION.procedures_rcp.v1]/items[openEHR-EHR-ACTION.procedure.v1]/description[at0001]/items[at0049,'Procedure notes']/value","inputs":[{"type":"TEXT"}]},{"id":"time","name":"Time","rmType":"DV_DATE_TIME","min":1,"max":1,"aqlPath":"/content[openEHR-EHR-SECTION.procedures_rcp.v1]/items[openEHR-EHR-ACTION.procedure.v1]/time","inputs":[{"type":"DATETIME"}],"inContext":true},{"id":"language","name":"Language","rmType":"CODE_PHRASE","min":1,"max":1,"aqlPath":"/content[openEHR-EHR-SECTION.procedures_rcp.v1]/items[openEHR-EHR-ACTION.procedure.v1]/language","inContext":true},{"id":"encoding","name":"Encoding","rmType":"CODE_PHRASE","min":1,"max":1,"aqlPath":"/content[openEHR-EHR-SECTION.procedures_rcp.v1]/items[openEHR-EHR-ACTION.procedure.v1]/encoding","inContext":true},{"id":"subject","name":"Subject","rmType":"PARTY_PROXY","min":1,"max":1,"aqlPath":"/content[openEHR-EHR-SECTION.procedures_rcp.v1]/items[openEHR-EHR-ACTION.procedure.v1]/subject","inContext":true}]}]},{"id":"composer","name":"Composer","rmType":"PARTY_PROXY","min":1,"max":1,"aqlPath":"/composer","inContext":true}]}}}