{"meta":{"href":"https://ehrscape.code-4-health.org/rest/v1/composition/5ea5012f-bcd8-4289-95f3-9d83b2972365::diadem.c4h.ehrscape.com::11","precedingHref":"https://ehrscape.code-4-health.org/rest/v1/composition/5ea5012f-bcd8-4289-95f3-9d83b2972365::diadem::10"},"format":"FLAT","templateId":"IDCR - Laboratory Order.v0","composition":{"laboratory_order/_uid":"5ea5012f-bcd8-4289-95f3-9d83b2972365::diadem.c4h.ehrscape.com::11","laboratory_order/language|code":"en","laboratory_order/language|terminology":"ISO_639-1","laboratory_order/territory|code":"GB","laboratory_order/territory|terminology":"ISO_3166-1","laboratory_order/context/_health_care_facility|id":"999999-345","laboratory_order/context/_health_care_facility|id_scheme":"2.16.840.1.113883.2.1.4.3","laboratory_order/context/_health_care_facility|id_namespace":"NHS-UK","laboratory_order/context/_health_care_facility|name":"Northumbria Community NHS","laboratory_order/context/start_time":"2015-05-11T00:19:02.518+02:00","laboratory_order/context/setting|code":"238","laboratory_order/context/setting|value":"other care","laboratory_order/context/setting|terminology":"openehr","laboratory_order/laboratory_test_request/_uid":"c7dade86-b4f5-4a37-84e8-49a2cf273d0b","laboratory_order/laboratory_test_request/lab_request/service_requested|code":"26958001","laboratory_order/laboratory_test_request/lab_request/service_requested|value":"hepatic function panel","laboratory_order/laboratory_test_request/lab_request/service_requested|terminology":"SNOMED-CT","laboratory_order/laboratory_test_request/lab_request/timing":"R5/2015-05-11T00:19:00+02:00/P2M","laboratory_order/laboratory_test_request/lab_request/timing|formalism":"timing","laboratory_order/laboratory_test_request/narrative":"hepatic function panel","laboratory_order/laboratory_test_request/language|code":"en","laboratory_order/laboratory_test_request/language|terminology":"ISO_639-1","laboratory_order/laboratory_test_request/encoding|code":"UTF-8","laboratory_order/laboratory_test_request/encoding|terminology":"IANA_character-sets","laboratory_order/laboratory_test_tracker/ism_transition/current_state|code":"526","laboratory_order/laboratory_test_tracker/ism_transition/current_state|value":"planned","laboratory_order/laboratory_test_tracker/ism_transition/current_state|terminology":"openehr","laboratory_order/laboratory_test_tracker/ism_transition/careflow_step|code":"at0003","laboratory_order/laboratory_test_tracker/ism_transition/careflow_step|value":"Test requested","laboratory_order/laboratory_test_tracker/ism_transition/careflow_step|terminology":"local","laboratory_order/laboratory_test_tracker/test_name|code":"26958001","laboratory_order/laboratory_test_tracker/test_name|value":"hepatic function panel","laboratory_order/laboratory_test_tracker/test_name|terminology":"SNOMED-CT","laboratory_order/laboratory_test_tracker/time":"2015-05-11T00:19:02.518+02:00","laboratory_order/laboratory_test_tracker/language|code":"en","laboratory_order/laboratory_test_tracker/language|terminology":"ISO_639-1","laboratory_order/laboratory_test_tracker/encoding|code":"UTF-8","laboratory_order/laboratory_test_tracker/encoding|terminology":"IANA_character-sets","laboratory_order/composer|name":"Testy McTestFace 3:36:18 AM"},"deleted":false,"lastVersion":true}