{"ctx/language":"en","ctx/territory":"US","ctx/composer_name":"Silvia Blake","ctx/time":"2016-07-30T17:18:50.737Z","ctx/id_namespace":"HOSPITAL-NS","ctx/id_scheme":"HOSPITAL-NS","ctx/participation_name":"Dr. Marcus Johnson","ctx/participation_function":"requester","ctx/participation_mode":"face-to-face communication","ctx/participation_id":"199","ctx/participation_name:1":"Lara Markham","ctx/participation_function:1":"performer","ctx/participation_id:1":"198","ctx/health_care_facility|name":"Hospital","ctx/health_care_facility|id":"9091","allergies_list/allergies_and_adverse_reactions:0/exclusion_of_an_adverse_reaction:0/exclusion_statement:0":"Exclusion Statement 95","allergies_list/allergies_and_adverse_reactions:0/exclusion_of_an_adverse_reaction:0/substance_agent:0|code":"A.84","allergies_list/allergies_and_adverse_reactions:0/exclusion_of_an_adverse_reaction:0/substance_agent:0|value":"A.84 description","allergies_list/allergies_and_adverse_reactions:0/exclusion_of_an_adverse_reaction:0/substance_agent:0|terminology":"external_terminology","allergies_list/allergies_and_adverse_reactions:0/exclusion_of_an_adverse_reaction:0/comment":"Comment 39","allergies_list/allergies_and_adverse_reactions:0/exclusion_of_an_adverse_reaction:0/date_last_updated":"2016-07-30T17:18:50.737Z","allergies_list/allergies_and_adverse_reactions:0/adverse_reaction:0/causative_agent|code":"D.59","allergies_list/allergies_and_adverse_reactions:0/adverse_reaction:0/causative_agent|value":"D.59 description","allergies_list/allergies_and_adverse_reactions:0/adverse_reaction:0/reaction_details/reaction|code":"E.67","allergies_list/allergies_and_adverse_reactions:0/adverse_reaction:0/reaction_details/reaction|value":"E.67 description","allergies_list/allergies_and_adverse_reactions:0/adverse_reaction:0/reaction_details/date_recorded":"2016-07-30T17:18:50.737Z","allergies_list/allergies_and_adverse_reactions:0/adverse_reaction:0/reaction_details/severity|code":"at0014","allergies_list/allergies_and_adverse_reactions:0/adverse_reaction:0/reaction_details/certainty|code":"at0017","allergies_list/allergies_and_adverse_reactions:0/adverse_reaction:0/reaction_details/comment":"Comment 38"}