{"meta":{"href":"http://test.operon.systems/rest/v1/template/NHS%20Borders%20SAFER%20Chart"},"webTemplate":{"templateId":"NHS Borders SAFER Chart","version":"2.3","defaultLanguage":"en","languages":["en"],"tree":{"id":"safer_chart","name":"SAFER Chart","localizedName":"SAFER Chart","rmType":"COMPOSITION","nodeId":"openEHR-EHR-COMPOSITION.report.v1","min":1,"max":1,"localizedNames":{"en":"SAFER Chart"},"localizedDescriptions":{"en":"Document to communicate information to others, commonly in response to a request from another party."},"aqlPath":"","children":[{"id":"context","rmType":"EVENT_CONTEXT","nodeId":"","min":1,"max":1,"aqlPath":"/context","children":[{"id":"start_time","name":"Start_time","rmType":"DV_DATE_TIME","min":1,"max":1,"aqlPath":"/context/start_time","inputs":[{"type":"DATETIME"}],"inContext":true},{"id":"setting","name":"Setting","rmType":"DV_CODED_TEXT","min":1,"max":1,"aqlPath":"/context/setting","inputs":[{"suffix":"code","type":"TEXT"},{"suffix":"value","type":"TEXT"}],"inContext":true}]},{"id":"height_length","name":"Height/Length","localizedName":"Height/Length","rmType":"OBSERVATION","nodeId":"openEHR-EHR-OBSERVATION.height.v1","min":0,"max":-1,"localizedNames":{"en":"Height/Length"},"localizedDescriptions":{"en":"Height, or body length, is measured from crown of head to sole of foot.  Height is measured with the individual in a standing position and body length in a recumbent position."},"aqlPath":"/content[openEHR-EHR-OBSERVATION.height.v1]","children":[{"id":"any_event","name":"Any event","localizedName":"Any event","rmType":"POINT_EVENT","nodeId":"at0002","min":1,"max":-1,"localizedNames":{"en":"Any event"},"localizedDescriptions":{"en":"Any timed measurement of height or body length."},"annotations":{"view:pass_through":"true"},"aqlPath":"/content[openEHR-EHR-OBSERVATION.height.v1]/data[at0001]/events[at0002]","children":[{"id":"height_length","name":"Height/Length","localizedName":"Height/Length","rmType":"DV_QUANTITY","nodeId":"at0004","min":1,"max":1,"localizedNames":{"en":"Height/Length"},"localizedDescriptions":{"en":"The length of the body from crown of head to sole of foot."},"aqlPath":"/content[openEHR-EHR-OBSERVATION.height.v1]/data[at0001]/events[at0002]/data[at0003]/items[at0004]/value","inputs":[{"suffix":"magnitude","type":"DECIMAL","validation":{"range":{"minOp":">=","min":0.0,"maxOp":"<=","max":1000.0}}},{"suffix":"unit","type":"CODED_TEXT","list":[{"value":"cm","label":"cm","validation":{"range":{"minOp":">=","min":0.0,"maxOp":"<=","max":1000.0}}}]}]},{"id":"time","name":"Time","rmType":"DV_DATE_TIME","min":1,"max":1,"aqlPath":"/content[openEHR-EHR-OBSERVATION.height.v1]/data[at0001]/events[at0002]/time","inputs":[{"type":"DATETIME"}],"inContext":true}]},{"id":"language","name":"Language","rmType":"CODE_PHRASE","min":1,"max":1,"aqlPath":"/content[openEHR-EHR-OBSERVATION.height.v1]/language","inContext":true},{"id":"encoding","name":"Encoding","rmType":"CODE_PHRASE","min":1,"max":1,"aqlPath":"/content[openEHR-EHR-OBSERVATION.height.v1]/encoding","inContext":true},{"id":"subject","name":"Subject","rmType":"PARTY_PROXY","min":1,"max":1,"aqlPath":"/content[openEHR-EHR-OBSERVATION.height.v1]/subject","inContext":true}]},{"id":"body_weight","name":"Body weight","localizedName":"Body weight","rmType":"OBSERVATION","nodeId":"openEHR-EHR-OBSERVATION.body_weight.v1","min":0,"max":-1,"localizedNames":{"en":"Body weight"},"localizedDescriptions":{"en":"Measurement of the body weight of an individual."},"aqlPath":"/content[openEHR-EHR-OBSERVATION.body_weight.v1]","children":[{"id":"any_event","name":"Any event","localizedName":"Any event","rmType":"POINT_EVENT","nodeId":"at0003","min":0,"max":-1,"localizedNames":{"en":"Any event"},"localizedDescriptions":{"en":"Any event."},"annotations":{"view:pass_through":"true"},"aqlPath":"/content[openEHR-EHR-OBSERVATION.body_weight.v1]/data[at0002]/events[at0003]","children":[{"id":"weight","name":"Weight","localizedName":"Weight","rmType":"DV_QUANTITY","nodeId":"at0004","min":1,"max":1,"localizedNames":{"en":"Weight"},"localizedDescriptions":{"en":"The weight of the individual."},"aqlPath":"/content[openEHR-EHR-OBSERVATION.body_weight.v1]/data[at0002]/events[at0003]/data[at0001]/items[at0004]/value","inputs":[{"suffix":"magnitude","type":"DECIMAL","validation":{"range":{"minOp":">=","min":0.0,"maxOp":"<=","max":1000.0}}},{"suffix":"unit","type":"CODED_TEXT","list":[{"value":"kg","label":"kg","validation":{"range":{"minOp":">=","min":0.0,"maxOp":"<=","max":1000.0}}}]}]},{"id":"time","name":"Time","rmType":"DV_DATE_TIME","min":1,"max":1,"aqlPath":"/content[openEHR-EHR-OBSERVATION.body_weight.v1]/data[at0002]/events[at0003]/time","inputs":[{"type":"DATETIME"}],"inContext":true}]},{"id":"language","name":"Language","rmType":"CODE_PHRASE","min":1,"max":1,"aqlPath":"/content[openEHR-EHR-OBSERVATION.body_weight.v1]/language","inContext":true},{"id":"encoding","name":"Encoding","rmType":"CODE_PHRASE","min":1,"max":1,"aqlPath":"/content[openEHR-EHR-OBSERVATION.body_weight.v1]/encoding","inContext":true},{"id":"subject","name":"Subject","rmType":"PARTY_PROXY","min":1,"max":1,"aqlPath":"/content[openEHR-EHR-OBSERVATION.body_weight.v1]/subject","inContext":true}]},{"id":"body_mass_index","name":"Body mass index","localizedName":"Body mass index","rmType":"OBSERVATION","nodeId":"openEHR-EHR-OBSERVATION.body_mass_index.v1","min":0,"max":-1,"localizedNames":{"en":"Body mass index"},"localizedDescriptions":{"en":"Calculated measurement which compares a person's weight and height."},"aqlPath":"/content[openEHR-EHR-OBSERVATION.body_mass_index.v1]","children":[{"id":"any_event","name":"Any event","localizedName":"Any event","rmType":"POINT_EVENT","nodeId":"at0002","min":1,"max":-1,"localizedNames":{"en":"Any event"},"localizedDescriptions":{"en":"Any timed recording of Body Mass Index."},"annotations":{"view:pass_through":"true"},"aqlPath":"/content[openEHR-EHR-OBSERVATION.body_mass_index.v1]/data[at0001]/events[at0002]","children":[{"id":"body_mass_index","name":"Body Mass Index","localizedName":"Body Mass Index","rmType":"DV_QUANTITY","nodeId":"at0004","min":1,"max":1,"localizedNames":{"en":"Body Mass Index"},"localizedDescriptions":{"en":"Index describing ratio of weight to height."},"aqlPath":"/content[openEHR-EHR-OBSERVATION.body_mass_index.v1]/data[at0001]/events[at0002]/data[at0003]/items[at0004]/value","inputs":[{"suffix":"magnitude","type":"DECIMAL"},{"suffix":"unit","type":"CODED_TEXT","list":[{"value":"kg/m2","label":"kg/m2","validation":{"range":{"minOp":">=","min":0.0,"maxOp":"<","max":1000.0},"precision":{"minOp":">=","min":1,"maxOp":"<=","max":1}}},{"value":"lb/in2","label":"lb/in2","validation":{"range":{"minOp":">=","min":0.0,"maxOp":"<","max":1000.0},"precision":{"minOp":">=","min":1,"maxOp":"<=","max":1}}}]}],"termBindings":{"SNOMED-CT":{"value":"60621009","terminologyId":"SNOMED-CT"},"LOINC":{"value":"39156-5","terminologyId":"LOINC"}}},{"id":"time","name":"Time","rmType":"DV_DATE_TIME","min":1,"max":1,"aqlPath":"/content[openEHR-EHR-OBSERVATION.body_mass_index.v1]/data[at0001]/events[at0002]/time","inputs":[{"type":"DATETIME"}],"inContext":true}]},{"id":"language","name":"Language","rmType":"CODE_PHRASE","min":1,"max":1,"aqlPath":"/content[openEHR-EHR-OBSERVATION.body_mass_index.v1]/language","inContext":true},{"id":"encoding","name":"Encoding","rmType":"CODE_PHRASE","min":1,"max":1,"aqlPath":"/content[openEHR-EHR-OBSERVATION.body_mass_index.v1]/encoding","inContext":true},{"id":"subject","name":"Subject","rmType":"PARTY_PROXY","min":1,"max":1,"aqlPath":"/content[openEHR-EHR-OBSERVATION.body_mass_index.v1]/subject","inContext":true}]},{"id":"early_pregnancy_and_booking_nhs_borders","name":"Early pregnancy and booking NHS Borders","localizedName":"Early pregnancy and booking NHS Borders","rmType":"OBSERVATION","nodeId":"openEHR-EHR-OBSERVATION.early_pregnancy_booking_borders.v0","min":0,"max":-1,"localizedNames":{"en":"Early pregnancy and booking NHS Borders"},"localizedDescriptions":{"en":"Early pregrnancy and booking details for SAFER Chart."},"aqlPath":"/content[openEHR-EHR-OBSERVATION.early_pregnancy_booking_borders.v0]","children":[{"id":"thrombophilia","name":"Thrombophilia","localizedName":"Thrombophilia","rmType":"DV_CODED_TEXT","nodeId":"at0004","min":0,"max":1,"localizedNames":{"en":"Thrombophilia"},"localizedDescriptions":{"en":"Statement whether patient has thrombophilia and which type where required."},"aqlPath":"/content[openEHR-EHR-OBSERVATION.early_pregnancy_booking_borders.v0]/data[at0001]/events[at0002]/data[at0003]/items[at0004]/value","inputs":[{"suffix":"code","type":"CODED_TEXT","list":[{"value":"at0005","label":"No","localizedLabels":{"en":"No"},"localizedDescriptions":{"en":"The patient does not have thrombophilia."}},{"value":"at0006","label":"Yes, but not known which one","localizedLabels":{"en":"Yes, but not known which one"},"localizedDescriptions":{"en":"The patient has thrombophilia, but it is not known which type."}},{"value":"at0007","label":"Heterozygous for Factor V Leiden","localizedLabels":{"en":"Heterozygous for Factor V Leiden"},"localizedDescriptions":{"en":"The patient has thrombophilia of type Heterozygous for Factor V Leiden."}},{"value":"at0008","label":"Prothrombin Genene Mutation","localizedLabels":{"en":"Prothrombin Genene Mutation"},"localizedDescriptions":{"en":"The patient has thrombophilia of type Prothrombin Genene Mutation."}},{"value":"at0009","label":"Antithrombin deficiency","localizedLabels":{"en":"Antithrombin deficiency"},"localizedDescriptions":{"en":"The patient has thrombophilia of type Antithrombin deficiency."}},{"value":"at0010","label":"Protein C or Deficiency","localizedLabels":{"en":"Protein C or Deficiency"},"localizedDescriptions":{"en":"The patient has thrombophilia of type Protein C or Deficiency."}},{"value":"at0011","label":"Homozygous for Factor V Leiden","localizedLabels":{"en":"Homozygous for Factor V Leiden"},"localizedDescriptions":{"en":"The patient has thrombophilia of type Homozygous for Factor V Leiden."}},{"value":"at0012","label":"Other","localizedLabels":{"en":"Other"},"localizedDescriptions":{"en":"The patient has another type of thrombophilia."}}]}]},{"id":"personal_history_of_vte","name":"Personal history of VTE","localizedName":"Personal history of VTE","rmType":"DV_CODED_TEXT","nodeId":"at0013","min":0,"max":1,"localizedNames":{"en":"Personal history of VTE"},"localizedDescriptions":{"en":"Statement whether the patient has a personal history of Venous thrombo-embolism and whether this was related to surgery or not."},"aqlPath":"/content[openEHR-EHR-OBSERVATION.early_pregnancy_booking_borders.v0]/data[at0001]/events[at0002]/data[at0003]/items[at0013]/value","inputs":[{"suffix":"code","type":"CODED_TEXT","list":[{"value":"at0014","label":"No","localizedLabels":{"en":"No"},"localizedDescriptions":{"en":"The patient does not have a personal history of VTE."}},{"value":"at0015","label":"Single VTE related to surgery","localizedLabels":{"en":"Single VTE related to surgery"},"localizedDescriptions":{"en":"The patient has had a single VTE related to surgery."}},{"value":"at0016","label":"VTE(s) not related to surgery","localizedLabels":{"en":"VTE(s) not related to surgery"},"localizedDescriptions":{"en":"The patient has had one or more VTEs not related to surgery."}}]}]},{"id":"family_history_of_dvt","name":"Family history of DVT","localizedName":"Family history of DVT","rmType":"DV_CODED_TEXT","nodeId":"at0017","min":0,"max":1,"localizedNames":{"en":"Family history of DVT"},"localizedDescriptions":{"en":"Statement whether the patient has a family of unprovoked or oestrogen provoked Venous thrombo-embolism in first degree relative."},"aqlPath":"/content[openEHR-EHR-OBSERVATION.early_pregnancy_booking_borders.v0]/data[at0001]/events[at0002]/data[at0003]/items[at0017]/value","inputs":[{"suffix":"code","type":"CODED_TEXT","list":[{"value":"at0018","label":"No","localizedLabels":{"en":"No"},"localizedDescriptions":{"en":"The patient does not have a family history of DVT."}},{"value":"at0019","label":"Yes","localizedLabels":{"en":"Yes"},"localizedDescriptions":{"en":"The patient has a family history of DVT."}},{"value":"at0020","label":"Don't know","localizedLabels":{"en":"Don't know"},"localizedDescriptions":{"en":"It is not known whether the patient has a family history of DVT."}}]}]},{"id":"parity","name":"Parity","localizedName":"Parity","rmType":"DV_COUNT","nodeId":"at0021","min":0,"max":1,"localizedNames":{"en":"Parity"},"localizedDescriptions":{"en":"Number of pregnancies >24 weeks."},"aqlPath":"/content[openEHR-EHR-OBSERVATION.early_pregnancy_booking_borders.v0]/data[at0001]/events[at0002]/data[at0003]/items[at0021]/value","inputs":[{"type":"INTEGER","validation":{"range":{"minOp":">=","min":0}}}]},{"id":"medical_co-morbidity","name":"Medical co-morbidity","localizedName":"Medical co-morbidity","rmType":"DV_CODED_TEXT","nodeId":"at0022","min":0,"max":-1,"localizedNames":{"en":"Medical co-morbidity"},"localizedDescriptions":{"en":"Description of medical co-morbidity/ies such as active Crohn's or ulcerative colitis or nephrotic syndrome."},"aqlPath":"/content[openEHR-EHR-OBSERVATION.early_pregnancy_booking_borders.v0]/data[at0001]/events[at0002]/data[at0003]/items[at0022]/value","inputs":[{"suffix":"code","type":"CODED_TEXT","list":[{"value":"at0023","label":"No","localizedLabels":{"en":"No"},"localizedDescriptions":{"en":"The patient has no medical co-morbidities."}},{"value":"at0024","label":"Cancer","localizedLabels":{"en":"Cancer"},"localizedDescriptions":{"en":"The patient has cancer."}},{"value":"at0025","label":"Heart failure","localizedLabels":{"en":"Heart failure"},"localizedDescriptions":{"en":"The patient has heart failure."}},{"value":"at0027","label":"Active SLE","localizedLabels":{"en":"Active SLE"},"localizedDescriptions":{"en":"The patient has active systemic lupus erythematosus."}},{"value":"at0026","label":"Crohn's","localizedLabels":{"en":"Crohn's"},"localizedDescriptions":{"en":"The patient has Crohn's."}},{"value":"at0028","label":"Ulcerative colitis","localizedLabels":{"en":"Ulcerative colitis"},"localizedDescriptions":{"en":"The patient has ulcerative colitis."}},{"value":"at0029","label":"Inflammatory polyarthropathy","localizedLabels":{"en":"Inflammatory polyarthropathy"},"localizedDescriptions":{"en":"The patient has inflammatory polyarthropathy."}},{"value":"at0030","label":"Nephrotic syndrome","localizedLabels":{"en":"Nephrotic syndrome"},"localizedDescriptions":{"en":"The patient has nephrotic syndrome."}},{"value":"at0031","label":"Type 1 DM with nephropathy","localizedLabels":{"en":"Type 1 DM with nephropathy"},"localizedDescriptions":{"en":"The patient has type 1 diabetes mellitus with nephropathy."}},{"value":"at0032","label":"Sickle cell disease","localizedLabels":{"en":"Sickle cell disease"},"localizedDescriptions":{"en":"The patient has sickle cell disease."}},{"value":"at0033","label":"Current IVDU","localizedLabels":{"en":"Current IVDU"},"localizedDescriptions":{"en":"The patient is a current intravenous drug user."}}]}]},{"id":"current_bed_rest_24_hours","name":"Current bed rest >=24 hours","localizedName":"Current bed rest >=24 hours","rmType":"DV_CODED_TEXT","nodeId":"at0034","min":0,"max":1,"localizedNames":{"en":"Current bed rest >=24 hours"},"localizedDescriptions":{"en":"Statement whether the patient has had bed rest for 24 hours or more."},"aqlPath":"/content[openEHR-EHR-OBSERVATION.early_pregnancy_booking_borders.v0]/data[at0001]/events[at0002]/data[at0003]/items[at0034]/value","inputs":[{"suffix":"code","type":"CODED_TEXT","list":[{"value":"at0035","label":"No","localizedLabels":{"en":"No"},"localizedDescriptions":{"en":"The patient has not had current bed rest for 24 hours or more."}},{"value":"at0036","label":"Yes","localizedLabels":{"en":"Yes"},"localizedDescriptions":{"en":"The patient has had current bed rest for 24 hours or more."}},{"value":"at0037","label":"Don't know","localizedLabels":{"en":"Don't know"},"localizedDescriptions":{"en":"It is not known whether the patient has had current bed rest for 24 hours or more."}}]}]},{"id":"gross_varicose_veins","name":"Gross varicose veins","localizedName":"Gross varicose veins","rmType":"DV_CODED_TEXT","nodeId":"at0038","min":0,"max":1,"localizedNames":{"en":"Gross varicose veins"},"localizedDescriptions":{"en":"Statement whether the patient suffers from gross varicose veins."},"aqlPath":"/content[openEHR-EHR-OBSERVATION.early_pregnancy_booking_borders.v0]/data[at0001]/events[at0002]/data[at0003]/items[at0038]/value","inputs":[{"suffix":"code","type":"CODED_TEXT","list":[{"value":"at0039","label":"No","localizedLabels":{"en":"No"},"localizedDescriptions":{"en":"The patient does not suffer from gross varicose veins."}},{"value":"at0040","label":"Yes","localizedLabels":{"en":"Yes"},"localizedDescriptions":{"en":"The patient suffers from gross varicose veins."}},{"value":"at0041","label":"Don't know","localizedLabels":{"en":"Don't know"},"localizedDescriptions":{"en":"It is not known whether the patient suffers from gross varicose veins."}}]}]},{"id":"multiple_pregnancy","name":"Multiple pregnancy","localizedName":"Multiple pregnancy","rmType":"DV_CODED_TEXT","nodeId":"at0042","min":0,"max":1,"localizedNames":{"en":"Multiple pregnancy"},"localizedDescriptions":{"en":"Statement whether the current pregnancy is a multiple pregnancy."},"aqlPath":"/content[openEHR-EHR-OBSERVATION.early_pregnancy_booking_borders.v0]/data[at0001]/events[at0002]/data[at0003]/items[at0042]/value","inputs":[{"suffix":"code","type":"CODED_TEXT","list":[{"value":"at0043","label":"No","localizedLabels":{"en":"No"},"localizedDescriptions":{"en":"The current pregnancy is not a multiple pregnancy."}},{"value":"at0044","label":"Yes","localizedLabels":{"en":"Yes"},"localizedDescriptions":{"en":"The current pregnancy is a multiple pregnancy."}},{"value":"at0045","label":"Don't know","localizedLabels":{"en":"Don't know"},"localizedDescriptions":{"en":"It is not known whether the current pregnancy is a multiple pregnancy."}}]}]},{"id":"maternal_bleeding_disorder","name":"Maternal bleeding disorder","localizedName":"Maternal bleeding disorder","rmType":"DV_CODED_TEXT","nodeId":"at0046","min":0,"max":1,"localizedNames":{"en":"Maternal bleeding disorder"},"localizedDescriptions":{"en":"Statement whether the patient suffers from a bleeding disorder such as von Willebrands disease or haemophilia."},"aqlPath":"/content[openEHR-EHR-OBSERVATION.early_pregnancy_booking_borders.v0]/data[at0001]/events[at0002]/data[at0003]/items[at0046]/value","inputs":[{"suffix":"code","type":"CODED_TEXT","list":[{"value":"at0047","label":"No","localizedLabels":{"en":"No"},"localizedDescriptions":{"en":"The patient does not suffer from a bleeding disorder."}},{"value":"at0048","label":"Yes","localizedLabels":{"en":"Yes"},"localizedDescriptions":{"en":"The patient suffers from a bleeding disorder."}},{"value":"at0049","label":"Don't know","localizedLabels":{"en":"Don't know"},"localizedDescriptions":{"en":"It is not known whether the patient suffers from a bleeding disorder."}}]}]},{"id":"previous_pph_1000mls","name":"Previous PPH >1000mls","localizedName":"Previous PPH >1000mls","rmType":"DV_CODED_TEXT","nodeId":"at0050","min":0,"max":1,"localizedNames":{"en":"Previous PPH >1000mls"},"localizedDescriptions":{"en":"Statement whether the patient has suffered a previous post-partum haemorrhage of more than 1000mls."},"aqlPath":"/content[openEHR-EHR-OBSERVATION.early_pregnancy_booking_borders.v0]/data[at0001]/events[at0002]/data[at0003]/items[at0050]/value","inputs":[{"suffix":"code","type":"CODED_TEXT","list":[{"value":"at0051","label":"No","localizedLabels":{"en":"No"},"localizedDescriptions":{"en":"The patient has not suffered a previous post-partum haemorrhage."}},{"value":"at0052","label":"Yes","localizedLabels":{"en":"Yes"},"localizedDescriptions":{"en":"The patient has suffered a previous post-partum haemorrhage."}},{"value":"at0053","label":"Don't know","localizedLabels":{"en":"Don't know"},"localizedDescriptions":{"en":"It is not known whether the patient has suffered a previous post-partum haemorrhage."}}]}]},{"id":"family_origin","name":"Family origin","localizedName":"Family origin","rmType":"DV_CODED_TEXT","nodeId":"at0054","min":0,"max":1,"localizedNames":{"en":"Family origin"},"localizedDescriptions":{"en":"Statement about the patient's family origin."},"aqlPath":"/content[openEHR-EHR-OBSERVATION.early_pregnancy_booking_borders.v0]/data[at0001]/events[at0002]/data[at0003]/items[at0054]/value","inputs":[{"suffix":"code","type":"CODED_TEXT","list":[{"value":"at0055","label":"Caucasian","localizedLabels":{"en":"Caucasian"},"localizedDescriptions":{"en":"The patient is of Caucasian origin."}},{"value":"at0056","label":"Asian","localizedLabels":{"en":"Asian"},"localizedDescriptions":{"en":"The patient is of Asian origin."}},{"value":"at0057","label":"Black Caribbean","localizedLabels":{"en":"Black Caribbean"},"localizedDescriptions":{"en":"The patient is of Black Caribbean origin."}},{"value":"at0058","label":"Middle Eastern","localizedLabels":{"en":"Middle Eastern"},"localizedDescriptions":{"en":"The patient is of Middle Eastern origin."}},{"value":"at0059","label":"Other","localizedLabels":{"en":"Other"},"localizedDescriptions":{"en":"The patient is of other origin."}}]}]},{"id":"previous_gestational_diabetes","name":"Previous gestational diabetes","localizedName":"Previous gestational diabetes","rmType":"DV_CODED_TEXT","nodeId":"at0060","min":0,"max":1,"localizedNames":{"en":"Previous gestational diabetes"},"localizedDescriptions":{"en":"Statement whether the patient has suffered from a previous episode of gestational diabetes."},"aqlPath":"/content[openEHR-EHR-OBSERVATION.early_pregnancy_booking_borders.v0]/data[at0001]/events[at0002]/data[at0003]/items[at0060]/value","inputs":[{"suffix":"code","type":"CODED_TEXT","list":[{"value":"at0061","label":"No","localizedLabels":{"en":"No"},"localizedDescriptions":{"en":"The patient has not suffered from gestational diabetes previously."}},{"value":"at0062","label":"Yes","localizedLabels":{"en":"Yes"},"localizedDescriptions":{"en":"The patient has suffered from gestational diabetes previously."}},{"value":"at0063","label":"Don't know","localizedLabels":{"en":"Don't know"},"localizedDescriptions":{"en":"It is not known whether the patient has suffered from gestational diabetes previously."}}]}]},{"id":"family_history_of_diabetes","name":"Family history of diabetes","localizedName":"Family history of diabetes","rmType":"DV_CODED_TEXT","nodeId":"at0064","min":0,"max":1,"localizedNames":{"en":"Family history of diabetes"},"localizedDescriptions":{"en":"Statement whether the patient has a family history of diabetes."},"aqlPath":"/content[openEHR-EHR-OBSERVATION.early_pregnancy_booking_borders.v0]/data[at0001]/events[at0002]/data[at0003]/items[at0064]/value","inputs":[{"suffix":"code","type":"CODED_TEXT","list":[{"value":"at0065","label":"No","localizedLabels":{"en":"No"},"localizedDescriptions":{"en":"The patient does not have a family history of diabetes."}},{"value":"at0066","label":"Yes","localizedLabels":{"en":"Yes"},"localizedDescriptions":{"en":"The patient has a family history of diabetes."}},{"value":"at0067","label":"Don't know","localizedLabels":{"en":"Don't know"},"localizedDescriptions":{"en":"It is not know whether the patient has a family history of diabetes."}}]}]},{"id":"previous_baby_4.5kg","name":"Previous baby >4.5kg","localizedName":"Previous baby >4.5kg","rmType":"DV_CODED_TEXT","nodeId":"at0068","min":0,"max":1,"localizedNames":{"en":"Previous baby >4.5kg"},"localizedDescriptions":{"en":"Statement whether the patient has had a previous baby heavier than 4.5kg."},"aqlPath":"/content[openEHR-EHR-OBSERVATION.early_pregnancy_booking_borders.v0]/data[at0001]/events[at0002]/data[at0003]/items[at0068]/value","inputs":[{"suffix":"code","type":"CODED_TEXT","list":[{"value":"at0069","label":"No","localizedLabels":{"en":"No"},"localizedDescriptions":{"en":"The patient has not had a previous baby heavier than 4.5kg at birth."}},{"value":"at0070","label":"Yes","localizedLabels":{"en":"Yes"},"localizedDescriptions":{"en":"The patient has had a previous baby heavier than 4.5kg at birth."}},{"value":"at0071","label":"Don't know","localizedLabels":{"en":"Don't know"},"localizedDescriptions":{"en":"It is not known whether the patient has had a previous baby heavier than 4.5kg at birth."}}]}]},{"id":"previous_baby_with_iugr","name":"Previous baby with IUGR","localizedName":"Previous baby with IUGR","rmType":"DV_CODED_TEXT","nodeId":"at0072","min":0,"max":1,"localizedNames":{"en":"Previous baby with IUGR"},"localizedDescriptions":{"en":"Statement whether the patient has had a previous baby with intrauterine growth restriction."},"aqlPath":"/content[openEHR-EHR-OBSERVATION.early_pregnancy_booking_borders.v0]/data[at0001]/events[at0002]/data[at0003]/items[at0072]/value","inputs":[{"suffix":"code","type":"CODED_TEXT","list":[{"value":"at0073","label":"No","localizedLabels":{"en":"No"},"localizedDescriptions":{"en":"The patient has not had a previous baby with intrauterine growth restriction."}},{"value":"at0074","label":"Yes","localizedLabels":{"en":"Yes"},"localizedDescriptions":{"en":"The patient has had a previous baby with intrauterine growth restriction."}},{"value":"at0075","label":"Don't know","localizedLabels":{"en":"Don't know"},"localizedDescriptions":{"en":"It is not known whether the patient has had a previous baby with intrauterine growth restriction."}}]}]},{"id":"co_level_at_booking","name":"CO level at booking","localizedName":"CO level at booking","rmType":"DV_QUANTITY","nodeId":"at0076","min":0,"max":1,"localizedNames":{"en":"CO level at booking"},"localizedDescriptions":{"en":"Quantity of carbon monoxide in blood at time of booking."},"aqlPath":"/content[openEHR-EHR-OBSERVATION.early_pregnancy_booking_borders.v0]/data[at0001]/events[at0002]/data[at0003]/items[at0076]/value","inputs":[{"suffix":"magnitude","type":"DECIMAL","validation":{"range":{"minOp":">=","min":0.0,"maxOp":"<=","max":100.0},"precision":{"minOp":">=","min":2,"maxOp":"<=","max":2}}},{"suffix":"unit","type":"CODED_TEXT","list":[{"value":"%","label":"%","validation":{"range":{"minOp":">=","min":0.0,"maxOp":"<=","max":100.0},"precision":{"minOp":">=","min":2,"maxOp":"<=","max":2}}}]}]},{"id":"current_hyperemesis","name":"Current hyperemesis","localizedName":"Current hyperemesis","rmType":"DV_CODED_TEXT","nodeId":"at0077","min":0,"max":1,"localizedNames":{"en":"Current hyperemesis"},"localizedDescriptions":{"en":"Statement whether the patient currently suffers from hyperemesis."},"aqlPath":"/content[openEHR-EHR-OBSERVATION.early_pregnancy_booking_borders.v0]/data[at0001]/events[at0002]/data[at0003]/items[at0077]/value","inputs":[{"suffix":"code","type":"CODED_TEXT","list":[{"value":"at0078","label":"No","localizedLabels":{"en":"No"},"localizedDescriptions":{"en":"The patient does not currently suffer from hyperemesis."}},{"value":"at0079","label":"Yes","localizedLabels":{"en":"Yes"},"localizedDescriptions":{"en":"The patient currently suffers from hyperemesis."}},{"value":"at0080","label":"Don't know","localizedLabels":{"en":"Don't know"},"localizedDescriptions":{"en":"It is not known whether the patient currently suffers from hyperemesis."}}]}]},{"id":"current_iv_drug_user","name":"Current IV drug user","localizedName":"Current IV drug user","rmType":"DV_CODED_TEXT","nodeId":"at0081","min":0,"max":1,"localizedNames":{"en":"Current IV drug user"},"localizedDescriptions":{"en":"Statement whether the patient is a current intravenous drug user."},"aqlPath":"/content[openEHR-EHR-OBSERVATION.early_pregnancy_booking_borders.v0]/data[at0001]/events[at0002]/data[at0003]/items[at0081]/value","inputs":[{"suffix":"code","type":"CODED_TEXT","list":[{"value":"at0082","label":"No","localizedLabels":{"en":"No"},"localizedDescriptions":{"en":"The patient is not a current intravenous drug user."}},{"value":"at0083","label":"Yes","localizedLabels":{"en":"Yes"},"localizedDescriptions":{"en":"The patient is a current intravenous drug user."}},{"value":"at0084","label":"Don't know","localizedLabels":{"en":"Don't know"},"localizedDescriptions":{"en":"It is not known whether the patient is a current intravenous drug user."}}]}]},{"id":"current_infection","name":"Current infection","localizedName":"Current infection","rmType":"DV_CODED_TEXT","nodeId":"at0085","min":0,"max":1,"localizedNames":{"en":"Current infection"},"localizedDescriptions":{"en":"Statement whether the patient currently suffers from an infection."},"aqlPath":"/content[openEHR-EHR-OBSERVATION.early_pregnancy_booking_borders.v0]/data[at0001]/events[at0002]/data[at0003]/items[at0085]/value","inputs":[{"suffix":"code","type":"CODED_TEXT","list":[{"value":"at0086","label":"No","localizedLabels":{"en":"No"},"localizedDescriptions":{"en":"The patient does not currently suffer from an infection."}},{"value":"at0087","label":"Yes","localizedLabels":{"en":"Yes"},"localizedDescriptions":{"en":"The patient currently suffers from an infection."}},{"value":"at0088","label":"Don't know","localizedLabels":{"en":"Don't know"},"localizedDescriptions":{"en":"It is not known whether the patient currently suffers from an infection."}}]}]},{"id":"mother_or_father_2.5kg_at_birth","name":"Mother or father <2.5kg at birth","localizedName":"Mother or father <2.5kg at birth","rmType":"DV_CODED_TEXT","nodeId":"at0089","min":0,"max":1,"localizedNames":{"en":"Mother or father <2.5kg at birth"},"localizedDescriptions":{"en":"Statement whether the mother or father of the fetus in the current pregnancy weighed less than 2.5kg at birth."},"aqlPath":"/content[openEHR-EHR-OBSERVATION.early_pregnancy_booking_borders.v0]/data[at0001]/events[at0002]/data[at0003]/items[at0089]/value","inputs":[{"suffix":"code","type":"CODED_TEXT","list":[{"value":"at0090","label":"No","localizedLabels":{"en":"No"},"localizedDescriptions":{"en":"Neither mother nor father weighed less than 2.5kg at birth."}},{"value":"at0091","label":"Yes","localizedLabels":{"en":"Yes"},"localizedDescriptions":{"en":"Either mother or father or both weighed less than 2.5kg at birth."}},{"value":"at0092","label":"Don't know","localizedLabels":{"en":"Don't know"},"localizedDescriptions":{"en":"It is not known whether the mother or father weighed less than 2.5kg at birth."}}]}]},{"id":"previous_pre-eclampsia","name":"Previous pre-eclampsia","localizedName":"Previous pre-eclampsia","rmType":"DV_CODED_TEXT","nodeId":"at0093","min":0,"max":1,"localizedNames":{"en":"Previous pre-eclampsia"},"localizedDescriptions":{"en":"Statement whether the patient previously suffered from pre-eclampsia."},"aqlPath":"/content[openEHR-EHR-OBSERVATION.early_pregnancy_booking_borders.v0]/data[at0001]/events[at0002]/data[at0003]/items[at0093]/value","inputs":[{"suffix":"code","type":"CODED_TEXT","list":[{"value":"at0094","label":"No","localizedLabels":{"en":"No"},"localizedDescriptions":{"en":"The patient did not previously suffer from pre-eclampsia."}},{"value":"at0095","label":"Yes","localizedLabels":{"en":"Yes"},"localizedDescriptions":{"en":"The patient previously suffered from pre-eclampsia."}},{"value":"at0096","label":"Don't know","localizedLabels":{"en":"Don't know"},"localizedDescriptions":{"en":"It is not known whether the patient previously suffered from pre-eclampsia."}}]}]},{"id":"ivf_pregnancy","name":"IVF pregnancy","localizedName":"IVF pregnancy","rmType":"DV_CODED_TEXT","nodeId":"at0097","min":0,"max":1,"localizedNames":{"en":"IVF pregnancy"},"localizedDescriptions":{"en":"Statement whether the current pregnancy was achieved by in-vitro fertilisation."},"aqlPath":"/content[openEHR-EHR-OBSERVATION.early_pregnancy_booking_borders.v0]/data[at0001]/events[at0002]/data[at0003]/items[at0097]/value","inputs":[{"suffix":"code","type":"CODED_TEXT","list":[{"value":"at0098","label":"No","localizedLabels":{"en":"No"},"localizedDescriptions":{"en":"This pregnancy was not achieved by IVF."}},{"value":"at0099","label":"Yes","localizedLabels":{"en":"Yes"},"localizedDescriptions":{"en":"This pregnancy was achieved by IVF."}},{"value":"at0100","label":"Don't know","localizedLabels":{"en":"Don't know"},"localizedDescriptions":{"en":"It is not known whether this pregnancy was achieved by IVF."}}]}]},{"id":"fibroids","name":"Fibroids","localizedName":"Fibroids","rmType":"DV_CODED_TEXT","nodeId":"at0101","min":0,"max":1,"localizedNames":{"en":"Fibroids"},"localizedDescriptions":{"en":"Statement whether the patient suffers from fibroids."},"aqlPath":"/content[openEHR-EHR-OBSERVATION.early_pregnancy_booking_borders.v0]/data[at0001]/events[at0002]/data[at0003]/items[at0101]/value","inputs":[{"suffix":"code","type":"CODED_TEXT","list":[{"value":"at0102","label":"No","localizedLabels":{"en":"No"},"localizedDescriptions":{"en":"The patient does not suffer from fibroids."}},{"value":"at0103","label":"Yes","localizedLabels":{"en":"Yes"},"localizedDescriptions":{"en":"The patient suffers from fibroids."}},{"value":"at0104","label":"Don't know","localizedLabels":{"en":"Don't know"},"localizedDescriptions":{"en":"It is not known whether the patient suffers from fibroids."}}]}]},{"id":"heavy_bleeding_in_early_pregnancy","name":"Heavy bleeding in early pregnancy","localizedName":"Heavy bleeding in early pregnancy","rmType":"DV_CODED_TEXT","nodeId":"at0105","min":0,"max":1,"localizedNames":{"en":"Heavy bleeding in early pregnancy"},"localizedDescriptions":{"en":"Statement whether the patient suffered from heavy bleeding in early pregnancy."},"aqlPath":"/content[openEHR-EHR-OBSERVATION.early_pregnancy_booking_borders.v0]/data[at0001]/events[at0002]/data[at0003]/items[at0105]/value","inputs":[{"suffix":"code","type":"CODED_TEXT","list":[{"value":"at0106","label":"No","localizedLabels":{"en":"No"},"localizedDescriptions":{"en":"The patient did not suffer from heavy bleeding in early pregnancy."}},{"value":"at0107","label":"Yes","localizedLabels":{"en":"Yes"},"localizedDescriptions":{"en":"The patient suffered from heavy bleeding in early pregnancy."}},{"value":"at0108","label":"Don't know","localizedLabels":{"en":"Don't know"},"localizedDescriptions":{"en":"It is not known whether the patient suffered from heavy bleeding in early pregnancy."}}]}]},{"id":"time","name":"Time","rmType":"DV_DATE_TIME","min":1,"max":1,"aqlPath":"/content[openEHR-EHR-OBSERVATION.early_pregnancy_booking_borders.v0]/data[at0001]/events[at0002]/time","inputs":[{"type":"DATETIME"}],"inContext":true},{"id":"language","name":"Language","rmType":"CODE_PHRASE","min":1,"max":1,"aqlPath":"/content[openEHR-EHR-OBSERVATION.early_pregnancy_booking_borders.v0]/language","inContext":true},{"id":"encoding","name":"Encoding","rmType":"CODE_PHRASE","min":1,"max":1,"aqlPath":"/content[openEHR-EHR-OBSERVATION.early_pregnancy_booking_borders.v0]/encoding","inContext":true},{"id":"subject","name":"Subject","rmType":"PARTY_PROXY","min":1,"max":1,"aqlPath":"/content[openEHR-EHR-OBSERVATION.early_pregnancy_booking_borders.v0]/subject","inContext":true}]},{"id":"a24_weeks_and_after_nhs_borders","name":"24 weeks and after NHS Borders","localizedName":"24 weeks and after NHS Borders","rmType":"OBSERVATION","nodeId":"openEHR-EHR-OBSERVATION.later_pregnancy_borders.v0","min":0,"max":-1,"localizedNames":{"en":"24 weeks and after NHS Borders"},"localizedDescriptions":{"en":"Details of ante-natal care 24 weeks and after for SAFER Chart."},"aqlPath":"/content[openEHR-EHR-OBSERVATION.later_pregnancy_borders.v0]","children":[{"id":"positive_group_b_strep_in_hvs","name":"Positive Group B Strep in HVS","localizedName":"Positive Group B Strep in HVS","rmType":"DV_CODED_TEXT","nodeId":"at0004","min":0,"max":1,"localizedNames":{"en":"Positive Group B Strep in HVS"},"localizedDescriptions":{"en":"Statement whether the patient has had a positive Group B streptococcal result in a high vaginal swab in the current pregnancy."},"aqlPath":"/content[openEHR-EHR-OBSERVATION.later_pregnancy_borders.v0]/data[at0001]/events[at0002]/data[at0003]/items[at0004]/value","inputs":[{"suffix":"code","type":"CODED_TEXT","list":[{"value":"at0005","label":"Yes","localizedLabels":{"en":"Yes"},"localizedDescriptions":{"en":"The patient has had a positive Group B streptococcal result in a high vaginal swab in this pregnancy."}},{"value":"at0006","label":"No","localizedLabels":{"en":"No"},"localizedDescriptions":{"en":"The patient has not had a positive Group B streptococcal result in a high vaginal swab in this pregnancy"}},{"value":"at0007","label":"No previous test","localizedLabels":{"en":"No previous test"},"localizedDescriptions":{"en":"The patient has not had a previous test for positive Group B strep in HVS in this pregnancy."}},{"value":"at0008","label":"Don't know","localizedLabels":{"en":"Don't know"},"localizedDescriptions":{"en":"It is not known whether the patient has had a positive Group B streptococcal result in a high vaginal swab in this pregnancy."}}]}]},{"id":"cigarettes_per_day_at_24_weeks","name":"Cigarettes per day at 24 weeks","localizedName":"Cigarettes per day at 24 weeks","rmType":"DV_QUANTITY","nodeId":"at0009","min":0,"max":1,"localizedNames":{"en":"Cigarettes per day at 24 weeks"},"localizedDescriptions":{"en":"Number of cigarettes smoked per day at 24 weeks pregnancy."},"aqlPath":"/content[openEHR-EHR-OBSERVATION.later_pregnancy_borders.v0]/data[at0001]/events[at0002]/data[at0003]/items[at0009]/value","inputs":[{"suffix":"magnitude","type":"DECIMAL","validation":{"range":{"minOp":">=","min":0.0},"precision":{"minOp":">=","min":0,"maxOp":"<=","max":0}}},{"suffix":"unit","type":"CODED_TEXT","list":[{"value":"1/d","label":"1/d","validation":{"range":{"minOp":">=","min":0.0},"precision":{"minOp":">=","min":0,"maxOp":"<=","max":0}}}]}]},{"id":"gestational_diabetes_this_pregnancy","name":"Gestational diabetes this pregnancy","localizedName":"Gestational diabetes this pregnancy","rmType":"DV_CODED_TEXT","nodeId":"at0010","min":0,"max":1,"localizedNames":{"en":"Gestational diabetes this pregnancy"},"localizedDescriptions":{"en":"Statement whether the patient is suffering from gestational diabetes in this pregnancy."},"aqlPath":"/content[openEHR-EHR-OBSERVATION.later_pregnancy_borders.v0]/data[at0001]/events[at0002]/data[at0003]/items[at0010]/value","inputs":[{"suffix":"code","type":"CODED_TEXT","list":[{"value":"at0011","label":"Yes","localizedLabels":{"en":"Yes"},"localizedDescriptions":{"en":"The patient is suffering from gestational diabetes in this pregnancy."}},{"value":"at0012","label":"No","localizedLabels":{"en":"No"},"localizedDescriptions":{"en":"The patient is not suffering from gestational diabetes in this pregnancy."}},{"value":"at0013","label":"Don't know","localizedLabels":{"en":"Don't know"},"localizedDescriptions":{"en":"It is not known whether the patient is suffering from gestational diabetes in this pregnancy."}}]}]},{"id":"time","name":"Time","rmType":"DV_DATE_TIME","min":1,"max":1,"aqlPath":"/content[openEHR-EHR-OBSERVATION.later_pregnancy_borders.v0]/data[at0001]/events[at0002]/time","inputs":[{"type":"DATETIME"}],"inContext":true},{"id":"language","name":"Language","rmType":"CODE_PHRASE","min":1,"max":1,"aqlPath":"/content[openEHR-EHR-OBSERVATION.later_pregnancy_borders.v0]/language","inContext":true},{"id":"encoding","name":"Encoding","rmType":"CODE_PHRASE","min":1,"max":1,"aqlPath":"/content[openEHR-EHR-OBSERVATION.later_pregnancy_borders.v0]/encoding","inContext":true},{"id":"subject","name":"Subject","rmType":"PARTY_PROXY","min":1,"max":1,"aqlPath":"/content[openEHR-EHR-OBSERVATION.later_pregnancy_borders.v0]/subject","inContext":true}]},{"id":"maternity_admission_nhs_borders","name":"Maternity admission NHS Borders","localizedName":"Maternity admission NHS Borders","rmType":"OBSERVATION","nodeId":"openEHR-EHR-OBSERVATION.maternity_admission_borders.v0","min":0,"max":-1,"localizedNames":{"en":"Maternity admission NHS Borders"},"localizedDescriptions":{"en":"Details of maternity admission for SAFER Chart."},"aqlPath":"/content[openEHR-EHR-OBSERVATION.maternity_admission_borders.v0]","children":[{"id":"pre-eclampsia","name":"Pre-eclampsia","localizedName":"Pre-eclampsia","rmType":"DV_CODED_TEXT","nodeId":"at0004","min":0,"max":1,"localizedNames":{"en":"Pre-eclampsia"},"localizedDescriptions":{"en":"Statement whether the patient is suffering from pre-eclampsia on admission."},"aqlPath":"/content[openEHR-EHR-OBSERVATION.maternity_admission_borders.v0]/data[at0001]/events[at0002]/data[at0003]/items[at0004]/value","inputs":[{"suffix":"code","type":"CODED_TEXT","list":[{"value":"at0005","label":"Yes","localizedLabels":{"en":"Yes"},"localizedDescriptions":{"en":"The patient is suffering from pre-eclampsia on admission."}},{"value":"at0006","label":"No","localizedLabels":{"en":"No"},"localizedDescriptions":{"en":"The patient is not suffering from pre-eclampsia on admission."}}]}]},{"id":"most_recent_hb","name":"Most recent Hb","localizedName":"Most recent Hb","rmType":"DV_QUANTITY","nodeId":"at0007","min":0,"max":1,"localizedNames":{"en":"Most recent Hb"},"localizedDescriptions":{"en":"Details of most recent haemoglobin result."},"aqlPath":"/content[openEHR-EHR-OBSERVATION.maternity_admission_borders.v0]/data[at0001]/events[at0002]/data[at0003]/items[at0007]/value","inputs":[{"suffix":"magnitude","type":"DECIMAL"},{"suffix":"unit","type":"CODED_TEXT","list":[{"value":"","label":""},{"value":"gm/l","label":"gm/l","validation":{"range":{"minOp":">=","min":0.0}}}]}]},{"id":"recurrent_aphs","name":"Recurrent APHs","localizedName":"Recurrent APHs","rmType":"DV_CODED_TEXT","nodeId":"at0008","min":0,"max":1,"localizedNames":{"en":"Recurrent APHs"},"localizedDescriptions":{"en":"Statement whether the patient is suffering from recurrent ante-partum haemorrhages."},"aqlPath":"/content[openEHR-EHR-OBSERVATION.maternity_admission_borders.v0]/data[at0001]/events[at0002]/data[at0003]/items[at0008]/value","inputs":[{"suffix":"code","type":"CODED_TEXT","list":[{"value":"at0009","label":"Yes","localizedLabels":{"en":"Yes"},"localizedDescriptions":{"en":"The patient is suffering from recurrent ante-partum haemorrhages."}},{"value":"at0010","label":"No","localizedLabels":{"en":"No"},"localizedDescriptions":{"en":"The patient is not suffering from recurrent ante-partum haemorrhages."}},{"value":"at0011","label":"Don't know","localizedLabels":{"en":"Don't know"},"localizedDescriptions":{"en":"It is not known whether the patient is suffering from recurrent ante-partum haemorrhages."}}]}]},{"id":"induction_of_labour","name":"Induction of labour","localizedName":"Induction of labour","rmType":"DV_CODED_TEXT","nodeId":"at0012","min":0,"max":1,"localizedNames":{"en":"Induction of labour"},"localizedDescriptions":{"en":"Statement whether the patient has undergone induction of labour."},"aqlPath":"/content[openEHR-EHR-OBSERVATION.maternity_admission_borders.v0]/data[at0001]/events[at0002]/data[at0003]/items[at0012]/value","inputs":[{"suffix":"code","type":"CODED_TEXT","list":[{"value":"at0013","label":"Yes","localizedLabels":{"en":"Yes"},"localizedDescriptions":{"en":"The patient has undergone induction of labour."}},{"value":"at0014","label":"No","localizedLabels":{"en":"No"},"localizedDescriptions":{"en":"The patient has not undergone induction of labour."}},{"value":"at0015","label":"Don't know","localizedLabels":{"en":"Don't know"},"localizedDescriptions":{"en":"It is not known whether the patient has undergone induction of labour."}}]}]},{"id":"abruption","name":"Abruption","localizedName":"Abruption","rmType":"DV_CODED_TEXT","nodeId":"at0016","min":0,"max":1,"localizedNames":{"en":"Abruption"},"localizedDescriptions":{"en":"Statement whether the patient has suffered a placental abruption."},"aqlPath":"/content[openEHR-EHR-OBSERVATION.maternity_admission_borders.v0]/data[at0001]/events[at0002]/data[at0003]/items[at0016]/value","inputs":[{"suffix":"code","type":"CODED_TEXT","list":[{"value":"at0017","label":"Yes","localizedLabels":{"en":"Yes"},"localizedDescriptions":{"en":"The patient has suffered a placental abruption."}},{"value":"at0018","label":"No","localizedLabels":{"en":"No"},"localizedDescriptions":{"en":"The patient has not suffered a placental abruption."}},{"value":"at0019","label":"Don't know","localizedLabels":{"en":"Don't know"},"localizedDescriptions":{"en":"It is not known whether the patient has suffered a placental abruption."}}]}]},{"id":"praevia_accreta","name":"Praevia / accreta","localizedName":"Praevia / accreta","rmType":"DV_CODED_TEXT","nodeId":"at0020","min":0,"max":1,"localizedNames":{"en":"Praevia / accreta"},"localizedDescriptions":{"en":"Statement whether the patient is suffering from placenta praevia or accreta."},"aqlPath":"/content[openEHR-EHR-OBSERVATION.maternity_admission_borders.v0]/data[at0001]/events[at0002]/data[at0003]/items[at0020]/value","inputs":[{"suffix":"code","type":"CODED_TEXT","list":[{"value":"at0021","label":"Yes","localizedLabels":{"en":"Yes"},"localizedDescriptions":{"en":"The patient is suffering from placenta praevia or accreta."}},{"value":"at0022","label":"No","localizedLabels":{"en":"No"},"localizedDescriptions":{"en":"The patient is not suffering from placenta praevia or accreta."}},{"value":"at0023","label":"Don't know","localizedLabels":{"en":"Don't know"},"localizedDescriptions":{"en":"It is not known whether the patient is suffering from placenta praevia or accreta."}}]}]},{"id":"pyrexia_in_labour","name":"Pyrexia in labour","localizedName":"Pyrexia in labour","rmType":"DV_CODED_TEXT","nodeId":"at0024","min":0,"max":1,"localizedNames":{"en":"Pyrexia in labour"},"localizedDescriptions":{"en":"Statement whether the patient is suffering from pyrexia in labour, i.e. a body temperature of more than 38 degrees Celsius."},"aqlPath":"/content[openEHR-EHR-OBSERVATION.maternity_admission_borders.v0]/data[at0001]/events[at0002]/data[at0003]/items[at0024]/value","inputs":[{"suffix":"code","type":"CODED_TEXT","list":[{"value":"at0025","label":"Yes","localizedLabels":{"en":"Yes"},"localizedDescriptions":{"en":"The patient is suffering from pyrexia in labour."}},{"value":"at0026","label":"No","localizedLabels":{"en":"No"},"localizedDescriptions":{"en":"The patient is not suffering from pyrexia in labour."}},{"value":"at0027","label":"Don't know","localizedLabels":{"en":"Don't know"},"localizedDescriptions":{"en":"It is not known whether the patient is suffering from pyrexia in labour."}}]}]},{"id":"time","name":"Time","rmType":"DV_DATE_TIME","min":1,"max":1,"aqlPath":"/content[openEHR-EHR-OBSERVATION.maternity_admission_borders.v0]/data[at0001]/events[at0002]/time","inputs":[{"type":"DATETIME"}],"inContext":true},{"id":"language","name":"Language","rmType":"CODE_PHRASE","min":1,"max":1,"aqlPath":"/content[openEHR-EHR-OBSERVATION.maternity_admission_borders.v0]/language","inContext":true},{"id":"encoding","name":"Encoding","rmType":"CODE_PHRASE","min":1,"max":1,"aqlPath":"/content[openEHR-EHR-OBSERVATION.maternity_admission_borders.v0]/encoding","inContext":true},{"id":"subject","name":"Subject","rmType":"PARTY_PROXY","min":1,"max":1,"aqlPath":"/content[openEHR-EHR-OBSERVATION.maternity_admission_borders.v0]/subject","inContext":true}]},{"id":"post_natal_nhs_borders","name":"Post natal NHS Borders","localizedName":"Post natal NHS Borders","rmType":"OBSERVATION","nodeId":"openEHR-EHR-OBSERVATION.post_natal_borders.v0","min":0,"max":-1,"localizedNames":{"en":"Post natal NHS Borders"},"localizedDescriptions":{"en":"Post natal details for SAFER Chart."},"aqlPath":"/content[openEHR-EHR-OBSERVATION.post_natal_borders.v0]","children":[{"id":"elective_caesarean_section","name":"Elective caesarean section","localizedName":"Elective caesarean section","rmType":"DV_CODED_TEXT","nodeId":"at0004","min":0,"max":1,"localizedNames":{"en":"Elective caesarean section"},"localizedDescriptions":{"en":"Statement whether the patient has undergone an elective caesarean section."},"aqlPath":"/content[openEHR-EHR-OBSERVATION.post_natal_borders.v0]/data[at0001]/events[at0002]/data[at0003]/items[at0004]/value","inputs":[{"suffix":"code","type":"CODED_TEXT","list":[{"value":"at0005","label":"Yes","localizedLabels":{"en":"Yes"},"localizedDescriptions":{"en":"The patient has undergone an elective caesarean section."}},{"value":"at0006","label":"No","localizedLabels":{"en":"No"},"localizedDescriptions":{"en":"The patient has not undergone an elective caesarean section."}},{"value":"at0007","label":"Don't know","localizedLabels":{"en":"Don't know"},"localizedDescriptions":{"en":"It is not known whether the patient has undergone an elective caesarean section."}}]}]},{"id":"emergency_caesarean_section","name":"Emergency caesarean section","localizedName":"Emergency caesarean section","rmType":"DV_CODED_TEXT","nodeId":"at0008","min":0,"max":1,"localizedNames":{"en":"Emergency caesarean section"},"localizedDescriptions":{"en":"Statement whether the patient has undergone an emergency caesarean section."},"aqlPath":"/content[openEHR-EHR-OBSERVATION.post_natal_borders.v0]/data[at0001]/events[at0002]/data[at0003]/items[at0008]/value","inputs":[{"suffix":"code","type":"CODED_TEXT","list":[{"value":"at0016","label":"Yes","localizedLabels":{"en":"Yes"},"localizedDescriptions":{"en":"The patient has undergone an emergency caesarean section."}},{"value":"at0017","label":"No","localizedLabels":{"en":"No"},"localizedDescriptions":{"en":"The patient has not undergone an emergency caesarean section."}},{"value":"at0018","label":"Don't know","localizedLabels":{"en":"Don't know"},"localizedDescriptions":{"en":"It is not known whether the patient has undergone an emergency caesarean section."}}]}]},{"id":"operative_vaginal_delivery","name":"Operative vaginal delivery","localizedName":"Operative vaginal delivery","rmType":"DV_CODED_TEXT","nodeId":"at0009","min":0,"max":1,"localizedNames":{"en":"Operative vaginal delivery"},"localizedDescriptions":{"en":"Statement whether the patient has undergone an operative vaginal delivery."},"aqlPath":"/content[openEHR-EHR-OBSERVATION.post_natal_borders.v0]/data[at0001]/events[at0002]/data[at0003]/items[at0009]/value","inputs":[{"suffix":"code","type":"CODED_TEXT","list":[{"value":"at0019","label":"Yes","localizedLabels":{"en":"Yes"},"localizedDescriptions":{"en":"The patient has undergone an operative vaginal delivery."}},{"value":"at0020","label":"No","localizedLabels":{"en":"No"},"localizedDescriptions":{"en":"The patient has not undergone an operative vaginal delivery."}},{"value":"at0021","label":"Don't know","localizedLabels":{"en":"Don't know"},"localizedDescriptions":{"en":"It is not known whether the patient has undergone an operative vaginal delivery."}}]}]},{"id":"svd_breech","name":"SVD / breech","localizedName":"SVD / breech","rmType":"DV_CODED_TEXT","nodeId":"at0010","min":0,"max":1,"localizedNames":{"en":"SVD / breech"},"localizedDescriptions":{"en":"Statement whether the patient has undergone a spontaneous vaginal delivery or a breech delivery."},"aqlPath":"/content[openEHR-EHR-OBSERVATION.post_natal_borders.v0]/data[at0001]/events[at0002]/data[at0003]/items[at0010]/value","inputs":[{"suffix":"code","type":"CODED_TEXT","list":[{"value":"at0022","label":"Yes","localizedLabels":{"en":"Yes"},"localizedDescriptions":{"en":"The patient has undergone a a spontaneous vaginal delivery or a breech delivery."}},{"value":"at0023","label":"No","localizedLabels":{"en":"No"},"localizedDescriptions":{"en":"The patient has not undergone aa spontaneous vaginal delivery or a breech delivery."}},{"value":"at0024","label":"Don't know","localizedLabels":{"en":"Don't know"},"localizedDescriptions":{"en":"It is not known whether the patient has undergonea a spontaneous vaginal delivery or a breech delivery."}}]}]},{"id":"baby_4kg","name":"Baby >4kg","localizedName":"Baby >4kg","rmType":"DV_CODED_TEXT","nodeId":"at0011","min":0,"max":1,"localizedNames":{"en":"Baby >4kg"},"localizedDescriptions":{"en":"Statement whether the baby weighed more than 4kg at birth."},"aqlPath":"/content[openEHR-EHR-OBSERVATION.post_natal_borders.v0]/data[at0001]/events[at0002]/data[at0003]/items[at0011]/value","inputs":[{"suffix":"code","type":"CODED_TEXT","list":[{"value":"at0025","label":"Yes","localizedLabels":{"en":"Yes"},"localizedDescriptions":{"en":"The baby weighed more than 4kg at birth."}},{"value":"at0026","label":"No","localizedLabels":{"en":"No"},"localizedDescriptions":{"en":"The baby did not weigh more than 4kg at birth."}},{"value":"at0027","label":"Don't know","localizedLabels":{"en":"Don't know"},"localizedDescriptions":{"en":"It is not known whether the baby weighed more than 4kg at birth."}}]}]},{"id":"active_labour_24_hours","name":"Active labour >24 hours","localizedName":"Active labour >24 hours","rmType":"DV_CODED_TEXT","nodeId":"at0012","min":0,"max":1,"localizedNames":{"en":"Active labour >24 hours"},"localizedDescriptions":{"en":"Statement whether the active labour lasted for more than 24 hours."},"aqlPath":"/content[openEHR-EHR-OBSERVATION.post_natal_borders.v0]/data[at0001]/events[at0002]/data[at0003]/items[at0012]/value","inputs":[{"suffix":"code","type":"CODED_TEXT","list":[{"value":"at0028","label":"Yes","localizedLabels":{"en":"Yes"},"localizedDescriptions":{"en":"Active labour lasted for more than 24 hours."}},{"value":"at0029","label":"No","localizedLabels":{"en":"No"},"localizedDescriptions":{"en":"Active labour did not last for more than 24 hours."}},{"value":"at0030","label":"Don't know","localizedLabels":{"en":"Don't know"},"localizedDescriptions":{"en":"It is not known whether active labour lasted for more than 24 hours."}}]}]},{"id":"post-partum_haemorrhage_1000mls","name":"Post-partum haemorrhage >1000mls","localizedName":"Post-partum haemorrhage >1000mls","rmType":"DV_CODED_TEXT","nodeId":"at0013","min":0,"max":1,"localizedNames":{"en":"Post-partum haemorrhage >1000mls"},"localizedDescriptions":{"en":"Statement whether the patient suffered a post-partum haemorrhage of more than 1000mls."},"aqlPath":"/content[openEHR-EHR-OBSERVATION.post_natal_borders.v0]/data[at0001]/events[at0002]/data[at0003]/items[at0013]/value","inputs":[{"suffix":"code","type":"CODED_TEXT","list":[{"value":"at0031","label":"Yes","localizedLabels":{"en":"Yes"},"localizedDescriptions":{"en":"The patient suffered a post-partum haemorrhage of more than 1000mls."}},{"value":"at0032","label":"No","localizedLabels":{"en":"No"},"localizedDescriptions":{"en":"The patient did not suffer a post-partum haemorrhage of more than 1000mls."}},{"value":"at0033","label":"Don't know","localizedLabels":{"en":"Don't know"},"localizedDescriptions":{"en":"It is not known whether the patient suffered a post-partum haemorrhage of more than 1000mls."}}]}]},{"id":"retained_placenta","name":"Retained placenta","localizedName":"Retained placenta","rmType":"DV_CODED_TEXT","nodeId":"at0014","min":0,"max":1,"localizedNames":{"en":"Retained placenta"},"localizedDescriptions":{"en":"Statement whether the patient experienced a retained placenta for more than 30 mins."},"aqlPath":"/content[openEHR-EHR-OBSERVATION.post_natal_borders.v0]/data[at0001]/events[at0002]/data[at0003]/items[at0014]/value","inputs":[{"suffix":"code","type":"CODED_TEXT","list":[{"value":"at0034","label":"Yes","localizedLabels":{"en":"Yes"},"localizedDescriptions":{"en":"The patient experienced a retained placenta for more than 30 mins."}},{"value":"at0035","label":"No","localizedLabels":{"en":"No"},"localizedDescriptions":{"en":"The patient did not experience a retained placenta for more than 30 mins."}},{"value":"at0036","label":"Don't know","localizedLabels":{"en":"Don't know"},"localizedDescriptions":{"en":"It is not known whether the patient experienced a retained placenta for more than 30 mins."}}]}]},{"id":"stillbirth_this_pregnancy","name":"Stillbirth this pregnancy","localizedName":"Stillbirth this pregnancy","rmType":"DV_CODED_TEXT","nodeId":"at0015","min":0,"max":1,"localizedNames":{"en":"Stillbirth this pregnancy"},"localizedDescriptions":{"en":"Statement whether this pregnancy resulted in a stillbirth."},"aqlPath":"/content[openEHR-EHR-OBSERVATION.post_natal_borders.v0]/data[at0001]/events[at0002]/data[at0003]/items[at0015]/value","inputs":[{"suffix":"code","type":"CODED_TEXT","list":[{"value":"at0037","label":"Yes","localizedLabels":{"en":"Yes"},"localizedDescriptions":{"en":"This pregnancy resulted in a stillbirth."}},{"value":"at0038","label":"No","localizedLabels":{"en":"No"},"localizedDescriptions":{"en":"This pregnancy did not result in a stillbirth."}}]}]},{"id":"time","name":"Time","rmType":"DV_DATE_TIME","min":1,"max":1,"aqlPath":"/content[openEHR-EHR-OBSERVATION.post_natal_borders.v0]/data[at0001]/events[at0002]/time","inputs":[{"type":"DATETIME"}],"inContext":true},{"id":"language","name":"Language","rmType":"CODE_PHRASE","min":1,"max":1,"aqlPath":"/content[openEHR-EHR-OBSERVATION.post_natal_borders.v0]/language","inContext":true},{"id":"encoding","name":"Encoding","rmType":"CODE_PHRASE","min":1,"max":1,"aqlPath":"/content[openEHR-EHR-OBSERVATION.post_natal_borders.v0]/encoding","inContext":true},{"id":"subject","name":"Subject","rmType":"PARTY_PROXY","min":1,"max":1,"aqlPath":"/content[openEHR-EHR-OBSERVATION.post_natal_borders.v0]/subject","inContext":true}]},{"id":"composer","name":"Composer","rmType":"PARTY_PROXY","min":1,"max":1,"aqlPath":"/composer","inContext":true}]}}}