{"meta":{"href":"http://test.operon.systems/rest/v1/composition/470a1f3c-0daa-46a7-8244-5964e75dc475::oprn_safer.c4h.ehrscape.com::1"},"format":"FLAT","templateId":"NHS Borders SAFER Chart","composition":{"safer_chart/_uid":"470a1f3c-0daa-46a7-8244-5964e75dc475::oprn_safer.c4h.ehrscape.com::1","safer_chart/language|code":"en","safer_chart/language|terminology":"ISO_639-1","safer_chart/territory|code":"GB","safer_chart/territory|terminology":"ISO_3166-1","safer_chart/context/_health_care_facility|id":"909001","safer_chart/context/_health_care_facility|id_scheme":"nhs_uk","safer_chart/context/_health_care_facility|id_namespace":"nhs_uk","safer_chart/context/_health_care_facility|name":"NHS Borders General Hospital","safer_chart/context/start_time":"2016-07-28T16:28:57.668+02:00","safer_chart/context/setting|code":"238","safer_chart/context/setting|value":"other care","safer_chart/context/setting|terminology":"openehr","safer_chart/height_length:0/any_event:0/height_length|magnitude":177.5,"safer_chart/height_length:0/any_event:0/height_length|unit":"cm","safer_chart/height_length:0/any_event:0/time":"2016-07-28T16:28:57.668+02:00","safer_chart/height_length:0/language|code":"en","safer_chart/height_length:0/language|terminology":"ISO_639-1","safer_chart/height_length:0/encoding|code":"UTF-8","safer_chart/height_length:0/encoding|terminology":"IANA_character-sets","safer_chart/body_weight:0/any_event:0/weight|magnitude":63.4,"safer_chart/body_weight:0/any_event:0/weight|unit":"kg","safer_chart/body_weight:0/any_event:0/time":"2016-07-28T16:28:57.668+02:00","safer_chart/body_weight:0/language|code":"en","safer_chart/body_weight:0/language|terminology":"ISO_639-1","safer_chart/body_weight:0/encoding|code":"UTF-8","safer_chart/body_weight:0/encoding|terminology":"IANA_character-sets","safer_chart/body_mass_index:0/any_event:0/body_mass_index|magnitude":20.1,"safer_chart/body_mass_index:0/any_event:0/body_mass_index|unit":"kg/m2","safer_chart/body_mass_index:0/any_event:0/time":"2016-07-28T16:28:57.668+02:00","safer_chart/body_mass_index:0/language|code":"en","safer_chart/body_mass_index:0/language|terminology":"ISO_639-1","safer_chart/body_mass_index:0/encoding|code":"UTF-8","safer_chart/body_mass_index:0/encoding|terminology":"IANA_character-sets","safer_chart/early_pregnancy_and_booking_nhs_borders:0/thrombophilia|code":"at0008","safer_chart/early_pregnancy_and_booking_nhs_borders:0/thrombophilia|value":"Prothrombin Genene Mutation","safer_chart/early_pregnancy_and_booking_nhs_borders:0/thrombophilia|terminology":"local","safer_chart/early_pregnancy_and_booking_nhs_borders:0/personal_history_of_vte|code":"at0015","safer_chart/early_pregnancy_and_booking_nhs_borders:0/personal_history_of_vte|value":"Single VTE related to surgery","safer_chart/early_pregnancy_and_booking_nhs_borders:0/personal_history_of_vte|terminology":"local","safer_chart/early_pregnancy_and_booking_nhs_borders:0/family_history_of_dvt|code":"at0020","safer_chart/early_pregnancy_and_booking_nhs_borders:0/family_history_of_dvt|value":"Don't know","safer_chart/early_pregnancy_and_booking_nhs_borders:0/family_history_of_dvt|terminology":"local","safer_chart/early_pregnancy_and_booking_nhs_borders:0/parity":2,"safer_chart/early_pregnancy_and_booking_nhs_borders:0/medical_co-morbidity:0|code":"at0025","safer_chart/early_pregnancy_and_booking_nhs_borders:0/medical_co-morbidity:0|value":"Heart failure","safer_chart/early_pregnancy_and_booking_nhs_borders:0/medical_co-morbidity:0|terminology":"local","safer_chart/early_pregnancy_and_booking_nhs_borders:0/current_bed_rest_24_hours|code":"at0035","safer_chart/early_pregnancy_and_booking_nhs_borders:0/current_bed_rest_24_hours|value":"No","safer_chart/early_pregnancy_and_booking_nhs_borders:0/current_bed_rest_24_hours|terminology":"local","safer_chart/early_pregnancy_and_booking_nhs_borders:0/gross_varicose_veins|code":"at0039","safer_chart/early_pregnancy_and_booking_nhs_borders:0/gross_varicose_veins|value":"No","safer_chart/early_pregnancy_and_booking_nhs_borders:0/gross_varicose_veins|terminology":"local","safer_chart/early_pregnancy_and_booking_nhs_borders:0/multiple_pregnancy|code":"at0043","safer_chart/early_pregnancy_and_booking_nhs_borders:0/multiple_pregnancy|value":"No","safer_chart/early_pregnancy_and_booking_nhs_borders:0/multiple_pregnancy|terminology":"local","safer_chart/early_pregnancy_and_booking_nhs_borders:0/maternal_bleeding_disorder|code":"at0048","safer_chart/early_pregnancy_and_booking_nhs_borders:0/maternal_bleeding_disorder|value":"Yes","safer_chart/early_pregnancy_and_booking_nhs_borders:0/maternal_bleeding_disorder|terminology":"local","safer_chart/early_pregnancy_and_booking_nhs_borders:0/previous_pph_1000mls|code":"at0053","safer_chart/early_pregnancy_and_booking_nhs_borders:0/previous_pph_1000mls|value":"Don't know","safer_chart/early_pregnancy_and_booking_nhs_borders:0/previous_pph_1000mls|terminology":"local","safer_chart/early_pregnancy_and_booking_nhs_borders:0/family_origin|code":"at0056","safer_chart/early_pregnancy_and_booking_nhs_borders:0/family_origin|value":"Asian","safer_chart/early_pregnancy_and_booking_nhs_borders:0/family_origin|terminology":"local","safer_chart/early_pregnancy_and_booking_nhs_borders:0/previous_gestational_diabetes|code":"at0061","safer_chart/early_pregnancy_and_booking_nhs_borders:0/previous_gestational_diabetes|value":"No","safer_chart/early_pregnancy_and_booking_nhs_borders:0/previous_gestational_diabetes|terminology":"local","safer_chart/early_pregnancy_and_booking_nhs_borders:0/family_history_of_diabetes|code":"at0067","safer_chart/early_pregnancy_and_booking_nhs_borders:0/family_history_of_diabetes|value":"Don't know","safer_chart/early_pregnancy_and_booking_nhs_borders:0/family_history_of_diabetes|terminology":"local","safer_chart/early_pregnancy_and_booking_nhs_borders:0/previous_baby_4.5kg|code":"at0070","safer_chart/early_pregnancy_and_booking_nhs_borders:0/previous_baby_4.5kg|value":"Yes","safer_chart/early_pregnancy_and_booking_nhs_borders:0/previous_baby_4.5kg|terminology":"local","safer_chart/early_pregnancy_and_booking_nhs_borders:0/previous_baby_with_iugr|code":"at0075","safer_chart/early_pregnancy_and_booking_nhs_borders:0/previous_baby_with_iugr|value":"Don't know","safer_chart/early_pregnancy_and_booking_nhs_borders:0/previous_baby_with_iugr|terminology":"local","safer_chart/early_pregnancy_and_booking_nhs_borders:0/co_level_at_booking|magnitude":19.15,"safer_chart/early_pregnancy_and_booking_nhs_borders:0/co_level_at_booking|unit":"%","safer_chart/early_pregnancy_and_booking_nhs_borders:0/current_hyperemesis|code":"at0080","safer_chart/early_pregnancy_and_booking_nhs_borders:0/current_hyperemesis|value":"Don't know","safer_chart/early_pregnancy_and_booking_nhs_borders:0/current_hyperemesis|terminology":"local","safer_chart/early_pregnancy_and_booking_nhs_borders:0/current_iv_drug_user|code":"at0082","safer_chart/early_pregnancy_and_booking_nhs_borders:0/current_iv_drug_user|value":"No","safer_chart/early_pregnancy_and_booking_nhs_borders:0/current_iv_drug_user|terminology":"local","safer_chart/early_pregnancy_and_booking_nhs_borders:0/current_infection|code":"at0088","safer_chart/early_pregnancy_and_booking_nhs_borders:0/current_infection|value":"Don't know","safer_chart/early_pregnancy_and_booking_nhs_borders:0/current_infection|terminology":"local","safer_chart/early_pregnancy_and_booking_nhs_borders:0/mother_or_father_2.5kg_at_birth|code":"at0091","safer_chart/early_pregnancy_and_booking_nhs_borders:0/mother_or_father_2.5kg_at_birth|value":"Yes","safer_chart/early_pregnancy_and_booking_nhs_borders:0/mother_or_father_2.5kg_at_birth|terminology":"local","safer_chart/early_pregnancy_and_booking_nhs_borders:0/previous_pre-eclampsia|code":"at0096","safer_chart/early_pregnancy_and_booking_nhs_borders:0/previous_pre-eclampsia|value":"Don't know","safer_chart/early_pregnancy_and_booking_nhs_borders:0/previous_pre-eclampsia|terminology":"local","safer_chart/early_pregnancy_and_booking_nhs_borders:0/ivf_pregnancy|code":"at0100","safer_chart/early_pregnancy_and_booking_nhs_borders:0/ivf_pregnancy|value":"Don't know","safer_chart/early_pregnancy_and_booking_nhs_borders:0/ivf_pregnancy|terminology":"local","safer_chart/early_pregnancy_and_booking_nhs_borders:0/fibroids|code":"at0103","safer_chart/early_pregnancy_and_booking_nhs_borders:0/fibroids|value":"Yes","safer_chart/early_pregnancy_and_booking_nhs_borders:0/fibroids|terminology":"local","safer_chart/early_pregnancy_and_booking_nhs_borders:0/heavy_bleeding_in_early_pregnancy|code":"at0108","safer_chart/early_pregnancy_and_booking_nhs_borders:0/heavy_bleeding_in_early_pregnancy|value":"Don't know","safer_chart/early_pregnancy_and_booking_nhs_borders:0/heavy_bleeding_in_early_pregnancy|terminology":"local","safer_chart/early_pregnancy_and_booking_nhs_borders:0/time":"2016-07-28T16:28:57.668+02:00","safer_chart/early_pregnancy_and_booking_nhs_borders:0/language|code":"en","safer_chart/early_pregnancy_and_booking_nhs_borders:0/language|terminology":"ISO_639-1","safer_chart/early_pregnancy_and_booking_nhs_borders:0/encoding|code":"UTF-8","safer_chart/early_pregnancy_and_booking_nhs_borders:0/encoding|terminology":"IANA_character-sets","safer_chart/a24_weeks_and_after_nhs_borders:0/positive_group_b_strep_in_hvs|code":"at0006","safer_chart/a24_weeks_and_after_nhs_borders:0/positive_group_b_strep_in_hvs|value":"No","safer_chart/a24_weeks_and_after_nhs_borders:0/positive_group_b_strep_in_hvs|terminology":"local","safer_chart/a24_weeks_and_after_nhs_borders:0/cigarettes_per_day_at_24_weeks|magnitude":20.0,"safer_chart/a24_weeks_and_after_nhs_borders:0/cigarettes_per_day_at_24_weeks|unit":"1/d","safer_chart/a24_weeks_and_after_nhs_borders:0/gestational_diabetes_this_pregnancy|code":"at0013","safer_chart/a24_weeks_and_after_nhs_borders:0/gestational_diabetes_this_pregnancy|value":"Don't know","safer_chart/a24_weeks_and_after_nhs_borders:0/gestational_diabetes_this_pregnancy|terminology":"local","safer_chart/a24_weeks_and_after_nhs_borders:0/time":"2016-07-28T16:28:57.668+02:00","safer_chart/a24_weeks_and_after_nhs_borders:0/language|code":"en","safer_chart/a24_weeks_and_after_nhs_borders:0/language|terminology":"ISO_639-1","safer_chart/a24_weeks_and_after_nhs_borders:0/encoding|code":"UTF-8","safer_chart/a24_weeks_and_after_nhs_borders:0/encoding|terminology":"IANA_character-sets","safer_chart/maternity_admission_nhs_borders:0/pre-eclampsia|code":"at0005","safer_chart/maternity_admission_nhs_borders:0/pre-eclampsia|value":"Yes","safer_chart/maternity_admission_nhs_borders:0/pre-eclampsia|terminology":"local","safer_chart/maternity_admission_nhs_borders:0/most_recent_hb|magnitude":12.3,"safer_chart/maternity_admission_nhs_borders:0/most_recent_hb|unit":"gm/l","safer_chart/maternity_admission_nhs_borders:0/recurrent_aphs|code":"at0010","safer_chart/maternity_admission_nhs_borders:0/recurrent_aphs|value":"No","safer_chart/maternity_admission_nhs_borders:0/recurrent_aphs|terminology":"local","safer_chart/maternity_admission_nhs_borders:0/induction_of_labour|code":"at0015","safer_chart/maternity_admission_nhs_borders:0/induction_of_labour|value":"Don't know","safer_chart/maternity_admission_nhs_borders:0/induction_of_labour|terminology":"local","safer_chart/maternity_admission_nhs_borders:0/abruption|code":"at0018","safer_chart/maternity_admission_nhs_borders:0/abruption|value":"No","safer_chart/maternity_admission_nhs_borders:0/abruption|terminology":"local","safer_chart/maternity_admission_nhs_borders:0/praevia_accreta|code":"at0023","safer_chart/maternity_admission_nhs_borders:0/praevia_accreta|value":"Don't know","safer_chart/maternity_admission_nhs_borders:0/praevia_accreta|terminology":"local","safer_chart/maternity_admission_nhs_borders:0/pyrexia_in_labour|code":"at0027","safer_chart/maternity_admission_nhs_borders:0/pyrexia_in_labour|value":"Don't know","safer_chart/maternity_admission_nhs_borders:0/pyrexia_in_labour|terminology":"local","safer_chart/maternity_admission_nhs_borders:0/time":"2016-07-28T16:28:57.668+02:00","safer_chart/maternity_admission_nhs_borders:0/language|code":"en","safer_chart/maternity_admission_nhs_borders:0/language|terminology":"ISO_639-1","safer_chart/maternity_admission_nhs_borders:0/encoding|code":"UTF-8","safer_chart/maternity_admission_nhs_borders:0/encoding|terminology":"IANA_character-sets","safer_chart/post_natal_nhs_borders:0/elective_caesarean_section|code":"at0006","safer_chart/post_natal_nhs_borders:0/elective_caesarean_section|value":"No","safer_chart/post_natal_nhs_borders:0/elective_caesarean_section|terminology":"local","safer_chart/post_natal_nhs_borders:0/emergency_caesarean_section|code":"at0016","safer_chart/post_natal_nhs_borders:0/emergency_caesarean_section|value":"Yes","safer_chart/post_natal_nhs_borders:0/emergency_caesarean_section|terminology":"local","safer_chart/post_natal_nhs_borders:0/operative_vaginal_delivery|code":"at0020","safer_chart/post_natal_nhs_borders:0/operative_vaginal_delivery|value":"No","safer_chart/post_natal_nhs_borders:0/operative_vaginal_delivery|terminology":"local","safer_chart/post_natal_nhs_borders:0/svd_breech|code":"at0023","safer_chart/post_natal_nhs_borders:0/svd_breech|value":"No","safer_chart/post_natal_nhs_borders:0/svd_breech|terminology":"local","safer_chart/post_natal_nhs_borders:0/baby_4kg|code":"at0027","safer_chart/post_natal_nhs_borders:0/baby_4kg|value":"Don't know","safer_chart/post_natal_nhs_borders:0/baby_4kg|terminology":"local","safer_chart/post_natal_nhs_borders:0/active_labour_24_hours|code":"at0029","safer_chart/post_natal_nhs_borders:0/active_labour_24_hours|value":"No","safer_chart/post_natal_nhs_borders:0/active_labour_24_hours|terminology":"local","safer_chart/post_natal_nhs_borders:0/post-partum_haemorrhage_1000mls|code":"at0032","safer_chart/post_natal_nhs_borders:0/post-partum_haemorrhage_1000mls|value":"No","safer_chart/post_natal_nhs_borders:0/post-partum_haemorrhage_1000mls|terminology":"local","safer_chart/post_natal_nhs_borders:0/retained_placenta|code":"at0035","safer_chart/post_natal_nhs_borders:0/retained_placenta|value":"No","safer_chart/post_natal_nhs_borders:0/retained_placenta|terminology":"local","safer_chart/post_natal_nhs_borders:0/stillbirth_this_pregnancy|code":"at0038","safer_chart/post_natal_nhs_borders:0/stillbirth_this_pregnancy|value":"No","safer_chart/post_natal_nhs_borders:0/stillbirth_this_pregnancy|terminology":"local","safer_chart/post_natal_nhs_borders:0/time":"2016-07-28T16:28:57.668+02:00","safer_chart/post_natal_nhs_borders:0/language|code":"en","safer_chart/post_natal_nhs_borders:0/language|terminology":"ISO_639-1","safer_chart/post_natal_nhs_borders:0/encoding|code":"UTF-8","safer_chart/post_natal_nhs_borders:0/encoding|terminology":"IANA_character-sets","safer_chart/composer|name":"Brian Magowan"},"deleted":false,"lastVersion":true}