{"ctx/language":"en","ctx/territory":"US","ctx/composer_name":"Silvia Blake","ctx/time":"2016-08-02T22:15:30.669+02:00","ctx/id_namespace":"HOSPITAL-NS","ctx/id_scheme":"HOSPITAL-NS","ctx/participation_name":"Dr. Marcus Johnson","ctx/participation_function":"requester","ctx/participation_mode":"face-to-face communication","ctx/participation_id":"199","ctx/participation_name:1":"Lara Markham","ctx/participation_function:1":"performer","ctx/participation_id:1":"198","ctx/health_care_facility|name":"Hospital","ctx/health_care_facility|id":"9091","safer_chart/height_length:0/any_event:0/height_length|magnitude":327.6,"safer_chart/height_length:0/any_event:0/height_length|unit":"cm","safer_chart/body_weight:0/any_event:0/weight|magnitude":62.49,"safer_chart/body_weight:0/any_event:0/weight|unit":"kg","safer_chart/body_mass_index:0/any_event:0/body_mass_index|magnitude":54.47,"safer_chart/body_mass_index:0/any_event:0/body_mass_index|unit":"kg/m2","safer_chart/early_pregnancy_and_booking_nhs_borders:0/thrombophilia|code":"at0011","safer_chart/early_pregnancy_and_booking_nhs_borders:0/personal_history_of_vte|code":"at0014","safer_chart/early_pregnancy_and_booking_nhs_borders:0/family_history_of_dvt|code":"at0020","safer_chart/early_pregnancy_and_booking_nhs_borders:0/parity":301,"safer_chart/early_pregnancy_and_booking_nhs_borders:0/medical_co-morbidity:0|code":"at0023","safer_chart/early_pregnancy_and_booking_nhs_borders:0/current_bed_rest_24_hours|code":"at0036","safer_chart/early_pregnancy_and_booking_nhs_borders:0/gross_varicose_veins|code":"at0041","safer_chart/early_pregnancy_and_booking_nhs_borders:0/multiple_pregnancy|code":"at0043","safer_chart/early_pregnancy_and_booking_nhs_borders:0/maternal_bleeding_disorder|code":"at0048","safer_chart/early_pregnancy_and_booking_nhs_borders:0/previous_pph_1000mls|code":"at0051","safer_chart/early_pregnancy_and_booking_nhs_borders:0/family_origin|code":"at0056","safer_chart/early_pregnancy_and_booking_nhs_borders:0/previous_gestational_diabetes|code":"at0061","safer_chart/early_pregnancy_and_booking_nhs_borders:0/family_history_of_diabetes|code":"at0065","safer_chart/early_pregnancy_and_booking_nhs_borders:0/previous_baby_4.5kg|code":"at0070","safer_chart/early_pregnancy_and_booking_nhs_borders:0/previous_baby_with_iugr|code":"at0075","safer_chart/early_pregnancy_and_booking_nhs_borders:0/co_level_at_booking|magnitude":2.99,"safer_chart/early_pregnancy_and_booking_nhs_borders:0/co_level_at_booking|unit":"%","safer_chart/early_pregnancy_and_booking_nhs_borders:0/current_hyperemesis|code":"at0079","safer_chart/early_pregnancy_and_booking_nhs_borders:0/current_iv_drug_user|code":"at0083","safer_chart/early_pregnancy_and_booking_nhs_borders:0/current_infection|code":"at0088","safer_chart/early_pregnancy_and_booking_nhs_borders:0/mother_or_father_2.5kg_at_birth|code":"at0091","safer_chart/early_pregnancy_and_booking_nhs_borders:0/previous_pre-eclampsia|code":"at0095","safer_chart/early_pregnancy_and_booking_nhs_borders:0/ivf_pregnancy|code":"at0098","safer_chart/early_pregnancy_and_booking_nhs_borders:0/fibroids|code":"at0103","safer_chart/early_pregnancy_and_booking_nhs_borders:0/heavy_bleeding_in_early_pregnancy|code":"at0107","safer_chart/a24_weeks_and_after_nhs_borders:0/positive_group_b_strep_in_hvs|code":"at0008","safer_chart/a24_weeks_and_after_nhs_borders:0/cigarettes_per_day_at_24_weeks|magnitude":1.0,"safer_chart/a24_weeks_and_after_nhs_borders:0/cigarettes_per_day_at_24_weeks|unit":"1/d","safer_chart/a24_weeks_and_after_nhs_borders:0/gestational_diabetes_this_pregnancy|code":"at0012","safer_chart/maternity_admission_nhs_borders:0/pre-eclampsia|code":"at0006","safer_chart/maternity_admission_nhs_borders:0/most_recent_hb|magnitude":16.17,"safer_chart/maternity_admission_nhs_borders:0/most_recent_hb|unit":"","safer_chart/maternity_admission_nhs_borders:0/recurrent_aphs|code":"at0010","safer_chart/maternity_admission_nhs_borders:0/induction_of_labour|code":"at0015","safer_chart/maternity_admission_nhs_borders:0/abruption|code":"at0019","safer_chart/maternity_admission_nhs_borders:0/praevia_accreta|code":"at0022","safer_chart/maternity_admission_nhs_borders:0/pyrexia_in_labour|code":"at0027","safer_chart/post_natal_nhs_borders:0/elective_caesarean_section|code":"at0007","safer_chart/post_natal_nhs_borders:0/emergency_caesarean_section|code":"at0016","safer_chart/post_natal_nhs_borders:0/operative_vaginal_delivery|code":"at0021","safer_chart/post_natal_nhs_borders:0/svd_breech|code":"at0023","safer_chart/post_natal_nhs_borders:0/baby_4kg|code":"at0025","safer_chart/post_natal_nhs_borders:0/active_labour_24_hours|code":"at0029","safer_chart/post_natal_nhs_borders:0/post-partum_haemorrhage_1000mls|code":"at0031","safer_chart/post_natal_nhs_borders:0/retained_placenta|code":"at0036","safer_chart/post_natal_nhs_borders:0/stillbirth_this_pregnancy|code":"at0038"}