{"ctx/language":"en","ctx/territory":"US","ctx/composer_name":"Silvia Blake","ctx/time":"2016-08-03T13:55:22.259Z","ctx/id_namespace":"HOSPITAL-NS","ctx/id_scheme":"HOSPITAL-NS","ctx/participation_name":"Dr. Marcus Johnson","ctx/participation_function":"requester","ctx/participation_mode":"face-to-face communication","ctx/participation_id":"199","ctx/participation_name:1":"Lara Markham","ctx/participation_function:1":"performer","ctx/participation_id:1":"198","ctx/health_care_facility|name":"Hospital","ctx/health_care_facility|id":"9091","paracetamol_overdose_pathway/timeline/exposure:0/paracetamol_ingestion":"Paracetamol ingestion 63","paracetamol_overdose_pathway/timeline/exposure:0/exposure_details:0/date_of_onset":"2016-08-03T13:55:22.259Z","paracetamol_overdose_pathway/initial_blood_tests/paracetamol_concentration/any_event:0/paracetamol_concentration":"Paracetamol concentration 1","paracetamol_overdose_pathway/initial_blood_tests/paracetamol_concentration/any_event:0/laboratory_test_panel:0/laboratory_result:0/paracetamol_concentration_result|magnitude":18.48,"paracetamol_overdose_pathway/initial_blood_tests/paracetamol_concentration/any_event:0/laboratory_test_panel:0/laboratory_result:0/paracetamol_concentration_result|unit":"?","paracetamol_overdose_pathway/initial_blood_tests/urea_and_electrolytes/any_event:0/urea_and_electrolytes":"Urea and electrolytes 96","paracetamol_overdose_pathway/initial_blood_tests/urea_and_electrolytes/any_event:0/laboratory_test_panel:0/urea/urea_result|magnitude":23.51,"paracetamol_overdose_pathway/initial_blood_tests/urea_and_electrolytes/any_event:0/laboratory_test_panel:0/urea/urea_result|unit":"?","paracetamol_overdose_pathway/initial_blood_tests/liver_function_tests/any_event:0/liver_function_tests":"Liver function tests 73","paracetamol_overdose_pathway/initial_blood_tests/liver_function_tests/any_event:0/laboratory_test_panel:0/albumin/albumin_result|magnitude":67.88,"paracetamol_overdose_pathway/initial_blood_tests/liver_function_tests/any_event:0/laboratory_test_panel:0/albumin/albumin_result|unit":"?","paracetamol_overdose_pathway/initial_blood_tests/international_normalised_ratio/any_event:0/international_normalised_ratio":"International normalised ratio 79","paracetamol_overdose_pathway/initial_blood_tests/international_normalised_ratio/any_event:0/laboratory_test_panel:0/laboratory_result:0/inr_result|magnitude":21.35,"paracetamol_overdose_pathway/initial_blood_tests/international_normalised_ratio/any_event:0/laboratory_test_panel:0/laboratory_result:0/inr_result|unit":"?","paracetamol_overdose_pathway/initial_blood_tests/prothrombin_time/any_event:0/prothrombin_time":"Prothrombin time 25","paracetamol_overdose_pathway/initial_blood_tests/prothrombin_time/any_event:0/laboratory_test_panel:0/laboratory_result:0/pt_result|magnitude":23.1,"paracetamol_overdose_pathway/initial_blood_tests/prothrombin_time/any_event:0/laboratory_test_panel:0/laboratory_result:0/pt_result|unit":"?","paracetamol_overdose_pathway/dosage_calculation/body_weight:0/any_event:0/weight|magnitude":241.07,"paracetamol_overdose_pathway/dosage_calculation/body_weight:0/any_event:0/weight|unit":"kg","paracetamol_overdose_pathway/final_blood_tests/urea_and_electrolytes/any_event:0/urea_and_electrolytes":"Urea and electrolytes 79","paracetamol_overdose_pathway/final_blood_tests/urea_and_electrolytes/any_event:0/laboratory_test_panel:0/urea/urea_result|magnitude":36.67,"paracetamol_overdose_pathway/final_blood_tests/urea_and_electrolytes/any_event:0/laboratory_test_panel:0/urea/urea_result|unit":"?","paracetamol_overdose_pathway/final_blood_tests/liver_function_tests/any_event:0/liver_function_tests":"Liver function tests 39","paracetamol_overdose_pathway/final_blood_tests/liver_function_tests/any_event:0/laboratory_test_panel:0/albumin/albumin_result|magnitude":97.67,"paracetamol_overdose_pathway/final_blood_tests/liver_function_tests/any_event:0/laboratory_test_panel:0/albumin/albumin_result|unit":"?","paracetamol_overdose_pathway/final_blood_tests/international_normalised_ratio/any_event:0/international_normalised_ratio":"International normalised ratio 96","paracetamol_overdose_pathway/final_blood_tests/international_normalised_ratio/any_event:0/laboratory_test_panel:0/laboratory_result:0/inr_result|magnitude":1.5,"paracetamol_overdose_pathway/final_blood_tests/international_normalised_ratio/any_event:0/laboratory_test_panel:0/laboratory_result:0/inr_result|unit":"?","paracetamol_overdose_pathway/final_blood_tests/prothrombin_time/any_event:0/prothrombin_time":"Prothrombin time 18","paracetamol_overdose_pathway/final_blood_tests/prothrombin_time/any_event:0/laboratory_test_panel:0/laboratory_result:0/pt_result|magnitude":7.1,"paracetamol_overdose_pathway/final_blood_tests/prothrombin_time/any_event:0/laboratory_test_panel:0/laboratory_result:0/pt_result|unit":"?","paracetamol_overdose_pathway/referral_on/referral_to_liaison_psychiatry/ism_transition/current_state|code":"524","paracetamol_overdose_pathway/referral_on/referral_to_liaison_psychiatry/ism_transition/current_state|value":"initial","paracetamol_overdose_pathway/referral_on/referral_to_liaison_psychiatry/service_name":"Referral to Liaison Psychiatry","paracetamol_overdose_pathway/referral_on/referral_to_liaison_psychiatry/reason":"Suspected or confirmed intentional paracetamol overdose","paracetamol_overdose_pathway/referral_on/referral_to_liaison_psychiatry/time":"2016-08-03T13:55:22.259Z","paracetamol_overdose_pathway/referral_on/referral_made_for_pharmacist_input/ism_transition/current_state|code":"524","paracetamol_overdose_pathway/referral_on/referral_made_for_pharmacist_input/ism_transition/current_state|value":"initial","paracetamol_overdose_pathway/referral_on/referral_made_for_pharmacist_input/service_name":"Referral made for pharmacist input","paracetamol_overdose_pathway/referral_on/referral_made_for_pharmacist_input/reason":"Accidental paracetamol overdose","paracetamol_overdose_pathway/referral_on/referral_made_for_pharmacist_input/time":"2016-08-03T13:55:22.259Z","paracetamol_overdose_pathway/referral_on/referral_made_for_pain_management/ism_transition/current_state|code":"524","paracetamol_overdose_pathway/referral_on/referral_made_for_pain_management/ism_transition/current_state|value":"initial","paracetamol_overdose_pathway/referral_on/referral_made_for_pain_management/service_name":"Referral made for pain management","paracetamol_overdose_pathway/referral_on/referral_made_for_pain_management/reason":"Accidental paracetamol overdose","paracetamol_overdose_pathway/referral_on/referral_made_for_pain_management/time":"2016-08-03T13:55:22.259Z","paracetamol_overdose_pathway/referral_on/medication_advice_given/ism_transition/current_state|code":"524","paracetamol_overdose_pathway/referral_on/medication_advice_given/ism_transition/current_state|value":"initial","paracetamol_overdose_pathway/referral_on/medication_advice_given/topic":"Medication advice given","paracetamol_overdose_pathway/referral_on/medication_advice_given/reason":"Accidental paracetamol overdose","paracetamol_overdose_pathway/referral_on/medication_advice_given/time":"2016-08-03T13:55:22.259Z"}