{"meta":{"href":"https://ehrscape.code-4-health.org/rest/v1/composition/f20fddb1-8b97-4291-98a6-3e5eb33a58e6::diadem.c4h.ehrscape.com::2","precedingHref":"https://ehrscape.code-4-health.org/rest/v1/composition/f20fddb1-8b97-4291-98a6-3e5eb33a58e6::diadem::1"},"format":"FLAT","templateId":"OPRN - Paracetamol overdose pathway.v0","composition":{"paracetamol_overdose_pathway/_uid":"f20fddb1-8b97-4291-98a6-3e5eb33a58e6::diadem.c4h.ehrscape.com::2","paracetamol_overdose_pathway/language|code":"en","paracetamol_overdose_pathway/language|terminology":"ISO_639-1","paracetamol_overdose_pathway/territory|code":"US","paracetamol_overdose_pathway/territory|terminology":"ISO_3166-1","paracetamol_overdose_pathway/context/_health_care_facility|id":"9091","paracetamol_overdose_pathway/context/_health_care_facility|id_scheme":"HOSPITAL-NS","paracetamol_overdose_pathway/context/_health_care_facility|id_namespace":"HOSPITAL-NS","paracetamol_overdose_pathway/context/_health_care_facility|name":"Hospital","paracetamol_overdose_pathway/context/start_time":"2016-08-03T13:42:26.124Z","paracetamol_overdose_pathway/context/setting|code":"238","paracetamol_overdose_pathway/context/setting|value":"other care","paracetamol_overdose_pathway/context/setting|terminology":"openehr","paracetamol_overdose_pathway/timeline/exposure:0/paracetamol_ingestion":"Paracetamol ingestion","paracetamol_overdose_pathway/timeline/exposure:0/exposure_details:0/date_of_onset":"2016-08-03T13:42:26.124Z","paracetamol_overdose_pathway/timeline/exposure:0/language|code":"en","paracetamol_overdose_pathway/timeline/exposure:0/language|terminology":"ISO_639-1","paracetamol_overdose_pathway/timeline/exposure:0/encoding|code":"UTF-8","paracetamol_overdose_pathway/timeline/exposure:0/encoding|terminology":"IANA_character-sets","paracetamol_overdose_pathway/initial_blood_tests/paracetamol_concentration/any_event:0/paracetamol_concentration":"Paracetamol concentration test","paracetamol_overdose_pathway/initial_blood_tests/paracetamol_concentration/any_event:0/laboratory_test_panel:0/laboratory_result:0/paracetamol_concentration_result|magnitude":17.0,"paracetamol_overdose_pathway/initial_blood_tests/paracetamol_concentration/any_event:0/laboratory_test_panel:0/laboratory_result:0/paracetamol_concentration_result|unit":"mg/l","paracetamol_overdose_pathway/initial_blood_tests/paracetamol_concentration/any_event:0/time":"2016-08-03T13:42:26.124Z","paracetamol_overdose_pathway/initial_blood_tests/paracetamol_concentration/language|code":"en","paracetamol_overdose_pathway/initial_blood_tests/paracetamol_concentration/language|terminology":"ISO_639-1","paracetamol_overdose_pathway/initial_blood_tests/paracetamol_concentration/encoding|code":"UTF-8","paracetamol_overdose_pathway/initial_blood_tests/paracetamol_concentration/encoding|terminology":"IANA_character-sets","paracetamol_overdose_pathway/referral_on/referral_to_liaison_psychiatry/ism_transition/current_state|code":"526","paracetamol_overdose_pathway/referral_on/referral_to_liaison_psychiatry/ism_transition/current_state|value":"planned","paracetamol_overdose_pathway/referral_on/referral_to_liaison_psychiatry/ism_transition/current_state|terminology":"openehr","paracetamol_overdose_pathway/referral_on/referral_to_liaison_psychiatry/service_name":"Referral to Liaison Psychiatry","paracetamol_overdose_pathway/referral_on/referral_to_liaison_psychiatry/reason":"Suspected or confirmed intentional paracetamol overdose","paracetamol_overdose_pathway/referral_on/referral_to_liaison_psychiatry/time":"2016-08-03T13:42:26.125Z","paracetamol_overdose_pathway/referral_on/referral_to_liaison_psychiatry/language|code":"en","paracetamol_overdose_pathway/referral_on/referral_to_liaison_psychiatry/language|terminology":"ISO_639-1","paracetamol_overdose_pathway/referral_on/referral_to_liaison_psychiatry/encoding|code":"UTF-8","paracetamol_overdose_pathway/referral_on/referral_to_liaison_psychiatry/encoding|terminology":"IANA_character-sets","paracetamol_overdose_pathway/referral_on/referral_made_for_pharmacist_input/ism_transition/current_state|code":"526","paracetamol_overdose_pathway/referral_on/referral_made_for_pharmacist_input/ism_transition/current_state|value":"planned","paracetamol_overdose_pathway/referral_on/referral_made_for_pharmacist_input/ism_transition/current_state|terminology":"openehr","paracetamol_overdose_pathway/referral_on/referral_made_for_pharmacist_input/service_name":"Referral made for pharmacist input","paracetamol_overdose_pathway/referral_on/referral_made_for_pharmacist_input/reason":"Accidental paracetamol overdose","paracetamol_overdose_pathway/referral_on/referral_made_for_pharmacist_input/time":"2016-08-03T13:42:26.125Z","paracetamol_overdose_pathway/referral_on/referral_made_for_pharmacist_input/language|code":"en","paracetamol_overdose_pathway/referral_on/referral_made_for_pharmacist_input/language|terminology":"ISO_639-1","paracetamol_overdose_pathway/referral_on/referral_made_for_pharmacist_input/encoding|code":"UTF-8","paracetamol_overdose_pathway/referral_on/referral_made_for_pharmacist_input/encoding|terminology":"IANA_character-sets","paracetamol_overdose_pathway/referral_on/referral_made_for_pain_management/ism_transition/current_state|code":"526","paracetamol_overdose_pathway/referral_on/referral_made_for_pain_management/ism_transition/current_state|value":"planned","paracetamol_overdose_pathway/referral_on/referral_made_for_pain_management/ism_transition/current_state|terminology":"openehr","paracetamol_overdose_pathway/referral_on/referral_made_for_pain_management/service_name":"Referral made for pain management","paracetamol_overdose_pathway/referral_on/referral_made_for_pain_management/reason":"Accidental paracetamol overdose","paracetamol_overdose_pathway/referral_on/referral_made_for_pain_management/time":"2016-08-03T13:42:26.125Z","paracetamol_overdose_pathway/referral_on/referral_made_for_pain_management/language|code":"en","paracetamol_overdose_pathway/referral_on/referral_made_for_pain_management/language|terminology":"ISO_639-1","paracetamol_overdose_pathway/referral_on/referral_made_for_pain_management/encoding|code":"UTF-8","paracetamol_overdose_pathway/referral_on/referral_made_for_pain_management/encoding|terminology":"IANA_character-sets","paracetamol_overdose_pathway/referral_on/medication_advice_given/ism_transition/current_state|code":"526","paracetamol_overdose_pathway/referral_on/medication_advice_given/ism_transition/current_state|value":"planned","paracetamol_overdose_pathway/referral_on/medication_advice_given/ism_transition/current_state|terminology":"openehr","paracetamol_overdose_pathway/referral_on/medication_advice_given/topic":"Medication advice given","paracetamol_overdose_pathway/referral_on/medication_advice_given/reason":"Accidental paracetamol overdose","paracetamol_overdose_pathway/referral_on/medication_advice_given/time":"2016-08-03T13:42:26.125Z","paracetamol_overdose_pathway/referral_on/medication_advice_given/language|code":"en","paracetamol_overdose_pathway/referral_on/medication_advice_given/language|terminology":"ISO_639-1","paracetamol_overdose_pathway/referral_on/medication_advice_given/encoding|code":"UTF-8","paracetamol_overdose_pathway/referral_on/medication_advice_given/encoding|terminology":"IANA_character-sets","paracetamol_overdose_pathway/composer|name":"Testy McTestFace 2:55:42 PM"},"deleted":false,"lastVersion":true}