{"meta":{"href":"https://ehrscape.code-4-health.org/rest/v1/template/Vital%20Signs%20Encounter%20(Composition)"},"webTemplate":{"templateId":"Vital Signs Encounter (Composition)","version":"2.3","defaultLanguage":"en","languages":["en"],"tree":{"id":"nursing_vital_signs_observations","name":"Nursing Vital Signs Observations","localizedName":"Nursing Vital Signs Observations","rmType":"COMPOSITION","nodeId":"openEHR-EHR-COMPOSITION.encounter.v1","min":1,"max":1,"localizedNames":{"en":"Nursing Vital Signs Observations"},"localizedDescriptions":{"en":"Interaction, contact or care event between a subject of care and healthcare provider(s)."},"aqlPath":"","children":[{"id":"context","rmType":"EVENT_CONTEXT","nodeId":"","min":1,"max":1,"aqlPath":"/context","children":[{"id":"start_time","name":"Start_time","rmType":"DV_DATE_TIME","min":1,"max":1,"aqlPath":"/context/start_time","inputs":[{"type":"DATETIME"}],"inContext":true},{"id":"setting","name":"Setting","rmType":"DV_CODED_TEXT","min":1,"max":1,"aqlPath":"/context/setting","inputs":[{"suffix":"code","type":"TEXT"},{"suffix":"value","type":"TEXT"}],"inContext":true}]},{"id":"vital_signs","name":"Vital signs","localizedName":"Vital signs","rmType":"SECTION","nodeId":"openEHR-EHR-SECTION.vital_signs.v1","min":0,"max":-1,"localizedNames":{"en":"Vital signs"},"localizedDescriptions":{"en":"A group of observations that are recorded at the same time and record the blood pressure, pulse, temperature and other readings."},"aqlPath":"/content[openEHR-EHR-SECTION.vital_signs.v1]","children":[{"id":"respirations","name":"Respirations","localizedName":"Respirations","rmType":"OBSERVATION","nodeId":"openEHR-EHR-OBSERVATION.respiration.v1","min":0,"max":-1,"localizedNames":{"en":"Respirations"},"localizedDescriptions":{"en":"The observed characteristics of spontaneous breathing as would commonly be recorded as part of a 'vital signs' examination."},"aqlPath":"/content[openEHR-EHR-SECTION.vital_signs.v1]/items[openEHR-EHR-OBSERVATION.respiration.v1]","children":[{"id":"any_event","name":"Any event","localizedName":"Any event","rmType":"EVENT","nodeId":"at0002","min":0,"max":-1,"localizedNames":{"en":"Any event"},"localizedDescriptions":{"en":"Generic event."},"annotations":{"view:pass_through":"true"},"aqlPath":"/content[openEHR-EHR-SECTION.vital_signs.v1]/items[openEHR-EHR-OBSERVATION.respiration.v1]/data[at0001]/events[at0002]","children":[{"id":"rate","name":"Rate","localizedName":"Rate","rmType":"DV_QUANTITY","nodeId":"at0004","min":0,"max":1,"localizedNames":{"en":"Rate"},"localizedDescriptions":{"en":"Rate of respiration."},"aqlPath":"/content[openEHR-EHR-SECTION.vital_signs.v1]/items[openEHR-EHR-OBSERVATION.respiration.v1]/data[at0001]/events[at0002]/data[at0003]/items[at0004]/value","inputs":[{"suffix":"magnitude","type":"DECIMAL","validation":{"range":{"minOp":">=","min":0.0,"maxOp":"<=","max":200.0},"precision":{"minOp":">=","min":0,"maxOp":"<=","max":0}}},{"suffix":"unit","type":"CODED_TEXT","list":[{"value":"/min","label":"/min","validation":{"range":{"minOp":">=","min":0.0,"maxOp":"<=","max":200.0},"precision":{"minOp":">=","min":0,"maxOp":"<=","max":0}}}]}]},{"id":"time","name":"Time","rmType":"DV_DATE_TIME","min":1,"max":1,"aqlPath":"/content[openEHR-EHR-SECTION.vital_signs.v1]/items[openEHR-EHR-OBSERVATION.respiration.v1]/data[at0001]/events[at0002]/time","inputs":[{"type":"DATETIME"}],"inContext":true}]},{"id":"language","name":"Language","rmType":"CODE_PHRASE","min":1,"max":1,"aqlPath":"/content[openEHR-EHR-SECTION.vital_signs.v1]/items[openEHR-EHR-OBSERVATION.respiration.v1]/language","inContext":true},{"id":"encoding","name":"Encoding","rmType":"CODE_PHRASE","min":1,"max":1,"aqlPath":"/content[openEHR-EHR-SECTION.vital_signs.v1]/items[openEHR-EHR-OBSERVATION.respiration.v1]/encoding","inContext":true},{"id":"subject","name":"Subject","rmType":"PARTY_PROXY","min":1,"max":1,"aqlPath":"/content[openEHR-EHR-SECTION.vital_signs.v1]/items[openEHR-EHR-OBSERVATION.respiration.v1]/subject","inContext":true}]},{"id":"pulse","name":"Pulse","localizedName":"Pulse","rmType":"OBSERVATION","nodeId":"openEHR-EHR-OBSERVATION.pulse.v1","min":0,"max":-1,"localizedNames":{"en":"Pulse"},"localizedDescriptions":{"en":"Measurement of the pulse rate, or heart rate, and description of associated characteristics."},"aqlPath":"/content[openEHR-EHR-SECTION.vital_signs.v1]/items[openEHR-EHR-OBSERVATION.pulse.v1]","children":[{"id":"any_event","name":"Any event","localizedName":"Any event","rmType":"EVENT","nodeId":"at0003","min":0,"max":-1,"localizedNames":{"en":"Any event"},"localizedDescriptions":{"en":"Default, unspecified point in time or interval event which may be explicitly defined in a template or at run-time."},"annotations":{"view:pass_through":"true"},"aqlPath":"/content[openEHR-EHR-SECTION.vital_signs.v1]/items[openEHR-EHR-OBSERVATION.pulse.v1]/data[at0002]/events[at0003]","children":[{"id":"heart_rate","name":"Heart Rate","localizedName":"Heart Rate","rmType":"DV_QUANTITY","nodeId":"at0004","min":0,"max":1,"localizedNames":{"en":"Heart Rate"},"localizedDescriptions":{"en":"The heart rate, measured in beats per minute."},"annotations":{"comment":"Run-time name constraints have been specified, in order to simplify the renaming of this data element to Pulse Rate or Heart Rate, as required."},"aqlPath":"/content[openEHR-EHR-SECTION.vital_signs.v1]/items[openEHR-EHR-OBSERVATION.pulse.v1]/data[at0002]/events[at0003]/data[at0001]/items[at0004,'Heart Rate']/value","inputs":[{"suffix":"magnitude","type":"DECIMAL","validation":{"range":{"minOp":">=","min":0.0},"precision":{"minOp":">=","min":0,"maxOp":"<=","max":0}}},{"suffix":"unit","type":"CODED_TEXT","list":[{"value":"/min","label":"/min","validation":{"range":{"minOp":">=","min":0.0},"precision":{"minOp":">=","min":0,"maxOp":"<=","max":0}}}]}]},{"id":"time","name":"Time","rmType":"DV_DATE_TIME","min":1,"max":1,"aqlPath":"/content[openEHR-EHR-SECTION.vital_signs.v1]/items[openEHR-EHR-OBSERVATION.pulse.v1]/data[at0002]/events[at0003]/time","inputs":[{"type":"DATETIME"}],"inContext":true}]},{"id":"language","name":"Language","rmType":"CODE_PHRASE","min":1,"max":1,"aqlPath":"/content[openEHR-EHR-SECTION.vital_signs.v1]/items[openEHR-EHR-OBSERVATION.pulse.v1]/language","inContext":true},{"id":"encoding","name":"Encoding","rmType":"CODE_PHRASE","min":1,"max":1,"aqlPath":"/content[openEHR-EHR-SECTION.vital_signs.v1]/items[openEHR-EHR-OBSERVATION.pulse.v1]/encoding","inContext":true},{"id":"subject","name":"Subject","rmType":"PARTY_PROXY","min":1,"max":1,"aqlPath":"/content[openEHR-EHR-SECTION.vital_signs.v1]/items[openEHR-EHR-OBSERVATION.pulse.v1]/subject","inContext":true}]},{"id":"body_temperature","name":"Body temperature","localizedName":"Body temperature","rmType":"OBSERVATION","nodeId":"openEHR-EHR-OBSERVATION.body_temperature.v1","min":0,"max":-1,"localizedNames":{"en":"Body temperature"},"localizedDescriptions":{"en":"A measurement of the body temperature, which is a surrogate for the whole body temperature of the person."},"aqlPath":"/content[openEHR-EHR-SECTION.vital_signs.v1]/items[openEHR-EHR-OBSERVATION.body_temperature.v1]","children":[{"id":"any_event","name":"Any event","localizedName":"Any event","rmType":"EVENT","nodeId":"at0003","min":0,"max":-1,"localizedNames":{"en":"Any event"},"localizedDescriptions":{"en":"Any event."},"annotations":{"view:pass_through":"true"},"aqlPath":"/content[openEHR-EHR-SECTION.vital_signs.v1]/items[openEHR-EHR-OBSERVATION.body_temperature.v1]/data[at0002]/events[at0003]","children":[{"id":"temperature","name":"Temperature","localizedName":"Temperature","rmType":"DV_QUANTITY","nodeId":"at0004","min":1,"max":1,"localizedNames":{"en":"Temperature"},"localizedDescriptions":{"en":"The measured body temperature (as a surrogate for the whole body)."},"aqlPath":"/content[openEHR-EHR-SECTION.vital_signs.v1]/items[openEHR-EHR-OBSERVATION.body_temperature.v1]/data[at0002]/events[at0003]/data[at0001]/items[at0004]/value","inputs":[{"suffix":"magnitude","type":"DECIMAL","validation":{"range":{"minOp":">=","min":0.0},"precision":{"minOp":">=","min":1,"maxOp":"<=","max":1}}},{"suffix":"unit","type":"CODED_TEXT","list":[{"value":"°C","label":"°C","validation":{"range":{"minOp":">=","min":0.0},"precision":{"minOp":">=","min":1,"maxOp":"<=","max":1}}}]}]},{"id":"time","name":"Time","rmType":"DV_DATE_TIME","min":1,"max":1,"aqlPath":"/content[openEHR-EHR-SECTION.vital_signs.v1]/items[openEHR-EHR-OBSERVATION.body_temperature.v1]/data[at0002]/events[at0003]/time","inputs":[{"type":"DATETIME"}],"inContext":true}]},{"id":"language","name":"Language","rmType":"CODE_PHRASE","min":1,"max":1,"aqlPath":"/content[openEHR-EHR-SECTION.vital_signs.v1]/items[openEHR-EHR-OBSERVATION.body_temperature.v1]/language","inContext":true},{"id":"encoding","name":"Encoding","rmType":"CODE_PHRASE","min":1,"max":1,"aqlPath":"/content[openEHR-EHR-SECTION.vital_signs.v1]/items[openEHR-EHR-OBSERVATION.body_temperature.v1]/encoding","inContext":true},{"id":"subject","name":"Subject","rmType":"PARTY_PROXY","min":1,"max":1,"aqlPath":"/content[openEHR-EHR-SECTION.vital_signs.v1]/items[openEHR-EHR-OBSERVATION.body_temperature.v1]/subject","inContext":true}]},{"id":"avpu","name":"AVPU","localizedName":"AVPU","rmType":"OBSERVATION","nodeId":"openEHR-EHR-OBSERVATION.avpu.v1","min":0,"max":-1,"localizedNames":{"en":"AVPU"},"localizedDescriptions":{"en":"Simple scale used as part of an assessment to measure and record a patient's responsiveness, indicating their level of consciousness. AVPU is an acronym for 'Alert', 'Voice', 'Pain', 'Unresponsive'."},"aqlPath":"/content[openEHR-EHR-SECTION.vital_signs.v1]/items[openEHR-EHR-OBSERVATION.avpu.v1]","children":[{"id":"avpu_observation","name":"AVPU Observation","localizedName":"AVPU Observation","rmType":"DV_CODED_TEXT","nodeId":"at0004","min":0,"max":1,"localizedNames":{"en":"AVPU Observation"},"localizedDescriptions":{"en":"The observation of the patient's responsiveness."},"aqlPath":"/content[openEHR-EHR-SECTION.vital_signs.v1]/items[openEHR-EHR-OBSERVATION.avpu.v1]/data[at0001]/events[at0002]/data[at0003]/items[at0004]/value","inputs":[{"suffix":"code","type":"CODED_TEXT","list":[{"value":"at0005","label":"Alert","localizedLabels":{"en":"Alert"},"localizedDescriptions":{"en":"The patient is fully awake and alert."}},{"value":"at0006","label":"Voice","localizedLabels":{"en":"Voice"},"localizedDescriptions":{"en":"The patient responds in any way to a voice stimulus."}},{"value":"at0007","label":"Pain","localizedLabels":{"en":"Pain"},"localizedDescriptions":{"en":"The patient responds in any way to a pain stimulus."}},{"value":"at0008","label":"Unresponsive","localizedLabels":{"en":"Unresponsive"},"localizedDescriptions":{"en":"The patient does not respond in any way to voice or pain stimuli."}}]}]},{"id":"time","name":"Time","rmType":"DV_DATE_TIME","min":1,"max":1,"aqlPath":"/content[openEHR-EHR-SECTION.vital_signs.v1]/items[openEHR-EHR-OBSERVATION.avpu.v1]/data[at0001]/events[at0002]/time","inputs":[{"type":"DATETIME"}],"inContext":true},{"id":"language","name":"Language","rmType":"CODE_PHRASE","min":1,"max":1,"aqlPath":"/content[openEHR-EHR-SECTION.vital_signs.v1]/items[openEHR-EHR-OBSERVATION.avpu.v1]/language","inContext":true},{"id":"encoding","name":"Encoding","rmType":"CODE_PHRASE","min":1,"max":1,"aqlPath":"/content[openEHR-EHR-SECTION.vital_signs.v1]/items[openEHR-EHR-OBSERVATION.avpu.v1]/encoding","inContext":true},{"id":"subject","name":"Subject","rmType":"PARTY_PROXY","min":1,"max":1,"aqlPath":"/content[openEHR-EHR-SECTION.vital_signs.v1]/items[openEHR-EHR-OBSERVATION.avpu.v1]/subject","inContext":true}]},{"id":"blood_pressure","name":"Blood Pressure","localizedName":"Blood Pressure","rmType":"OBSERVATION","nodeId":"openEHR-EHR-OBSERVATION.blood_pressure.v1","min":0,"max":-1,"localizedNames":{"en":"Blood Pressure"},"localizedDescriptions":{"en":"The local measurement of arterial blood pressure which is a surrogate for arterial. pressure in the systemic circulation.  Most commonly, use of the term 'blood pressure' refers to measurement of brachial artery pressure in the upper arm."},"aqlPath":"/content[openEHR-EHR-SECTION.vital_signs.v1]/items[openEHR-EHR-OBSERVATION.blood_pressure.v1]","children":[{"id":"any_event","name":"any event","localizedName":"any event","rmType":"EVENT","nodeId":"at0006","min":0,"max":-1,"localizedNames":{"en":"any event"},"localizedDescriptions":{"en":"Default event."},"annotations":{"view:pass_through":"true"},"aqlPath":"/content[openEHR-EHR-SECTION.vital_signs.v1]/items[openEHR-EHR-OBSERVATION.blood_pressure.v1]/data[at0001]/events[at0006]","children":[{"id":"systolic","name":"Systolic","localizedName":"Systolic","rmType":"DV_QUANTITY","nodeId":"at0004","min":0,"max":1,"localizedNames":{"en":"Systolic"},"localizedDescriptions":{"en":"Peak systemic arterial blood pressure  - measured in systolic or contraction phase of the heart cycle."},"aqlPath":"/content[openEHR-EHR-SECTION.vital_signs.v1]/items[openEHR-EHR-OBSERVATION.blood_pressure.v1]/data[at0001]/events[at0006]/data[at0003]/items[at0004]/value","inputs":[{"suffix":"magnitude","type":"DECIMAL","validation":{"range":{"minOp":">=","min":0.0,"maxOp":"<","max":1000.0},"precision":{"minOp":">=","min":0,"maxOp":"<=","max":0}}},{"suffix":"unit","type":"CODED_TEXT","list":[{"value":"mm[Hg]","label":"mm[Hg]","validation":{"range":{"minOp":">=","min":0.0,"maxOp":"<","max":1000.0},"precision":{"minOp":">=","min":0,"maxOp":"<=","max":0}}}]}],"termBindings":{"SNOMED-CT":{"value":"163030003","terminologyId":"SNOMED-CT(2003)"}}},{"id":"diastolic","name":"Diastolic","localizedName":"Diastolic","rmType":"DV_QUANTITY","nodeId":"at0005","min":0,"max":1,"localizedNames":{"en":"Diastolic"},"localizedDescriptions":{"en":"Minimum systemic arterial blood pressure - measured in the diastolic or relaxation phase of the heart cycle."},"aqlPath":"/content[openEHR-EHR-SECTION.vital_signs.v1]/items[openEHR-EHR-OBSERVATION.blood_pressure.v1]/data[at0001]/events[at0006]/data[at0003]/items[at0005]/value","inputs":[{"suffix":"magnitude","type":"DECIMAL","validation":{"range":{"minOp":">=","min":0.0,"maxOp":"<","max":1000.0},"precision":{"minOp":">=","min":0,"maxOp":"<=","max":0}}},{"suffix":"unit","type":"CODED_TEXT","list":[{"value":"mm[Hg]","label":"mm[Hg]","validation":{"range":{"minOp":">=","min":0.0,"maxOp":"<","max":1000.0},"precision":{"minOp":">=","min":0,"maxOp":"<=","max":0}}}]}],"termBindings":{"SNOMED-CT":{"value":"163031004","terminologyId":"SNOMED-CT(2003)"}}},{"id":"time","name":"Time","rmType":"DV_DATE_TIME","min":1,"max":1,"aqlPath":"/content[openEHR-EHR-SECTION.vital_signs.v1]/items[openEHR-EHR-OBSERVATION.blood_pressure.v1]/data[at0001]/events[at0006]/time","inputs":[{"type":"DATETIME"}],"inContext":true}]},{"id":"language","name":"Language","rmType":"CODE_PHRASE","min":1,"max":1,"aqlPath":"/content[openEHR-EHR-SECTION.vital_signs.v1]/items[openEHR-EHR-OBSERVATION.blood_pressure.v1]/language","inContext":true},{"id":"encoding","name":"Encoding","rmType":"CODE_PHRASE","min":1,"max":1,"aqlPath":"/content[openEHR-EHR-SECTION.vital_signs.v1]/items[openEHR-EHR-OBSERVATION.blood_pressure.v1]/encoding","inContext":true},{"id":"subject","name":"Subject","rmType":"PARTY_PROXY","min":1,"max":1,"aqlPath":"/content[openEHR-EHR-SECTION.vital_signs.v1]/items[openEHR-EHR-OBSERVATION.blood_pressure.v1]/subject","inContext":true}],"termBindings":{"SNOMED-CT":{"value":"163020007","terminologyId":"SNOMED-CT(2003)"}}},{"id":"indirect_oximetry","name":"Indirect Oximetry","localizedName":"Indirect Oximetry","rmType":"OBSERVATION","nodeId":"openEHR-EHR-OBSERVATION.indirect_oximetry.v1","min":0,"max":-1,"localizedNames":{"en":"Indirect Oximetry"},"localizedDescriptions":{"en":"Method of monitoring blood gas measurements such as Spo2 and pTCO2 by indirect, currently non-invasive, means."},"aqlPath":"/content[openEHR-EHR-SECTION.vital_signs.v1]/items[openEHR-EHR-OBSERVATION.indirect_oximetry.v1]","children":[{"id":"any_event","name":"Any Event","localizedName":"Any Event","rmType":"EVENT","nodeId":"at0002","min":0,"max":-1,"localizedNames":{"en":"Any Event"},"localizedDescriptions":{"en":"Default, unspecified point in time or interval event which may be explicitly defined in a template or at run-time."},"aqlPath":"/content[openEHR-EHR-SECTION.vital_signs.v1]/items[openEHR-EHR-OBSERVATION.indirect_oximetry.v1]/data[at0001]/events[at0002]","children":[{"id":"spo2","name":"spO2","localizedName":"spO2","rmType":"DV_PROPORTION","nodeId":"at0006","min":0,"max":1,"localizedNames":{"en":"spO2"},"localizedDescriptions":{"en":"Measured via pulse oximetry, the saturation of oxygen in the peripheral blood."},"annotations":{"comment":"spO2 is defined as the ratio of oxyhaemoglobin (HbO2) to the total concentration of haemoglobin (HbO2 + deoxyhaemoglobin)."},"aqlPath":"/content[openEHR-EHR-SECTION.vital_signs.v1]/items[openEHR-EHR-OBSERVATION.indirect_oximetry.v1]/data[at0001]/events[at0002]/data[at0003]/items[at0006]/value","inputs":[{"suffix":"numerator","type":"DECIMAL","validation":{"range":{"minOp":">=","min":0.0,"maxOp":"<=","max":100.0}}},{"suffix":"denominator","type":"DECIMAL","validation":{"range":{"minOp":">=","min":100.0,"maxOp":"<=","max":100.0}}}],"termBindings":{"SNOMED-CT":{"value":"431314004","terminologyId":"SNOMED-CT"},"LOINC":{"value":"59408-5","terminologyId":"LOINC"}}},{"id":"spmet","name":"spMet","localizedName":"spMet","rmType":"DV_PROPORTION","nodeId":"at0046","min":0,"max":1,"localizedNames":{"en":"spMet"},"localizedDescriptions":{"en":"Measured via pulse CO-oximetry, the saturation of methoxyhaemoglobin in the peripheral blood."},"aqlPath":"/content[openEHR-EHR-SECTION.vital_signs.v1]/items[openEHR-EHR-OBSERVATION.indirect_oximetry.v1]/data[at0001]/events[at0002]/data[at0003]/items[at0046]/value","inputs":[{"suffix":"numerator","type":"DECIMAL","validation":{"range":{"minOp":">=","min":0.0,"maxOp":"<=","max":100.0}}},{"suffix":"denominator","type":"DECIMAL","validation":{"range":{"minOp":">=","min":100.0,"maxOp":"<=","max":100.0}}}]},{"id":"ptco2","name":"ptcO2","localizedName":"ptcO2","rmType":"DV_QUANTITY","nodeId":"at0039","min":0,"max":1,"localizedNames":{"en":"ptcO2"},"localizedDescriptions":{"en":"Measured via transcutaneous electrode oximetry, the partial pressure of oxygen in the peripheral blood."},"aqlPath":"/content[openEHR-EHR-SECTION.vital_signs.v1]/items[openEHR-EHR-OBSERVATION.indirect_oximetry.v1]/data[at0001]/events[at0002]/data[at0003]/items[at0039]/value","inputs":[{"suffix":"magnitude","type":"DECIMAL","validation":{"range":{"minOp":">=","min":0.0},"precision":{"minOp":">=","min":1,"maxOp":"<=","max":1}}},{"suffix":"unit","type":"CODED_TEXT","list":[{"value":"mm[Hg]","label":"mm[Hg]","validation":{"range":{"minOp":">=","min":0.0},"precision":{"minOp":">=","min":1,"maxOp":"<=","max":1}}}]}],"termBindings":{"LOINC":{"value":"33437-5","terminologyId":"LOINC"}}},{"id":"ptcco2","name":"ptcCO2","localizedName":"ptcCO2","rmType":"DV_QUANTITY","nodeId":"at0040","min":0,"max":1,"localizedNames":{"en":"ptcCO2"},"localizedDescriptions":{"en":"Measured via transcutaneous electrode oximetry, the partial pressure of carbon dioxide in the peripheral blood."},"aqlPath":"/content[openEHR-EHR-SECTION.vital_signs.v1]/items[openEHR-EHR-OBSERVATION.indirect_oximetry.v1]/data[at0001]/events[at0002]/data[at0003]/items[at0040]/value","inputs":[{"suffix":"magnitude","type":"DECIMAL","validation":{"range":{"minOp":">=","min":0.0},"precision":{"minOp":">=","min":1,"maxOp":"<=","max":1}}},{"suffix":"unit","type":"CODED_TEXT","list":[{"value":"mm[Hg]","label":"mm[Hg]","validation":{"range":{"minOp":">=","min":0.0},"precision":{"minOp":">=","min":1,"maxOp":"<=","max":1}}}]}],"termBindings":{"LOINC":{"value":"33022-5","terminologyId":"LOINC"}}},{"id":"multimedia_image","name":"Multimedia Image","localizedName":"Multimedia Image","rmType":"DV_MULTIMEDIA","nodeId":"at0019","min":0,"max":-1,"localizedNames":{"en":"Multimedia Image"},"localizedDescriptions":{"en":"Details of a series of oximetry readings, other than waveforms, expressed as a multimedia image or series of images. Waveforms should be recorded using the Waveform slot and associated cluster archetype."},"aqlPath":"/content[openEHR-EHR-SECTION.vital_signs.v1]/items[openEHR-EHR-OBSERVATION.indirect_oximetry.v1]/data[at0001]/events[at0002]/data[at0003]/items[at0019]/value","inputs":[{"type":"TEXT"}]},{"id":"interpretation","name":"Interpretation","localizedName":"Interpretation","rmType":"DV_TEXT","nodeId":"at0058","min":0,"max":-1,"localizedNames":{"en":"Interpretation"},"localizedDescriptions":{"en":"Single word, phrase or brief description represents the clinical meaning and significance of the physical examination findings."},"annotations":{"comment":"Coding with a terminology is preferred, if possible. For example, normal oxygen saturation or hypoxaemia."},"aqlPath":"/content[openEHR-EHR-SECTION.vital_signs.v1]/items[openEHR-EHR-OBSERVATION.indirect_oximetry.v1]/data[at0001]/events[at0002]/data[at0003]/items[at0058]/value","inputs":[{"type":"TEXT"}]},{"id":"comment","name":"Comment","localizedName":"Comment","rmType":"DV_TEXT","nodeId":"at0036","min":0,"max":1,"localizedNames":{"en":"Comment"},"localizedDescriptions":{"en":"A text comment about the indirect oximetry result."},"aqlPath":"/content[openEHR-EHR-SECTION.vital_signs.v1]/items[openEHR-EHR-OBSERVATION.indirect_oximetry.v1]/data[at0001]/events[at0002]/data[at0003]/items[at0036]/value","inputs":[{"type":"TEXT"}]},{"id":"delivered_oxygen","name":"Delivered oxygen","localizedName":"Delivered oxygen","rmType":"CLUSTER","nodeId":"openEHR-EHR-CLUSTER.ambient_oxygen.v1","min":0,"max":1,"dependsOn":["ptco2","multimedia_image","spo2","interpretation","spmet","ptcco2","comment"],"localizedNames":{"en":"Delivered oxygen"},"localizedDescriptions":{"en":"The amount of oxygen being delivered, or to be delivered, to the subject.  Assumed values of 21% O2, Fi02 of 0.21 and Oxygen flow rate of zero."},"aqlPath":"/content[openEHR-EHR-SECTION.vital_signs.v1]/items[openEHR-EHR-OBSERVATION.indirect_oximetry.v1]/data[at0001]/events[at0002]/state[at0014]/items[openEHR-EHR-CLUSTER.ambient_oxygen.v1,'Delivered oxygen']","children":[{"id":"percent_o2","name":"Percent O2","localizedName":"Percent O2","rmType":"DV_PROPORTION","nodeId":"at0053","min":0,"max":1,"localizedNames":{"en":"Percent O2"},"localizedDescriptions":{"en":"Percentage of inspired oxygen."},"aqlPath":"/content[openEHR-EHR-SECTION.vital_signs.v1]/items[openEHR-EHR-OBSERVATION.indirect_oximetry.v1]/data[at0001]/events[at0002]/state[at0014]/items[openEHR-EHR-CLUSTER.ambient_oxygen.v1,'Delivered oxygen']/items[at0053]/value","inputs":[{"suffix":"numerator","type":"DECIMAL","validation":{"range":{"minOp":">=","min":0.0,"maxOp":"<=","max":100.0}},"defaultValue":21.0},{"suffix":"denominator","type":"DECIMAL","validation":{"range":{"minOp":">=","min":100.0,"maxOp":"<=","max":100.0}}}]},{"id":"on_air","name":"On air","localizedName":"On air","rmType":"DV_BOOLEAN","nodeId":"at0057","min":0,"max":1,"localizedNames":{"en":"On air"},"localizedDescriptions":{"en":"The patient is receiving air, equivalent to 21% O2."},"aqlPath":"/content[openEHR-EHR-SECTION.vital_signs.v1]/items[openEHR-EHR-OBSERVATION.indirect_oximetry.v1]/data[at0001]/events[at0002]/state[at0014]/items[openEHR-EHR-CLUSTER.ambient_oxygen.v1,'Delivered oxygen']/items[at0057]/value","inputs":[{"type":"BOOLEAN","list":[{"value":"true","label":"true"}],"defaultValue":true}]},{"id":"method_of_oxygen_delivery","name":"Method of oxygen delivery","localizedName":"Method of oxygen delivery","rmType":"DV_TEXT","nodeId":"at0054","min":0,"max":-1,"localizedNames":{"en":"Method of oxygen delivery"},"localizedDescriptions":{"en":"The method used to delivery the oxygen."},"annotations":{"comment":"Intended to capture only simple description / terms. e.g. 'nasal prongs'. The 'Oxygen delivery detail' slot may be used for more detailed or complex recording.  "},"aqlPath":"/content[openEHR-EHR-SECTION.vital_signs.v1]/items[openEHR-EHR-OBSERVATION.indirect_oximetry.v1]/data[at0001]/events[at0002]/state[at0014]/items[openEHR-EHR-CLUSTER.ambient_oxygen.v1,'Delivered oxygen']/items[at0054]/value","inputs":[{"type":"TEXT"}],"termBindings":{"SNOMED-CT":{"value":"277923006","terminologyId":"SNOMED-CT"}}}],"termBindings":{"SNOMED-CT":{"value":"252465000","terminologyId":"SNOMED-CT"}}},{"id":"time","name":"Time","rmType":"DV_DATE_TIME","min":1,"max":1,"aqlPath":"/content[openEHR-EHR-SECTION.vital_signs.v1]/items[openEHR-EHR-OBSERVATION.indirect_oximetry.v1]/data[at0001]/events[at0002]/time","inputs":[{"type":"DATETIME"}],"inContext":true}]},{"id":"sensor_site","name":"Sensor Site","localizedName":"Sensor Site","rmType":"DV_TEXT","nodeId":"at0009","min":0,"max":1,"dependsOn":["any_event"],"localizedNames":{"en":"Sensor Site"},"localizedDescriptions":{"en":"The site of the measurement sensor."},"aqlPath":"/content[openEHR-EHR-SECTION.vital_signs.v1]/items[openEHR-EHR-OBSERVATION.indirect_oximetry.v1]/protocol[at0007]/items[at0009]/value","inputs":[{"type":"TEXT"}],"termBindings":{"LOINC":{"value":"20081-6","terminologyId":"LOINC"}}},{"id":"sensor_type","name":"Sensor Type","localizedName":"Sensor Type","rmType":"DV_CODED_TEXT","nodeId":"at0020","min":0,"max":1,"dependsOn":["any_event"],"localizedNames":{"en":"Sensor Type"},"localizedDescriptions":{"en":"The type of measurement sensor used."},"annotations":{"comment":"For example: transmittal electrode; reflective electrode; clamp electrode; or strip electrode."},"aqlPath":"/content[openEHR-EHR-SECTION.vital_signs.v1]/items[openEHR-EHR-OBSERVATION.indirect_oximetry.v1]/protocol[at0007]/items[at0020]/value","inputs":[{"suffix":"code","type":"CODED_TEXT","list":[{"value":"at0048","label":"Transmittal","localizedLabels":{"en":"Transmittal"},"localizedDescriptions":{"en":"A pulse oximetry transmittal sensor was applied."}},{"value":"at0049","label":"Reflective","localizedLabels":{"en":"Reflective"},"localizedDescriptions":{"en":"A pulse oximetry reflective sensor was applied."}},{"value":"at0050","label":"Clamp","localizedLabels":{"en":"Clamp"},"localizedDescriptions":{"en":"A pulse oximetry clamp sensor was applied."}},{"value":"at0051","label":"Strip","localizedLabels":{"en":"Strip"},"localizedDescriptions":{"en":"A pulse oximetry strip sensor was applied."}},{"value":"at0052","label":"Electrode","localizedLabels":{"en":"Electrode"},"localizedDescriptions":{"en":"A transcutaneous electrode sensor was applied."}}],"listOpen":true},{"suffix":"other","type":"TEXT"}]},{"id":"electrode_operating_temperature","name":"Electrode Operating Temperature","localizedName":"Electrode Operating Temperature","rmType":"DV_QUANTITY","nodeId":"at0037","min":0,"max":1,"dependsOn":["any_event"],"localizedNames":{"en":"Electrode Operating Temperature"},"localizedDescriptions":{"en":"The operating temperature of a transcutaneous oximeter electrode."},"aqlPath":"/content[openEHR-EHR-SECTION.vital_signs.v1]/items[openEHR-EHR-OBSERVATION.indirect_oximetry.v1]/protocol[at0007]/items[at0037]/value","inputs":[{"suffix":"magnitude","type":"DECIMAL","validation":{"range":{"minOp":">=","min":0.0,"maxOp":"<=","max":100.0},"precision":{"minOp":">=","min":1,"maxOp":"<=","max":1}}},{"suffix":"unit","type":"CODED_TEXT","list":[{"value":"Cel","label":"Cel","validation":{"range":{"minOp":">=","min":0.0,"maxOp":"<=","max":100.0},"precision":{"minOp":">=","min":1,"maxOp":"<=","max":1}}}]}]},{"id":"time_of_sensor_application","name":"Time of Sensor Application","localizedName":"Time of Sensor Application","rmType":"DV_DATE_TIME","nodeId":"at0038","min":0,"max":1,"dependsOn":["any_event"],"localizedNames":{"en":"Time of Sensor Application"},"localizedDescriptions":{"en":"The date and time at which the sensor was applied. Significant for transcutaneous oximetry."},"aqlPath":"/content[openEHR-EHR-SECTION.vital_signs.v1]/items[openEHR-EHR-OBSERVATION.indirect_oximetry.v1]/protocol[at0007]/items[at0038]/value","inputs":[{"type":"DATETIME"}]},{"id":"language","name":"Language","rmType":"CODE_PHRASE","min":1,"max":1,"aqlPath":"/content[openEHR-EHR-SECTION.vital_signs.v1]/items[openEHR-EHR-OBSERVATION.indirect_oximetry.v1]/language","inContext":true},{"id":"encoding","name":"Encoding","rmType":"CODE_PHRASE","min":1,"max":1,"aqlPath":"/content[openEHR-EHR-SECTION.vital_signs.v1]/items[openEHR-EHR-OBSERVATION.indirect_oximetry.v1]/encoding","inContext":true},{"id":"subject","name":"Subject","rmType":"PARTY_PROXY","min":1,"max":1,"aqlPath":"/content[openEHR-EHR-SECTION.vital_signs.v1]/items[openEHR-EHR-OBSERVATION.indirect_oximetry.v1]/subject","inContext":true}],"termBindings":{"SNOMED-CT":{"value":"252465000","terminologyId":"SNOMED-CT"}}},{"id":"national_early_warning_score_rcp_uk","name":"National Early Warning Score (RCP UK)","localizedName":"National Early Warning Score (RCP UK)","rmType":"OBSERVATION","nodeId":"openEHR-EHR-OBSERVATION.news_rcp_uk.v1","min":0,"max":-1,"localizedNames":{"en":"National Early Warning Score (RCP UK)"},"localizedDescriptions":{"en":"A simple score used to provide an objective indication of the degree of illness of a patient. This version follows guidance issued by the UK Royal College of Physicians. "},"aqlPath":"/content[openEHR-EHR-SECTION.vital_signs.v1]/items[openEHR-EHR-OBSERVATION.news_rcp_uk.v1]","children":[{"id":"respiration_rate","name":"Respiration Rate","localizedName":"Respiration Rate","rmType":"DV_ORDINAL","nodeId":"at0006","min":0,"max":1,"localizedNames":{"en":"Respiration Rate"},"localizedDescriptions":{"en":"Range category for the respiratory rate (RR) measurement of a patient."},"aqlPath":"/content[openEHR-EHR-SECTION.vital_signs.v1]/items[openEHR-EHR-OBSERVATION.news_rcp_uk.v1]/data[at0001]/events[at0002]/data[at0003]/items[at0006]/value","inputs":[{"type":"CODED_TEXT","list":[{"value":"at0018","label":"12-20","localizedLabels":{"en":"12-20"},"localizedDescriptions":{"en":"The respiratory rate measurement is between 12 and 20 breaths/min; scored as 0 points."},"ordinal":0},{"value":"at0019","label":"9-11","localizedLabels":{"en":"9-11"},"localizedDescriptions":{"en":"The respiratory rate measurement is between 9 and 11 breaths/min; scored as 1 point."},"ordinal":1},{"value":"at0020","label":"21-24","localizedLabels":{"en":"21-24"},"localizedDescriptions":{"en":"The respiratory rate measurement is between 21 and 24 breaths/min; scored as 2 points."},"ordinal":2},{"value":"at0021","label":"<=8 or >=25","localizedLabels":{"en":"<=8 or >=25"},"localizedDescriptions":{"en":"The respiratory rate measurement is less than/equal to 8 breaths/min or greater than/equal to 25 breaths/min; scored as 3 points."},"ordinal":3}]}]},{"id":"oxygen_saturation","name":"Oxygen Saturation","localizedName":"Oxygen Saturation","rmType":"DV_ORDINAL","nodeId":"at0029","min":0,"max":1,"localizedNames":{"en":"Oxygen Saturation"},"localizedDescriptions":{"en":"Range category for the oxygen saturation measurement of a patient."},"aqlPath":"/content[openEHR-EHR-SECTION.vital_signs.v1]/items[openEHR-EHR-OBSERVATION.news_rcp_uk.v1]/data[at0001]/events[at0002]/data[at0003]/items[at0029]/value","inputs":[{"type":"CODED_TEXT","list":[{"value":"at0030","label":">= 96","localizedLabels":{"en":">= 96"},"localizedDescriptions":{"en":"The oxygen saturation level is greater than/equal to 96%;scored as 0 points."},"ordinal":0},{"value":"at0031","label":"94-95","localizedLabels":{"en":"94-95"},"localizedDescriptions":{"en":"The oxygen saturation level is between 94% and 95%; scored as 1 point."},"ordinal":1},{"value":"at0032","label":"92-93","localizedLabels":{"en":"92-93"},"localizedDescriptions":{"en":"The oxygen saturation level is between 92% and 93%; scored as 2 points."},"ordinal":2},{"value":"at0033","label":"<=91","localizedLabels":{"en":"<=91"},"localizedDescriptions":{"en":"The oxygen saturation level is less than/equal to 91%; scored as 3 points."},"ordinal":3}]}]},{"id":"supplemental_oxygen","name":"Supplemental Oxygen","localizedName":"Supplemental Oxygen","rmType":"DV_ORDINAL","nodeId":"at0034","min":0,"max":1,"localizedNames":{"en":"Supplemental Oxygen"},"localizedDescriptions":{"en":"Range category depending on whether the patient is receiving supplemental oxygen."},"aqlPath":"/content[openEHR-EHR-SECTION.vital_signs.v1]/items[openEHR-EHR-OBSERVATION.news_rcp_uk.v1]/data[at0001]/events[at0002]/data[at0003]/items[at0034]/value","inputs":[{"type":"CODED_TEXT","list":[{"value":"at0036","label":"No","localizedLabels":{"en":"No"},"localizedDescriptions":{"en":"The patient is not receiving supplemental oxygen; scored as 0."},"ordinal":0},{"value":"at0037","label":"Yes","localizedLabels":{"en":"Yes"},"localizedDescriptions":{"en":"The patient is receiving supplemental oxygen; scored as 1."},"ordinal":1}]}]},{"id":"temperature","name":"Temperature","localizedName":"Temperature","rmType":"DV_ORDINAL","nodeId":"at0007","min":0,"max":1,"localizedNames":{"en":"Temperature"},"localizedDescriptions":{"en":"Range category for the body temperature (Temp) measurement of a patient."},"aqlPath":"/content[openEHR-EHR-SECTION.vital_signs.v1]/items[openEHR-EHR-OBSERVATION.news_rcp_uk.v1]/data[at0001]/events[at0002]/data[at0003]/items[at0007]/value","inputs":[{"type":"CODED_TEXT","list":[{"value":"at0022","label":"36.1-38.0","localizedLabels":{"en":"36.1-38.0"},"localizedDescriptions":{"en":"The body temperature measurement is between 36.1 and 38.0 degrees Celsius; scored as 0 points."},"ordinal":0},{"value":"at0023","label":"35.0 or 38.1-39.0","localizedLabels":{"en":"35.0 or 38.1-39.0"},"localizedDescriptions":{"en":"The body temperature measurement is between 35.1 and 36.0 degrees Celsius or between 38.1 and 39.0 degrees Celsius; scored as 2 points."},"ordinal":1},{"value":"at0038","label":">=39.1","localizedLabels":{"en":">=39.1"},"localizedDescriptions":{"en":"The body temperature is greater than/equal to 39.1 degrees Celcius; scored as 2 points."},"ordinal":2},{"value":"at0039","label":"<=35.0","localizedLabels":{"en":"<=35.0"},"localizedDescriptions":{"en":"The body temperature is less than/equal to 35 degrees Celcius ; scored as 3 points."},"ordinal":3}]}]},{"id":"systolic_blood_pressure","name":"Systolic Blood Pressure","localizedName":"Systolic Blood Pressure","rmType":"DV_ORDINAL","nodeId":"at0004","min":0,"max":1,"localizedNames":{"en":"Systolic Blood Pressure"},"localizedDescriptions":{"en":"Range category for the systolic blood pressure (SBP) measurement of a patient."},"aqlPath":"/content[openEHR-EHR-SECTION.vital_signs.v1]/items[openEHR-EHR-OBSERVATION.news_rcp_uk.v1]/data[at0001]/events[at0002]/data[at0003]/items[at0004]/value","inputs":[{"type":"CODED_TEXT","list":[{"value":"at0014","label":"111-219","localizedLabels":{"en":"111-219"},"localizedDescriptions":{"en":"The systolic blood pressure measurement is between 111 and 219 mmHg; scored as 0 points."},"ordinal":0},{"value":"at0015","label":"101-110","localizedLabels":{"en":"101-110"},"localizedDescriptions":{"en":"The systolic blood pressure measurement is between 101 and 110 mmHg; scored as 1 point."},"ordinal":1},{"value":"at0016","label":"91-100","localizedLabels":{"en":"91-100"},"localizedDescriptions":{"en":"The systolic blood pressure measurement is between 91 and 100 mmHg; scored as 2 points."},"ordinal":2},{"value":"at0017","label":"<=90 or >= 220","localizedLabels":{"en":"<=90 or >= 220"},"localizedDescriptions":{"en":"The systolic blood pressure measurement is less than/equal to 90 mmHg or greater than/equal to 220 mmHg; scored as 3 points."},"ordinal":3}]}]},{"id":"heart_rate","name":"Heart Rate","localizedName":"Heart Rate","rmType":"DV_ORDINAL","nodeId":"at0005","min":0,"max":1,"localizedNames":{"en":"Heart Rate"},"localizedDescriptions":{"en":"Range category for the heart rate (HR) measurement of a patient."},"aqlPath":"/content[openEHR-EHR-SECTION.vital_signs.v1]/items[openEHR-EHR-OBSERVATION.news_rcp_uk.v1]/data[at0001]/events[at0002]/data[at0003]/items[at0005]/value","inputs":[{"type":"CODED_TEXT","list":[{"value":"at0013","label":"51-90","localizedLabels":{"en":"51-90"},"localizedDescriptions":{"en":"The heart rate measurement is between 51 and 90 beats/min; scored as 0 points."},"ordinal":0},{"value":"at0012","label":"41-50 or 91-110","localizedLabels":{"en":"41-50 or 91-110"},"localizedDescriptions":{"en":"The heart rate measurement is between 41 and 50 beats/min or between 91 and 110 beats/min; scored as 1 point."},"ordinal":1},{"value":"at0011","label":"111-130","localizedLabels":{"en":"111-130"},"localizedDescriptions":{"en":"The heart rate measurement is between 111 and 130 beats/min; scored as 2 points."},"ordinal":2},{"value":"at0010","label":"<=40 or >=131","localizedLabels":{"en":"<=40 or >=131"},"localizedDescriptions":{"en":"The heart rate measurement is less than/equal to 40 beats/min or greater than/equal to 131 beats/min; scored as 3 points."},"ordinal":3}]}]},{"id":"level_of_consciousness","name":"Level of consciousness","localizedName":"Level of consciousness","rmType":"DV_ORDINAL","nodeId":"at0008","min":0,"max":1,"localizedNames":{"en":"Level of consciousness"},"localizedDescriptions":{"en":"Observed category for the AVPU scale rating of a patient's conscious state."},"aqlPath":"/content[openEHR-EHR-SECTION.vital_signs.v1]/items[openEHR-EHR-OBSERVATION.news_rcp_uk.v1]/data[at0001]/events[at0002]/data[at0003]/items[at0008]/value","inputs":[{"type":"CODED_TEXT","list":[{"value":"at0024","label":"A","localizedLabels":{"en":"A"},"localizedDescriptions":{"en":"The patient is alert or awake; scored as 0 points."},"ordinal":0},{"value":"at0025","label":"V, P or U","localizedLabels":{"en":"V, P or U"},"localizedDescriptions":{"en":"The patient responds only to verbal, pain or stimulus; scored as 3 points."},"ordinal":3}]}]},{"id":"total_score","name":"Total Score","localizedName":"Total Score","rmType":"DV_COUNT","nodeId":"at0028","min":0,"max":1,"localizedNames":{"en":"Total Score"},"localizedDescriptions":{"en":"The composite total score of each NEWS parameter category."},"aqlPath":"/content[openEHR-EHR-SECTION.vital_signs.v1]/items[openEHR-EHR-OBSERVATION.news_rcp_uk.v1]/data[at0001]/events[at0002]/data[at0003]/items[at0028]/value","inputs":[{"type":"INTEGER","validation":{"range":{"minOp":">=","min":0,"maxOp":"<=","max":17}}}]},{"id":"time","name":"Time","rmType":"DV_DATE_TIME","min":1,"max":1,"aqlPath":"/content[openEHR-EHR-SECTION.vital_signs.v1]/items[openEHR-EHR-OBSERVATION.news_rcp_uk.v1]/data[at0001]/events[at0002]/time","inputs":[{"type":"DATETIME"}],"inContext":true},{"id":"language","name":"Language","rmType":"CODE_PHRASE","min":1,"max":1,"aqlPath":"/content[openEHR-EHR-SECTION.vital_signs.v1]/items[openEHR-EHR-OBSERVATION.news_rcp_uk.v1]/language","inContext":true},{"id":"encoding","name":"Encoding","rmType":"CODE_PHRASE","min":1,"max":1,"aqlPath":"/content[openEHR-EHR-SECTION.vital_signs.v1]/items[openEHR-EHR-OBSERVATION.news_rcp_uk.v1]/encoding","inContext":true},{"id":"subject","name":"Subject","rmType":"PARTY_PROXY","min":1,"max":1,"aqlPath":"/content[openEHR-EHR-SECTION.vital_signs.v1]/items[openEHR-EHR-OBSERVATION.news_rcp_uk.v1]/subject","inContext":true}]},{"id":"clinical_synopsis","name":"Clinical Synopsis","localizedName":"Clinical Synopsis","rmType":"EVALUATION","nodeId":"openEHR-EHR-EVALUATION.clinical_synopsis.v1","min":0,"max":1,"localizedNames":{"en":"Clinical Synopsis"},"localizedDescriptions":{"en":"Narrative summary or overview about a patient, specifically from the perspective of a healthcare provider, and with or without associated interpretations."},"aqlPath":"/content[openEHR-EHR-SECTION.vital_signs.v1]/items[openEHR-EHR-EVALUATION.clinical_synopsis.v1]","children":[{"id":"synopsis","name":"Synopsis","localizedName":"Synopsis","rmType":"DV_TEXT","nodeId":"at0002","min":1,"max":1,"localizedNames":{"en":"Synopsis"},"localizedDescriptions":{"en":"The summary, assessment, conclusions or evaluation of the clinical findings."},"aqlPath":"/content[openEHR-EHR-SECTION.vital_signs.v1]/items[openEHR-EHR-EVALUATION.clinical_synopsis.v1]/data[at0001]/items[at0002]/value","inputs":[{"type":"TEXT"}]},{"id":"language","name":"Language","rmType":"CODE_PHRASE","min":1,"max":1,"aqlPath":"/content[openEHR-EHR-SECTION.vital_signs.v1]/items[openEHR-EHR-EVALUATION.clinical_synopsis.v1]/language","inContext":true},{"id":"encoding","name":"Encoding","rmType":"CODE_PHRASE","min":1,"max":1,"aqlPath":"/content[openEHR-EHR-SECTION.vital_signs.v1]/items[openEHR-EHR-EVALUATION.clinical_synopsis.v1]/encoding","inContext":true},{"id":"subject","name":"Subject","rmType":"PARTY_PROXY","min":1,"max":1,"aqlPath":"/content[openEHR-EHR-SECTION.vital_signs.v1]/items[openEHR-EHR-EVALUATION.clinical_synopsis.v1]/subject","inContext":true}]}]},{"id":"bristol_stool_scale","name":"Bristol stool scale","localizedName":"Bristol stool scale","rmType":"OBSERVATION","nodeId":"openEHR-EHR-OBSERVATION.bristol_stool_scale.v1","min":0,"max":-1,"localizedNames":{"en":"Bristol stool scale"},"localizedDescriptions":{"en":"Classification of faeces characteristics according to the Bristol Stool Scale/Score."},"aqlPath":"/content[openEHR-EHR-OBSERVATION.bristol_stool_scale.v1]","children":[{"id":"bristol_stool_scale","name":"Bristol Stool scale","localizedName":"Bristol Stool scale","rmType":"DV_ORDINAL","nodeId":"at0005","min":0,"max":1,"localizedNames":{"en":"Bristol Stool scale"},"localizedDescriptions":{"en":"A score to assess the characteristics of faeces after defaecation."},"aqlPath":"/content[openEHR-EHR-OBSERVATION.bristol_stool_scale.v1]/data[at0001]/events[at0002]/data[at0003]/items[at0005]/value","inputs":[{"type":"CODED_TEXT","list":[{"value":"at0006","label":"Separate hard lumps, like nuts (hard to pass)","localizedLabels":{"en":"Separate hard lumps, like nuts (hard to pass)"},"localizedDescriptions":{"en":"Stool consists of separate hard lumps, like nuts (hard to pass)."},"ordinal":1},{"value":"at0007","label":"Sausage-shaped, but lumpy","localizedLabels":{"en":"Sausage-shaped, but lumpy"},"localizedDescriptions":{"en":"Stool is sausage-shaped, but lumpy."},"ordinal":2},{"value":"at0008","label":"Like a sausage but with cracks on its surface","localizedLabels":{"en":"Like a sausage but with cracks on its surface"},"localizedDescriptions":{"en":"Stool is like a sausage but with cracks on its surface."},"ordinal":3},{"value":"at0009","label":"Like a sausage or snake, smooth and soft","localizedLabels":{"en":"Like a sausage or snake, smooth and soft"},"localizedDescriptions":{"en":"Stool is like a sausage or snake, smooth and soft."},"ordinal":4},{"value":"at0010","label":"Soft blobs with clear cut edges (passed easily)","localizedLabels":{"en":"Soft blobs with clear cut edges (passed easily)"},"localizedDescriptions":{"en":"Stool consists of soft blobs with clear cut edges (passed easily)."},"ordinal":5},{"value":"at0011","label":"Fluffy pieces with ragged edges, a mushy stool","localizedLabels":{"en":"Fluffy pieces with ragged edges, a mushy stool"},"localizedDescriptions":{"en":"Stool consists of fluffy pieces with ragged edges, a mushy stool."},"ordinal":6},{"value":"at0012","label":"Watery, no solid pieces. Entirely liquid","localizedLabels":{"en":"Watery, no solid pieces. Entirely liquid"},"localizedDescriptions":{"en":"Stool is watery, no solid pieces. Entirely liquid."},"ordinal":7}]}]},{"id":"comment","name":"Comment","localizedName":"Comment","rmType":"DV_TEXT","nodeId":"at0004","min":0,"max":1,"localizedNames":{"en":"Comment"},"localizedDescriptions":{"en":"Any additional comment about the scale result."},"aqlPath":"/content[openEHR-EHR-OBSERVATION.bristol_stool_scale.v1]/data[at0001]/events[at0002]/data[at0003]/items[at0004]/value","inputs":[{"type":"TEXT"}]},{"id":"confounding_factors","name":"Confounding factors","localizedName":"Confounding factors","rmType":"DV_TEXT","nodeId":"at0014","min":0,"max":1,"dependsOn":["bristol_stool_scale","comment"],"localizedNames":{"en":"Confounding factors"},"localizedDescriptions":{"en":"Factors of patient state which may effect interpretation of the results."},"aqlPath":"/content[openEHR-EHR-OBSERVATION.bristol_stool_scale.v1]/data[at0001]/events[at0002]/state[at0013]/items[at0014]/value","inputs":[{"type":"TEXT"}]},{"id":"time","name":"Time","rmType":"DV_DATE_TIME","min":1,"max":1,"aqlPath":"/content[openEHR-EHR-OBSERVATION.bristol_stool_scale.v1]/data[at0001]/events[at0002]/time","inputs":[{"type":"DATETIME"}],"inContext":true},{"id":"language","name":"Language","rmType":"CODE_PHRASE","min":1,"max":1,"aqlPath":"/content[openEHR-EHR-OBSERVATION.bristol_stool_scale.v1]/language","inContext":true},{"id":"encoding","name":"Encoding","rmType":"CODE_PHRASE","min":1,"max":1,"aqlPath":"/content[openEHR-EHR-OBSERVATION.bristol_stool_scale.v1]/encoding","inContext":true},{"id":"subject","name":"Subject","rmType":"PARTY_PROXY","min":1,"max":1,"aqlPath":"/content[openEHR-EHR-OBSERVATION.bristol_stool_scale.v1]/subject","inContext":true}]},{"id":"waterlow_score","name":"Waterlow score","localizedName":"Waterlow score","rmType":"OBSERVATION","nodeId":"openEHR-EHR-OBSERVATION.waterlow_score.v1","min":0,"max":-1,"localizedNames":{"en":"Waterlow score"},"localizedDescriptions":{"en":"The Waterlow Score, Pressure Ulcer Risk Assessment Tool."},"aqlPath":"/content[openEHR-EHR-OBSERVATION.waterlow_score.v1]","children":[{"id":"sex","name":"Sex","localizedName":"Sex","rmType":"DV_ORDINAL","nodeId":"at0008","min":0,"max":1,"localizedNames":{"en":"Sex"},"localizedDescriptions":{"en":"Risk conferred by the sex of the subject."},"aqlPath":"/content[openEHR-EHR-OBSERVATION.waterlow_score.v1]/data[at0001]/events[at0002]/data[at0003]/items[at0008]/value","inputs":[{"type":"CODED_TEXT","list":[{"value":"at0028","label":"Male","localizedLabels":{"en":"Male"},"localizedDescriptions":{"en":"The subject is male."},"ordinal":1},{"value":"at0029","label":"Female","localizedLabels":{"en":"Female"},"localizedDescriptions":{"en":"The subject is female."},"ordinal":2}]}]},{"id":"age_group","name":"Age group","localizedName":"Age group","rmType":"DV_ORDINAL","nodeId":"at0009","min":0,"max":1,"localizedNames":{"en":"Age group"},"localizedDescriptions":{"en":"Risk conferred by the age range of the subject."},"aqlPath":"/content[openEHR-EHR-OBSERVATION.waterlow_score.v1]/data[at0001]/events[at0002]/data[at0003]/items[at0009]/value","inputs":[{"type":"CODED_TEXT","list":[{"value":"at0134","label":"Less than 14 years","localizedLabels":{"en":"Less than 14 years"},"localizedDescriptions":{"en":"The subject is under 14 years old."},"ordinal":0},{"value":"at0030","label":"14-49","localizedLabels":{"en":"14-49"},"localizedDescriptions":{"en":"The subject is aged between 14-49."},"ordinal":1},{"value":"at0031","label":"50-64","localizedLabels":{"en":"50-64"},"localizedDescriptions":{"en":"The subject is aged between 50-64."},"ordinal":2},{"value":"at0032","label":"65-74","localizedLabels":{"en":"65-74"},"localizedDescriptions":{"en":"The subject is aged between 65-74."},"ordinal":3},{"value":"at0033","label":"75-80","localizedLabels":{"en":"75-80"},"localizedDescriptions":{"en":"The subject is aged between 75-80."},"ordinal":4},{"value":"at0034","label":"80+","localizedLabels":{"en":"80+"},"localizedDescriptions":{"en":"The subject is aged over 80."},"ordinal":5}]}]},{"id":"build_weight_for_height","name":"Build/weight for height","localizedName":"Build/weight for height","rmType":"DV_ORDINAL","nodeId":"at0004","min":0,"max":1,"localizedNames":{"en":"Build/weight for height"},"localizedDescriptions":{"en":"Risk conferred by the subject's build, based on a BMI calculation."},"aqlPath":"/content[openEHR-EHR-OBSERVATION.waterlow_score.v1]/data[at0001]/events[at0002]/data[at0003]/items[at0004]/value","inputs":[{"type":"CODED_TEXT","list":[{"value":"at0020","label":"Average","localizedLabels":{"en":"Average"},"localizedDescriptions":{"en":"The subject's build is average : BMI 20-24.9 ."},"ordinal":0},{"value":"at0021","label":"Above average","localizedLabels":{"en":"Above average"},"localizedDescriptions":{"en":"The subject's build is above average : BMI 25-29.9 ."},"ordinal":1},{"value":"at0022","label":"Obese","localizedLabels":{"en":"Obese"},"localizedDescriptions":{"en":"The subject is obese : BMI over 30 ."},"ordinal":2},{"value":"at0023","label":"Below average","localizedLabels":{"en":"Below average"},"localizedDescriptions":{"en":"The subject's build is below average : BMI below 20 ."},"ordinal":3}]}]},{"id":"continence","name":"Continence","localizedName":"Continence","rmType":"DV_ORDINAL","nodeId":"at0005","min":0,"max":1,"localizedNames":{"en":"Continence"},"localizedDescriptions":{"en":"Risk conferred by the subject's degree of continence."},"aqlPath":"/content[openEHR-EHR-OBSERVATION.waterlow_score.v1]/data[at0001]/events[at0002]/data[at0003]/items[at0005]/value","inputs":[{"type":"CODED_TEXT","list":[{"value":"at0024","label":"Complete / catheterised","localizedLabels":{"en":"Complete / catheterised"},"localizedDescriptions":{"en":"The subject is completely continent or catheterised."},"ordinal":0},{"value":"at0025","label":"Urinary incontinence","localizedLabels":{"en":"Urinary incontinence"},"localizedDescriptions":{"en":"The subject is incontinent of urine."},"ordinal":1},{"value":"at0026","label":"Faecal incontinence","localizedLabels":{"en":"Faecal incontinence"},"localizedDescriptions":{"en":"The subject is incontinent of faeces."},"ordinal":2},{"value":"at0027","label":"Urinary and faecal incontinence","localizedLabels":{"en":"Urinary and faecal incontinence"},"localizedDescriptions":{"en":"The subject is incontinent of urine and faeces."},"ordinal":3}]}]},{"id":"mobility","name":"Mobility","localizedName":"Mobility","rmType":"DV_ORDINAL","nodeId":"at0007","min":0,"max":1,"localizedNames":{"en":"Mobility"},"localizedDescriptions":{"en":"Risk conferred by the mobility level of the subject."},"aqlPath":"/content[openEHR-EHR-OBSERVATION.waterlow_score.v1]/data[at0001]/events[at0002]/data[at0003]/items[at0007]/value","inputs":[{"type":"CODED_TEXT","list":[{"value":"at0035","label":"Fully mobile","localizedLabels":{"en":"Fully mobile"},"localizedDescriptions":{"en":"The subject is fully mobile."},"ordinal":0},{"value":"at0036","label":"Restless/ fidgety","localizedLabels":{"en":"Restless/ fidgety"},"localizedDescriptions":{"en":"The subject is restless and fidgety."},"ordinal":1},{"value":"at0037","label":"Apathetic","localizedLabels":{"en":"Apathetic"},"localizedDescriptions":{"en":"The subject is apathetic."},"ordinal":2},{"value":"at0038","label":"Restricted","localizedLabels":{"en":"Restricted"},"localizedDescriptions":{"en":"The subject's mobility is restricted."},"ordinal":3},{"value":"at0039","label":"Bedbound","localizedLabels":{"en":"Bedbound"},"localizedDescriptions":{"en":"The subject is confined to bed e.g by traction."},"ordinal":4},{"value":"at0040","label":"Chairbound","localizedLabels":{"en":"Chairbound"},"localizedDescriptions":{"en":"The subject is confined to a chair or wheelchair."},"ordinal":5}]}]},{"id":"nutritional_risk","name":"Nutritional risk","localizedName":"Nutritional risk","rmType":"CLUSTER","nodeId":"at0129","min":0,"max":1,"localizedNames":{"en":"Nutritional risk"},"localizedDescriptions":{"en":"An estimate of nutritional risk based on the MST nutritional score but can make use of another compatible nutritional score."},"aqlPath":"/content[openEHR-EHR-OBSERVATION.waterlow_score.v1]/data[at0001]/events[at0002]/data[at0003]/items[at0129]","children":[{"id":"weight_loss","name":"Weight loss","localizedName":"Weight loss","rmType":"DV_ORDINAL","nodeId":"at0054","min":0,"max":1,"localizedNames":{"en":"Weight loss"},"localizedDescriptions":{"en":"Risk conferred by recent weight loss."},"aqlPath":"/content[openEHR-EHR-OBSERVATION.waterlow_score.v1]/data[at0001]/events[at0002]/data[at0003]/items[at0129]/items[at0054]/value","inputs":[{"type":"CODED_TEXT","list":[{"value":"at0131","label":"No recent weight loss","localizedLabels":{"en":"No recent weight loss"},"localizedDescriptions":{"en":"The subject has not recently lost weight."},"ordinal":0},{"value":"at0055","label":"0.5-5kg","localizedLabels":{"en":"0.5-5kg"},"localizedDescriptions":{"en":"The subject has recently lost 0.5-5kg in weight."},"ordinal":1},{"value":"at0056","label":"5-10kg (or Amount unsure)","localizedLabels":{"en":"5-10kg (or Amount unsure)"},"localizedDescriptions":{"en":"The subject has recently lost 5-10kg in weight."},"ordinal":2},{"value":"at0057","label":"10-15kg","localizedLabels":{"en":"10-15kg"},"localizedDescriptions":{"en":"The subject has recently lost 10-15kg in weight or the amount of weight loss is unknown."},"ordinal":3},{"value":"at0058","label":"Over 15kg","localizedLabels":{"en":"Over 15kg"},"localizedDescriptions":{"en":"The subject has recently lost  over 15kg in weight."},"ordinal":4}]}]},{"id":"appetite","name":"Appetite","localizedName":"Appetite","rmType":"DV_ORDINAL","nodeId":"at0044","min":0,"max":1,"localizedNames":{"en":"Appetite"},"localizedDescriptions":{"en":"Risk conferred by the subject's appetite and eating habit."},"aqlPath":"/content[openEHR-EHR-OBSERVATION.waterlow_score.v1]/data[at0001]/events[at0002]/data[at0003]/items[at0129]/items[at0044]/value","inputs":[{"type":"CODED_TEXT","list":[{"value":"at0045","label":"Average","localizedLabels":{"en":"Average"},"localizedDescriptions":{"en":"The subject is eating normally and has a normal appetite."},"ordinal":0},{"value":"at0046","label":"Poor","localizedLabels":{"en":"Poor"},"localizedDescriptions":{"en":"The subject is eating poorly or has a poor appetite."},"ordinal":1}]}]},{"id":"nutritional_score","name":"Nutritional score","localizedName":"Nutritional score","rmType":"DV_COUNT","nodeId":"at0130","min":0,"max":1,"localizedNames":{"en":"Nutritional score"},"localizedDescriptions":{"en":"The nutritional score total, derived from Appetite and Weight loss scores or recorded directly from another compatible nutritional scoring system."},"aqlPath":"/content[openEHR-EHR-OBSERVATION.waterlow_score.v1]/data[at0001]/events[at0002]/data[at0003]/items[at0129]/items[at0130]/value","inputs":[{"type":"INTEGER","validation":{"range":{"minOp":">=","min":0,"maxOp":"<=","max":5}}}]}]},{"id":"skin_type_visual_risk_areas","name":"Skin type visual risk areas","localizedName":"Skin type visual risk areas","rmType":"CLUSTER","nodeId":"at0066","min":0,"max":1,"localizedNames":{"en":"Skin type visual risk areas"},"localizedDescriptions":{"en":"Category of risks assessed by skin inspection."},"aqlPath":"/content[openEHR-EHR-OBSERVATION.waterlow_score.v1]/data[at0001]/events[at0002]/data[at0003]/items[at0066]","children":[{"id":"healthy","name":"Healthy","localizedName":"Healthy","rmType":"DV_ORDINAL","nodeId":"at0116","min":0,"max":1,"localizedNames":{"en":"Healthy"},"localizedDescriptions":{"en":"The skin appears healthy."},"aqlPath":"/content[openEHR-EHR-OBSERVATION.waterlow_score.v1]/data[at0001]/events[at0002]/data[at0003]/items[at0066]/items[at0116]/value","inputs":[{"type":"CODED_TEXT","list":[{"value":"at0116","label":"Healthy","localizedLabels":{"en":"Healthy"},"localizedDescriptions":{"en":"The skin appears healthy."},"ordinal":0}]}]},{"id":"tissue-paper","name":"Tissue-paper","localizedName":"Tissue-paper","rmType":"DV_ORDINAL","nodeId":"at0117","min":0,"max":1,"localizedNames":{"en":"Tissue-paper"},"localizedDescriptions":{"en":"The skin has a tissue-paper quality."},"aqlPath":"/content[openEHR-EHR-OBSERVATION.waterlow_score.v1]/data[at0001]/events[at0002]/data[at0003]/items[at0066]/items[at0117]/value","inputs":[{"type":"CODED_TEXT","list":[{"value":"at0117","label":"Tissue-paper","localizedLabels":{"en":"Tissue-paper"},"localizedDescriptions":{"en":"The skin has a tissue-paper quality."},"ordinal":1}]}]},{"id":"dry","name":"Dry","localizedName":"Dry","rmType":"DV_ORDINAL","nodeId":"at0118","min":0,"max":1,"localizedNames":{"en":"Dry"},"localizedDescriptions":{"en":"The skin is dry."},"aqlPath":"/content[openEHR-EHR-OBSERVATION.waterlow_score.v1]/data[at0001]/events[at0002]/data[at0003]/items[at0066]/items[at0118]/value","inputs":[{"type":"CODED_TEXT","list":[{"value":"at0118","label":"Dry","localizedLabels":{"en":"Dry"},"localizedDescriptions":{"en":"The skin is dry."},"ordinal":1}]}]},{"id":"oedematous","name":"Oedematous","localizedName":"Oedematous","rmType":"DV_ORDINAL","nodeId":"at0119","min":0,"max":1,"localizedNames":{"en":"Oedematous"},"localizedDescriptions":{"en":"The skin is oedematous."},"aqlPath":"/content[openEHR-EHR-OBSERVATION.waterlow_score.v1]/data[at0001]/events[at0002]/data[at0003]/items[at0066]/items[at0119]/value","inputs":[{"type":"CODED_TEXT","list":[{"value":"at0119","label":"Oedematous","localizedLabels":{"en":"Oedematous"},"localizedDescriptions":{"en":"The skin is oedematous."},"ordinal":1}]}]},{"id":"clammy_pyrexia","name":"Clammy, pyrexia","localizedName":"Clammy, pyrexia","rmType":"DV_ORDINAL","nodeId":"at0120","min":0,"max":1,"localizedNames":{"en":"Clammy, pyrexia"},"localizedDescriptions":{"en":"The aptient appears clammy or pyrexic."},"aqlPath":"/content[openEHR-EHR-OBSERVATION.waterlow_score.v1]/data[at0001]/events[at0002]/data[at0003]/items[at0066]/items[at0120]/value","inputs":[{"type":"CODED_TEXT","list":[{"value":"at0120","label":"Clammy, pyrexia","localizedLabels":{"en":"Clammy, pyrexia"},"localizedDescriptions":{"en":"The aptient appears clammy or pyrexic."},"ordinal":1}]}]},{"id":"discoloured_-_stage_1","name":"Discoloured - Stage 1","localizedName":"Discoloured - Stage 1","rmType":"DV_ORDINAL","nodeId":"at0121","min":0,"max":1,"localizedNames":{"en":"Discoloured - Stage 1"},"localizedDescriptions":{"en":"The skin is dicoloured - Pressure sore - Grade 1."},"aqlPath":"/content[openEHR-EHR-OBSERVATION.waterlow_score.v1]/data[at0001]/events[at0002]/data[at0003]/items[at0066]/items[at0121]/value","inputs":[{"type":"CODED_TEXT","list":[{"value":"at0121","label":"Discoloured - Stage 1","localizedLabels":{"en":"Discoloured - Stage 1"},"localizedDescriptions":{"en":"The skin is dicoloured - Pressure sore - Grade 1."},"ordinal":2}]}]},{"id":"pressure_ulcer_-_stage_2-4","name":"Pressure ulcer - Stage 2-4","localizedName":"Pressure ulcer - Stage 2-4","rmType":"DV_ORDINAL","nodeId":"at0122","min":0,"max":1,"localizedNames":{"en":"Pressure ulcer - Stage 2-4"},"localizedDescriptions":{"en":"The skin has a frank pressure sore - Stage 2-4."},"aqlPath":"/content[openEHR-EHR-OBSERVATION.waterlow_score.v1]/data[at0001]/events[at0002]/data[at0003]/items[at0066]/items[at0122]/value","inputs":[{"type":"CODED_TEXT","list":[{"value":"at0122","label":"Pressure ulcer - Stage 2-4","localizedLabels":{"en":"Pressure ulcer - Stage 2-4"},"localizedDescriptions":{"en":"The skin has a frank pressure sore - Stage 2-4."},"ordinal":2}]}]}]},{"id":"tissue_malnutrition","name":"Tissue malnutrition","localizedName":"Tissue malnutrition","rmType":"CLUSTER","nodeId":"at0070","min":0,"max":1,"localizedNames":{"en":"Tissue malnutrition"},"localizedDescriptions":{"en":"Category of risks conferred by tissue malnutrition."},"aqlPath":"/content[openEHR-EHR-OBSERVATION.waterlow_score.v1]/data[at0001]/events[at0002]/data[at0003]/items[at0070]","children":[{"id":"terminal_cachexia","name":"Terminal cachexia","localizedName":"Terminal cachexia","rmType":"DV_ORDINAL","nodeId":"at0123","min":0,"max":1,"localizedNames":{"en":"Terminal cachexia"},"localizedDescriptions":{"en":"The subject is terminally-ill and shows significant weight-loss."},"aqlPath":"/content[openEHR-EHR-OBSERVATION.waterlow_score.v1]/data[at0001]/events[at0002]/data[at0003]/items[at0070]/items[at0123]/value","inputs":[{"type":"CODED_TEXT","list":[{"value":"at0123","label":"Terminal cachexia","localizedLabels":{"en":"Terminal cachexia"},"localizedDescriptions":{"en":"The subject is terminally-ill and shows significant weight-loss."},"ordinal":8}]}]},{"id":"single_organ_failure","name":"Single organ failure","localizedName":"Single organ failure","rmType":"DV_ORDINAL","nodeId":"at0124","min":0,"max":1,"localizedNames":{"en":"Single organ failure"},"localizedDescriptions":{"en":"The patent has single organ/system failure e.g. respiratory, cardiac, liver, renal."},"aqlPath":"/content[openEHR-EHR-OBSERVATION.waterlow_score.v1]/data[at0001]/events[at0002]/data[at0003]/items[at0070]/items[at0124]/value","inputs":[{"type":"CODED_TEXT","list":[{"value":"at0124","label":"Single organ failure","localizedLabels":{"en":"Single organ failure"},"localizedDescriptions":{"en":"The patent has single organ/system failure e.g. respiratory, cardiac, liver, renal."},"ordinal":5}]}]},{"id":"multiple_organ_failure","name":"Multiple organ failure","localizedName":"Multiple organ failure","rmType":"DV_ORDINAL","nodeId":"at0125","min":0,"max":1,"localizedNames":{"en":"Multiple organ failure"},"localizedDescriptions":{"en":"The subject has multiple organ/system failure."},"aqlPath":"/content[openEHR-EHR-OBSERVATION.waterlow_score.v1]/data[at0001]/events[at0002]/data[at0003]/items[at0070]/items[at0125]/value","inputs":[{"type":"CODED_TEXT","list":[{"value":"at0125","label":"Multiple organ failure","localizedLabels":{"en":"Multiple organ failure"},"localizedDescriptions":{"en":"The subject has multiple organ/system failure."},"ordinal":8}]}]},{"id":"peripheral_vascular_disease","name":"Peripheral vascular disease","localizedName":"Peripheral vascular disease","rmType":"DV_ORDINAL","nodeId":"at0126","min":0,"max":1,"localizedNames":{"en":"Peripheral vascular disease"},"localizedDescriptions":{"en":"The subject has peripheral vascular disease."},"aqlPath":"/content[openEHR-EHR-OBSERVATION.waterlow_score.v1]/data[at0001]/events[at0002]/data[at0003]/items[at0070]/items[at0126]/value","inputs":[{"type":"CODED_TEXT","list":[{"value":"at0126","label":"Peripheral vascular disease","localizedLabels":{"en":"Peripheral vascular disease"},"localizedDescriptions":{"en":"The subject has peripheral vascular disease."},"ordinal":5}]}]},{"id":"anaemia_hb_8_g_dl","name":"Anaemia (Hb < 8 g/dl)","localizedName":"Anaemia (Hb < 8 g/dl)","rmType":"DV_ORDINAL","nodeId":"at0127","min":0,"max":1,"localizedNames":{"en":"Anaemia (Hb < 8 g/dl)"},"localizedDescriptions":{"en":"The subject is significantly anaemic. Hb less than 8 mg/dl."},"aqlPath":"/content[openEHR-EHR-OBSERVATION.waterlow_score.v1]/data[at0001]/events[at0002]/data[at0003]/items[at0070]/items[at0127]/value","inputs":[{"type":"CODED_TEXT","list":[{"value":"at0127","label":"Anaemia (Hb < 8 g/dl)","localizedLabels":{"en":"Anaemia (Hb < 8 g/dl)"},"localizedDescriptions":{"en":"The subject is significantly anaemic. Hb less than 8 mg/dl."},"ordinal":2}]}]},{"id":"smoking","name":"Smoking","localizedName":"Smoking","rmType":"DV_ORDINAL","nodeId":"at0128","min":0,"max":1,"localizedNames":{"en":"Smoking"},"localizedDescriptions":{"en":"The subject is a smoker."},"aqlPath":"/content[openEHR-EHR-OBSERVATION.waterlow_score.v1]/data[at0001]/events[at0002]/data[at0003]/items[at0070]/items[at0128]/value","inputs":[{"type":"CODED_TEXT","list":[{"value":"at0128","label":"Smoking","localizedLabels":{"en":"Smoking"},"localizedDescriptions":{"en":"The subject is a smoker."},"ordinal":1}]}]}]},{"id":"neurological_deficit","name":"Neurological deficit","localizedName":"Neurological deficit","rmType":"CLUSTER","nodeId":"at0073","min":0,"max":1,"localizedNames":{"en":"Neurological deficit"},"localizedDescriptions":{"en":"Risk conferred by neurological deficit. Each identified risk can be scored between 4-6 but a maximum of 6 only can be given for the whole neurological deficit category."},"aqlPath":"/content[openEHR-EHR-OBSERVATION.waterlow_score.v1]/data[at0001]/events[at0002]/data[at0003]/items[at0073]","children":[{"id":"diabetes_ms_cva","name":"Diabetes, MS, CVA","localizedName":"Diabetes, MS, CVA","rmType":"DV_ORDINAL","nodeId":"at0150","min":0,"max":1,"localizedNames":{"en":"Diabetes, MS, CVA"},"localizedDescriptions":{"en":"The subject has diabetes, multiple sclerosis or has had a stroke."},"aqlPath":"/content[openEHR-EHR-OBSERVATION.waterlow_score.v1]/data[at0001]/events[at0002]/data[at0003]/items[at0073]/items[at0150]/value","inputs":[{"type":"CODED_TEXT","list":[{"value":"at0136","label":"No neurological deficit","localizedLabels":{"en":"No neurological deficit"},"localizedDescriptions":{"en":"The subject has no overall neurological deficit."},"ordinal":0},{"value":"at0137","label":"Mild neurological deficit","localizedLabels":{"en":"Mild neurological deficit"},"localizedDescriptions":{"en":"The subject has a mild overall neurological deficit."},"ordinal":4},{"value":"at0138","label":"Moderate neurological deficit","localizedLabels":{"en":"Moderate neurological deficit"},"localizedDescriptions":{"en":"The subject has a moderate overall neurological deficit."},"ordinal":5},{"value":"at0139","label":"Severe neurological deficit","localizedLabels":{"en":"Severe neurological deficit"},"localizedDescriptions":{"en":"The subject has a severe overall neurological deficit."},"ordinal":6}]}]},{"id":"motor_sensory_deficit","name":"Motor / sensory deficit","localizedName":"Motor / sensory deficit","rmType":"DV_ORDINAL","nodeId":"at0151","min":0,"max":1,"localizedNames":{"en":"Motor / sensory deficit"},"localizedDescriptions":{"en":"The subject has a motor or sensory deficit."},"aqlPath":"/content[openEHR-EHR-OBSERVATION.waterlow_score.v1]/data[at0001]/events[at0002]/data[at0003]/items[at0073]/items[at0151]/value","inputs":[{"type":"CODED_TEXT","list":[{"value":"at0136","label":"No neurological deficit","localizedLabels":{"en":"No neurological deficit"},"localizedDescriptions":{"en":"The subject has no overall neurological deficit."},"ordinal":0},{"value":"at0137","label":"Mild neurological deficit","localizedLabels":{"en":"Mild neurological deficit"},"localizedDescriptions":{"en":"The subject has a mild overall neurological deficit."},"ordinal":4},{"value":"at0138","label":"Moderate neurological deficit","localizedLabels":{"en":"Moderate neurological deficit"},"localizedDescriptions":{"en":"The subject has a moderate overall neurological deficit."},"ordinal":5},{"value":"at0139","label":"Severe neurological deficit","localizedLabels":{"en":"Severe neurological deficit"},"localizedDescriptions":{"en":"The subject has a severe overall neurological deficit."},"ordinal":6}]}]},{"id":"paraplegia","name":"Paraplegia","localizedName":"Paraplegia","rmType":"DV_ORDINAL","nodeId":"at0152","min":0,"max":1,"localizedNames":{"en":"Paraplegia"},"localizedDescriptions":{"en":"The subject has a paraplegia."},"aqlPath":"/content[openEHR-EHR-OBSERVATION.waterlow_score.v1]/data[at0001]/events[at0002]/data[at0003]/items[at0073]/items[at0152]/value","inputs":[{"type":"CODED_TEXT","list":[{"value":"at0136","label":"No neurological deficit","localizedLabels":{"en":"No neurological deficit"},"localizedDescriptions":{"en":"The subject has no overall neurological deficit."},"ordinal":0},{"value":"at0137","label":"Mild neurological deficit","localizedLabels":{"en":"Mild neurological deficit"},"localizedDescriptions":{"en":"The subject has a mild overall neurological deficit."},"ordinal":4},{"value":"at0138","label":"Moderate neurological deficit","localizedLabels":{"en":"Moderate neurological deficit"},"localizedDescriptions":{"en":"The subject has a moderate overall neurological deficit."},"ordinal":5},{"value":"at0139","label":"Severe neurological deficit","localizedLabels":{"en":"Severe neurological deficit"},"localizedDescriptions":{"en":"The subject has a severe overall neurological deficit."},"ordinal":6}]}]},{"id":"combined_neurological_deficit","name":"Combined neurological deficit","localizedName":"Combined neurological deficit","rmType":"DV_ORDINAL","nodeId":"at0135","min":0,"max":1,"localizedNames":{"en":"Combined neurological deficit"},"localizedDescriptions":{"en":"An overall estimate of neurological deficit. Should not be used if individual neurological deficit risks are recorded."},"aqlPath":"/content[openEHR-EHR-OBSERVATION.waterlow_score.v1]/data[at0001]/events[at0002]/data[at0003]/items[at0073]/items[at0135]/value","inputs":[{"type":"CODED_TEXT","list":[{"value":"at0136","label":"No neurological deficit","localizedLabels":{"en":"No neurological deficit"},"localizedDescriptions":{"en":"The subject has no overall neurological deficit."},"ordinal":0},{"value":"at0137","label":"Mild neurological deficit","localizedLabels":{"en":"Mild neurological deficit"},"localizedDescriptions":{"en":"The subject has a mild overall neurological deficit."},"ordinal":4},{"value":"at0138","label":"Moderate neurological deficit","localizedLabels":{"en":"Moderate neurological deficit"},"localizedDescriptions":{"en":"The subject has a moderate overall neurological deficit."},"ordinal":5},{"value":"at0139","label":"Severe neurological deficit","localizedLabels":{"en":"Severe neurological deficit"},"localizedDescriptions":{"en":"The subject has a severe overall neurological deficit."},"ordinal":6}]}]}]},{"id":"major_surgery_or_trauma","name":"Major surgery or trauma","localizedName":"Major surgery or trauma","rmType":"CLUSTER","nodeId":"at0068","min":0,"max":1,"localizedNames":{"en":"Major surgery or trauma"},"localizedDescriptions":{"en":"Risk associated with major surgery or trauma."},"aqlPath":"/content[openEHR-EHR-OBSERVATION.waterlow_score.v1]/data[at0001]/events[at0002]/data[at0003]/items[at0068]","children":[{"id":"orthopaedic_spinal","name":"Orthopaedic /spinal","localizedName":"Orthopaedic /spinal","rmType":"DV_ORDINAL","nodeId":"at0114","min":0,"max":1,"localizedNames":{"en":"Orthopaedic /spinal"},"localizedDescriptions":{"en":"Risks related to orthopaedic or spinal surgery."},"aqlPath":"/content[openEHR-EHR-OBSERVATION.waterlow_score.v1]/data[at0001]/events[at0002]/data[at0003]/items[at0068]/items[at0114]/value","inputs":[{"type":"CODED_TEXT","list":[{"value":"at0153","label":"No orthopaedic / spinal surgery","localizedLabels":{"en":"No orthopaedic / spinal surgery"},"localizedDescriptions":{"en":"The subject has no risk related to spinal / orthopaedic surgery."},"ordinal":0},{"value":"at0143","label":"Orthopaedic /spinal surgery","localizedLabels":{"en":"Orthopaedic /spinal surgery"},"localizedDescriptions":{"en":"The subject has undergone orthopaedic or spinal surgery."},"ordinal":5}]}]},{"id":"duration_of_surgery","name":"Duration of surgery","localizedName":"Duration of surgery","rmType":"DV_ORDINAL","nodeId":"at0144","min":0,"max":1,"localizedNames":{"en":"Duration of surgery"},"localizedDescriptions":{"en":"Risks imparted by length of surgery."},"aqlPath":"/content[openEHR-EHR-OBSERVATION.waterlow_score.v1]/data[at0001]/events[at0002]/data[at0003]/items[at0068]/items[at0144]/value","inputs":[{"type":"CODED_TEXT","list":[{"value":"at0154","label":"On table < 2 hrs or not in ast 48 hrs","localizedLabels":{"en":"On table < 2 hrs or not in ast 48 hrs"},"localizedDescriptions":{"en":"The subject has had surgery more than 48 hrs ago or lasting for less than 2 hours."},"ordinal":0},{"value":"at0145","label":"On table > 2 hrs (Past 48 hrs)","localizedLabels":{"en":"On table > 2 hrs (Past 48 hrs)"},"localizedDescriptions":{"en":"The subject has had surgery within the past 48 hours lasting over 2 hours."},"ordinal":5},{"value":"at0146","label":"On table > 6 hrs (Past 48 hrs)","localizedLabels":{"en":"On table > 6 hrs (Past 48 hrs)"},"localizedDescriptions":{"en":"The subject has had surgery within the past 48 hours lasting over 6 hours."},"ordinal":8}]}]}]},{"id":"medication","name":"Medication","localizedName":"Medication","rmType":"CLUSTER","nodeId":"at0067","min":0,"max":1,"localizedNames":{"en":"Medication"},"localizedDescriptions":{"en":"Risk associated with medication.  Each medication can be scored between 0-4 but a total of 4 only can be given by all risks in the Medication category."},"aqlPath":"/content[openEHR-EHR-OBSERVATION.waterlow_score.v1]/data[at0001]/events[at0002]/data[at0003]/items[at0067]","children":[{"id":"cytotoxics","name":"Cytotoxics","localizedName":"Cytotoxics","rmType":"DV_ORDINAL","nodeId":"at0106","min":0,"max":1,"localizedNames":{"en":"Cytotoxics"},"localizedDescriptions":{"en":"The subject is receiving cytotoxic medication."},"aqlPath":"/content[openEHR-EHR-OBSERVATION.waterlow_score.v1]/data[at0001]/events[at0002]/data[at0003]/items[at0067]/items[at0106]/value","inputs":[{"type":"CODED_TEXT","list":[{"value":"at0141","label":"No medication risk","localizedLabels":{"en":"No medication risk"},"localizedDescriptions":{"en":"The subject has no risk related to medication."},"ordinal":0},{"value":"at0142","label":"Significant medication risk","localizedLabels":{"en":"Significant medication risk"},"localizedDescriptions":{"en":"The subject has significant risk related to medication."},"ordinal":4}]}]},{"id":"steroids","name":"Steroids","localizedName":"Steroids","rmType":"DV_ORDINAL","nodeId":"at0107","min":0,"max":1,"localizedNames":{"en":"Steroids"},"localizedDescriptions":{"en":"The subject is receiving high-dose or long-term steroid medication."},"aqlPath":"/content[openEHR-EHR-OBSERVATION.waterlow_score.v1]/data[at0001]/events[at0002]/data[at0003]/items[at0067]/items[at0107]/value","inputs":[{"type":"CODED_TEXT","list":[{"value":"at0141","label":"No medication risk","localizedLabels":{"en":"No medication risk"},"localizedDescriptions":{"en":"The subject has no risk related to medication."},"ordinal":0},{"value":"at0142","label":"Significant medication risk","localizedLabels":{"en":"Significant medication risk"},"localizedDescriptions":{"en":"The subject has significant risk related to medication."},"ordinal":4}]}]},{"id":"anti-inflammatories","name":"Anti-inflammatories","localizedName":"Anti-inflammatories","rmType":"DV_ORDINAL","nodeId":"at0108","min":0,"max":1,"localizedNames":{"en":"Anti-inflammatories"},"localizedDescriptions":{"en":"The subject is receiving anti-inflammatory medication."},"aqlPath":"/content[openEHR-EHR-OBSERVATION.waterlow_score.v1]/data[at0001]/events[at0002]/data[at0003]/items[at0067]/items[at0108]/value","inputs":[{"type":"CODED_TEXT","list":[{"value":"at0141","label":"No medication risk","localizedLabels":{"en":"No medication risk"},"localizedDescriptions":{"en":"The subject has no risk related to medication."},"ordinal":0},{"value":"at0142","label":"Significant medication risk","localizedLabels":{"en":"Significant medication risk"},"localizedDescriptions":{"en":"The subject has significant risk related to medication."},"ordinal":4}]}]},{"id":"combined_medication_risk","name":"Combined medication risk","localizedName":"Combined medication risk","rmType":"DV_ORDINAL","nodeId":"at0140","min":0,"max":1,"localizedNames":{"en":"Combined medication risk"},"localizedDescriptions":{"en":"Overall pressure ulcer risk related to medication. Should not be recorded if individual medication risks are used."},"aqlPath":"/content[openEHR-EHR-OBSERVATION.waterlow_score.v1]/data[at0001]/events[at0002]/data[at0003]/items[at0067]/items[at0140]/value","inputs":[{"type":"CODED_TEXT","list":[{"value":"at0141","label":"No medication risk","localizedLabels":{"en":"No medication risk"},"localizedDescriptions":{"en":"The subject has no risk related to medication."},"ordinal":0},{"value":"at0142","label":"Significant medication risk","localizedLabels":{"en":"Significant medication risk"},"localizedDescriptions":{"en":"The subject has significant risk related to medication."},"ordinal":4}]}]}]},{"id":"waterlow_score","name":"Waterlow score","localizedName":"Waterlow score","rmType":"DV_COUNT","nodeId":"at0014","min":0,"max":1,"localizedNames":{"en":"Waterlow score"},"localizedDescriptions":{"en":"The total summed score of all recorded individual risks."},"aqlPath":"/content[openEHR-EHR-OBSERVATION.waterlow_score.v1]/data[at0001]/events[at0002]/data[at0003]/items[at0014]/value","inputs":[{"type":"INTEGER","validation":{"range":{"minOp":">=","min":1}}}]},{"id":"overall_risk_grade","name":"Overall risk grade","localizedName":"Overall risk grade","rmType":"DV_ORDINAL","nodeId":"at0015","min":0,"max":1,"localizedNames":{"en":"Overall risk grade"},"localizedDescriptions":{"en":"Overall Waterlow Score."},"aqlPath":"/content[openEHR-EHR-OBSERVATION.waterlow_score.v1]/data[at0001]/events[at0002]/data[at0003]/items[at0015]/value","inputs":[{"type":"CODED_TEXT","list":[{"value":"at0016","label":"10+ At risk","localizedLabels":{"en":"10+ At risk"},"localizedDescriptions":{"en":"The subject is at risk of developing a pressure ulcer."},"ordinal":10},{"value":"at0017","label":"15+ High risk","localizedLabels":{"en":"15+ High risk"},"localizedDescriptions":{"en":"The subject is at high risk of developing a pressure ulcer."},"ordinal":15},{"value":"at0018","label":"20+ Very high risk","localizedLabels":{"en":"20+ Very high risk"},"localizedDescriptions":{"en":"The subject is at very high risk of developing a pressure ulcer."},"ordinal":20}]}]},{"id":"comment","name":"Comment","localizedName":"Comment","rmType":"DV_TEXT","nodeId":"at0019","min":0,"max":1,"localizedNames":{"en":"Comment"},"localizedDescriptions":{"en":"Additional narrative comment about the Score."},"aqlPath":"/content[openEHR-EHR-OBSERVATION.waterlow_score.v1]/data[at0001]/events[at0002]/data[at0003]/items[at0019]/value","inputs":[{"type":"TEXT"}]},{"id":"confounding_factors","name":"Confounding factors","localizedName":"Confounding factors","rmType":"DV_TEXT","nodeId":"at0072","min":0,"max":-1,"dependsOn":["mobility","tissue_malnutrition","waterlow_score","nutritional_risk","age_group","sex","medication","overall_risk_grade","build_weight_for_height","continence","neurological_deficit","major_surgery_or_trauma","skin_type_visual_risk_areas","comment"],"localizedNames":{"en":"Confounding factors"},"localizedDescriptions":{"en":"Issues that may affect interpretation of the score."},"aqlPath":"/content[openEHR-EHR-OBSERVATION.waterlow_score.v1]/data[at0001]/events[at0002]/state[at0071]/items[at0072]/value","inputs":[{"type":"TEXT"}]},{"id":"time","name":"Time","rmType":"DV_DATE_TIME","min":1,"max":1,"aqlPath":"/content[openEHR-EHR-OBSERVATION.waterlow_score.v1]/data[at0001]/events[at0002]/time","inputs":[{"type":"DATETIME"}],"inContext":true},{"id":"score_version","name":"Score version","localizedName":"Score version","rmType":"DV_TEXT","nodeId":"at0133","min":0,"max":1,"dependsOn":["mobility","tissue_malnutrition","waterlow_score","nutritional_risk","age_group","sex","medication","overall_risk_grade","build_weight_for_height","continence","neurological_deficit","major_surgery_or_trauma","confounding_factors","skin_type_visual_risk_areas","comment"],"localizedNames":{"en":"Score version"},"localizedDescriptions":{"en":"The version of the score used, normally recorded as the year."},"aqlPath":"/content[openEHR-EHR-OBSERVATION.waterlow_score.v1]/protocol[at0132]/items[at0133]/value","inputs":[{"type":"TEXT"}]},{"id":"language","name":"Language","rmType":"CODE_PHRASE","min":1,"max":1,"aqlPath":"/content[openEHR-EHR-OBSERVATION.waterlow_score.v1]/language","inContext":true},{"id":"encoding","name":"Encoding","rmType":"CODE_PHRASE","min":1,"max":1,"aqlPath":"/content[openEHR-EHR-OBSERVATION.waterlow_score.v1]/encoding","inContext":true},{"id":"subject","name":"Subject","rmType":"PARTY_PROXY","min":1,"max":1,"aqlPath":"/content[openEHR-EHR-OBSERVATION.waterlow_score.v1]/subject","inContext":true}]},{"id":"composer","name":"Composer","rmType":"PARTY_PROXY","min":1,"max":1,"aqlPath":"/composer","inContext":true}]}}}