{"meta":{"href":"https://ehrscape.code-4-health.org/rest/v1/composition/e1771753-57e7-4db4-a845-19251945518e::insight1.c4h.ehrscape.com::1"},"format":"FLAT","templateId":"Vital Signs Encounter (Composition)","composition":{"nursing_vital_signs_observations/_uid":"e1771753-57e7-4db4-a845-19251945518e::insight1.c4h.ehrscape.com::1","nursing_vital_signs_observations/language|code":"en","nursing_vital_signs_observations/language|terminology":"ISO_639-1","nursing_vital_signs_observations/territory|code":"GB","nursing_vital_signs_observations/territory|terminology":"ISO_3166-1","nursing_vital_signs_observations/context/_health_care_facility|id":"999999-345","nursing_vital_signs_observations/context/_health_care_facility|id_scheme":"2.16.840.1.113883.2.1.4.3","nursing_vital_signs_observations/context/_health_care_facility|id_namespace":"NHS-UK","nursing_vital_signs_observations/context/_health_care_facility|name":"Northumbria Community NHS","nursing_vital_signs_observations/context/start_time":"2015-12-10T02:19:00Z","nursing_vital_signs_observations/context/setting|code":"238","nursing_vital_signs_observations/context/setting|value":"other care","nursing_vital_signs_observations/context/setting|terminology":"openehr","nursing_vital_signs_observations/vital_signs:0/respirations:0/any_event:0/rate|magnitude":21.0,"nursing_vital_signs_observations/vital_signs:0/respirations:0/any_event:0/rate|unit":"/min","nursing_vital_signs_observations/vital_signs:0/respirations:0/any_event:0/time":"2015-12-10T02:19:00Z","nursing_vital_signs_observations/vital_signs:0/respirations:0/language|code":"en","nursing_vital_signs_observations/vital_signs:0/respirations:0/language|terminology":"ISO_639-1","nursing_vital_signs_observations/vital_signs:0/respirations:0/encoding|code":"UTF-8","nursing_vital_signs_observations/vital_signs:0/respirations:0/encoding|terminology":"IANA_character-sets","nursing_vital_signs_observations/vital_signs:0/pulse:0/any_event:0/heart_rate|magnitude":102.0,"nursing_vital_signs_observations/vital_signs:0/pulse:0/any_event:0/heart_rate|unit":"/min","nursing_vital_signs_observations/vital_signs:0/pulse:0/any_event:0/time":"2015-12-10T02:19:00Z","nursing_vital_signs_observations/vital_signs:0/pulse:0/language|code":"en","nursing_vital_signs_observations/vital_signs:0/pulse:0/language|terminology":"ISO_639-1","nursing_vital_signs_observations/vital_signs:0/pulse:0/encoding|code":"UTF-8","nursing_vital_signs_observations/vital_signs:0/pulse:0/encoding|terminology":"IANA_character-sets","nursing_vital_signs_observations/vital_signs:0/body_temperature:0/any_event:0/temperature|magnitude":36.6,"nursing_vital_signs_observations/vital_signs:0/body_temperature:0/any_event:0/temperature|unit":"°C","nursing_vital_signs_observations/vital_signs:0/body_temperature:0/any_event:0/time":"2015-12-10T02:19:00Z","nursing_vital_signs_observations/vital_signs:0/body_temperature:0/language|code":"en","nursing_vital_signs_observations/vital_signs:0/body_temperature:0/language|terminology":"ISO_639-1","nursing_vital_signs_observations/vital_signs:0/body_temperature:0/encoding|code":"UTF-8","nursing_vital_signs_observations/vital_signs:0/body_temperature:0/encoding|terminology":"IANA_character-sets","nursing_vital_signs_observations/vital_signs:0/blood_pressure:0/any_event:0/systolic|magnitude":100.0,"nursing_vital_signs_observations/vital_signs:0/blood_pressure:0/any_event:0/systolic|unit":"mm[Hg]","nursing_vital_signs_observations/vital_signs:0/blood_pressure:0/any_event:0/diastolic|magnitude":60.0,"nursing_vital_signs_observations/vital_signs:0/blood_pressure:0/any_event:0/diastolic|unit":"mm[Hg]","nursing_vital_signs_observations/vital_signs:0/blood_pressure:0/any_event:0/time":"2015-12-10T02:19:00Z","nursing_vital_signs_observations/vital_signs:0/blood_pressure:0/language|code":"en","nursing_vital_signs_observations/vital_signs:0/blood_pressure:0/language|terminology":"ISO_639-1","nursing_vital_signs_observations/vital_signs:0/blood_pressure:0/encoding|code":"UTF-8","nursing_vital_signs_observations/vital_signs:0/blood_pressure:0/encoding|terminology":"IANA_character-sets","nursing_vital_signs_observations/vital_signs:0/indirect_oximetry:0/any_event:0/spo2|numerator":94.0,"nursing_vital_signs_observations/vital_signs:0/indirect_oximetry:0/any_event:0/spo2|denominator":100.0,"nursing_vital_signs_observations/vital_signs:0/indirect_oximetry:0/any_event:0/spo2":0.94,"nursing_vital_signs_observations/vital_signs:0/indirect_oximetry:0/any_event:0/time":"2015-12-10T02:19:00Z","nursing_vital_signs_observations/vital_signs:0/indirect_oximetry:0/language|code":"en","nursing_vital_signs_observations/vital_signs:0/indirect_oximetry:0/language|terminology":"ISO_639-1","nursing_vital_signs_observations/vital_signs:0/indirect_oximetry:0/encoding|code":"UTF-8","nursing_vital_signs_observations/vital_signs:0/indirect_oximetry:0/encoding|terminology":"IANA_character-sets","nursing_vital_signs_observations/vital_signs:0/national_early_warning_score_rcp_uk:0/total_score":3,"nursing_vital_signs_observations/vital_signs:0/national_early_warning_score_rcp_uk:0/time":"2015-12-10T02:19:00Z","nursing_vital_signs_observations/vital_signs:0/national_early_warning_score_rcp_uk:0/language|code":"en","nursing_vital_signs_observations/vital_signs:0/national_early_warning_score_rcp_uk:0/language|terminology":"ISO_639-1","nursing_vital_signs_observations/vital_signs:0/national_early_warning_score_rcp_uk:0/encoding|code":"UTF-8","nursing_vital_signs_observations/vital_signs:0/national_early_warning_score_rcp_uk:0/encoding|terminology":"IANA_character-sets","nursing_vital_signs_observations/composer|name":"Davey Wavey Now"},"deleted":false,"lastVersion":true}