{"ctx/language":"en","ctx/territory":"US","ctx/composer_name":"Silvia Blake","ctx/time":"2016-08-02T20:19:55.493Z","ctx/id_namespace":"HOSPITAL-NS","ctx/id_scheme":"HOSPITAL-NS","ctx/participation_name":"Dr. Marcus Johnson","ctx/participation_function":"requester","ctx/participation_mode":"face-to-face communication","ctx/participation_id":"199","ctx/participation_name:1":"Lara Markham","ctx/participation_function:1":"performer","ctx/participation_id:1":"198","ctx/health_care_facility|name":"Hospital","ctx/health_care_facility|id":"9091","nursing_vital_signs_observations/vital_signs:0/respirations:0/any_event:0/rate|magnitude":30.0,"nursing_vital_signs_observations/vital_signs:0/respirations:0/any_event:0/rate|unit":"/min","nursing_vital_signs_observations/vital_signs:0/pulse:0/any_event:0/heart_rate|magnitude":64.0,"nursing_vital_signs_observations/vital_signs:0/pulse:0/any_event:0/heart_rate|unit":"/min","nursing_vital_signs_observations/vital_signs:0/body_temperature:0/any_event:0/temperature|magnitude":67.7,"nursing_vital_signs_observations/vital_signs:0/body_temperature:0/any_event:0/temperature|unit":"°C","nursing_vital_signs_observations/vital_signs:0/avpu:0/avpu_observation|code":"at0005","nursing_vital_signs_observations/vital_signs:0/blood_pressure:0/any_event:0/systolic|magnitude":862.0,"nursing_vital_signs_observations/vital_signs:0/blood_pressure:0/any_event:0/systolic|unit":"mm[Hg]","nursing_vital_signs_observations/vital_signs:0/blood_pressure:0/any_event:0/diastolic|magnitude":622.0,"nursing_vital_signs_observations/vital_signs:0/blood_pressure:0/any_event:0/diastolic|unit":"mm[Hg]","nursing_vital_signs_observations/vital_signs:0/indirect_oximetry:0/any_event:0/spo2|numerator":63.08,"nursing_vital_signs_observations/vital_signs:0/indirect_oximetry:0/any_event:0/spo2|denominator":100.0,"nursing_vital_signs_observations/vital_signs:0/indirect_oximetry:0/any_event:0/spmet|numerator":79.92,"nursing_vital_signs_observations/vital_signs:0/indirect_oximetry:0/any_event:0/spmet|denominator":100.0,"nursing_vital_signs_observations/vital_signs:0/indirect_oximetry:0/any_event:0/ptco2|magnitude":67.3,"nursing_vital_signs_observations/vital_signs:0/indirect_oximetry:0/any_event:0/ptco2|unit":"mm[Hg]","nursing_vital_signs_observations/vital_signs:0/indirect_oximetry:0/any_event:0/ptcco2|magnitude":34.3,"nursing_vital_signs_observations/vital_signs:0/indirect_oximetry:0/any_event:0/ptcco2|unit":"mm[Hg]","nursing_vital_signs_observations/vital_signs:0/indirect_oximetry:0/any_event:0/multimedia_image:0":"http://med.tube.com/sample","nursing_vital_signs_observations/vital_signs:0/indirect_oximetry:0/any_event:0/multimedia_image:0|mediatype":"video/mp4","nursing_vital_signs_observations/vital_signs:0/indirect_oximetry:0/any_event:0/multimedia_image:0|alternatetext":"alternate text","nursing_vital_signs_observations/vital_signs:0/indirect_oximetry:0/any_event:0/multimedia_image:0|size":504903212,"nursing_vital_signs_observations/vital_signs:0/indirect_oximetry:0/any_event:0/interpretation:0":"Interpretation 52","nursing_vital_signs_observations/vital_signs:0/indirect_oximetry:0/any_event:0/comment":"Comment 41","nursing_vital_signs_observations/vital_signs:0/indirect_oximetry:0/any_event:0/delivered_oxygen/percent_o2|numerator":21.0,"nursing_vital_signs_observations/vital_signs:0/indirect_oximetry:0/any_event:0/delivered_oxygen/percent_o2|denominator":100.0,"nursing_vital_signs_observations/vital_signs:0/indirect_oximetry:0/any_event:0/delivered_oxygen/on_air":true,"nursing_vital_signs_observations/vital_signs:0/indirect_oximetry:0/any_event:0/delivered_oxygen/method_of_oxygen_delivery:0":"Method of oxygen delivery 37","nursing_vital_signs_observations/vital_signs:0/indirect_oximetry:0/sensor_site":"Sensor Site 29","nursing_vital_signs_observations/vital_signs:0/indirect_oximetry:0/sensor_type|code":"at0051","nursing_vital_signs_observations/vital_signs:0/indirect_oximetry:0/electrode_operating_temperature|magnitude":41.1,"nursing_vital_signs_observations/vital_signs:0/indirect_oximetry:0/electrode_operating_temperature|unit":"Cel","nursing_vital_signs_observations/vital_signs:0/indirect_oximetry:0/time_of_sensor_application":"2016-08-02T20:19:55.495Z","nursing_vital_signs_observations/vital_signs:0/national_early_warning_score_rcp_uk:0/respiration_rate|code":"at0018","nursing_vital_signs_observations/vital_signs:0/national_early_warning_score_rcp_uk:0/respiration_rate|value":"12-20","nursing_vital_signs_observations/vital_signs:0/national_early_warning_score_rcp_uk:0/respiration_rate|ordinal":0,"nursing_vital_signs_observations/vital_signs:0/national_early_warning_score_rcp_uk:0/oxygen_saturation|code":"at0031","nursing_vital_signs_observations/vital_signs:0/national_early_warning_score_rcp_uk:0/oxygen_saturation|value":"94-95","nursing_vital_signs_observations/vital_signs:0/national_early_warning_score_rcp_uk:0/oxygen_saturation|ordinal":0,"nursing_vital_signs_observations/vital_signs:0/national_early_warning_score_rcp_uk:0/supplemental_oxygen|code":"at0037","nursing_vital_signs_observations/vital_signs:0/national_early_warning_score_rcp_uk:0/supplemental_oxygen|value":"Yes","nursing_vital_signs_observations/vital_signs:0/national_early_warning_score_rcp_uk:0/supplemental_oxygen|ordinal":0,"nursing_vital_signs_observations/vital_signs:0/national_early_warning_score_rcp_uk:0/temperature|code":"at0023","nursing_vital_signs_observations/vital_signs:0/national_early_warning_score_rcp_uk:0/temperature|value":"35.0 or 38.1-39.0","nursing_vital_signs_observations/vital_signs:0/national_early_warning_score_rcp_uk:0/temperature|ordinal":0,"nursing_vital_signs_observations/vital_signs:0/national_early_warning_score_rcp_uk:0/systolic_blood_pressure|code":"at0016","nursing_vital_signs_observations/vital_signs:0/national_early_warning_score_rcp_uk:0/systolic_blood_pressure|value":"91-100","nursing_vital_signs_observations/vital_signs:0/national_early_warning_score_rcp_uk:0/systolic_blood_pressure|ordinal":0,"nursing_vital_signs_observations/vital_signs:0/national_early_warning_score_rcp_uk:0/heart_rate|code":"at0012","nursing_vital_signs_observations/vital_signs:0/national_early_warning_score_rcp_uk:0/heart_rate|value":"41-50 or 91-110","nursing_vital_signs_observations/vital_signs:0/national_early_warning_score_rcp_uk:0/heart_rate|ordinal":0,"nursing_vital_signs_observations/vital_signs:0/national_early_warning_score_rcp_uk:0/level_of_consciousness|code":"at0024","nursing_vital_signs_observations/vital_signs:0/national_early_warning_score_rcp_uk:0/level_of_consciousness|value":"A","nursing_vital_signs_observations/vital_signs:0/national_early_warning_score_rcp_uk:0/level_of_consciousness|ordinal":0,"nursing_vital_signs_observations/vital_signs:0/national_early_warning_score_rcp_uk:0/total_score":10,"nursing_vital_signs_observations/vital_signs:0/clinical_synopsis/synopsis":"Synopsis 69","nursing_vital_signs_observations/bristol_stool_scale:0/bristol_stool_scale|code":"at0007","nursing_vital_signs_observations/bristol_stool_scale:0/bristol_stool_scale|value":"Sausage-shaped, but lumpy","nursing_vital_signs_observations/bristol_stool_scale:0/bristol_stool_scale|ordinal":0,"nursing_vital_signs_observations/bristol_stool_scale:0/comment":"Comment 84","nursing_vital_signs_observations/bristol_stool_scale:0/confounding_factors":"Confounding factors 61","nursing_vital_signs_observations/waterlow_score:0/sex|code":"at0029","nursing_vital_signs_observations/waterlow_score:0/sex|value":"Female","nursing_vital_signs_observations/waterlow_score:0/sex|ordinal":0,"nursing_vital_signs_observations/waterlow_score:0/age_group|code":"at0031","nursing_vital_signs_observations/waterlow_score:0/age_group|value":"50-64","nursing_vital_signs_observations/waterlow_score:0/age_group|ordinal":0,"nursing_vital_signs_observations/waterlow_score:0/build_weight_for_height|code":"at0023","nursing_vital_signs_observations/waterlow_score:0/build_weight_for_height|value":"Below average","nursing_vital_signs_observations/waterlow_score:0/build_weight_for_height|ordinal":0,"nursing_vital_signs_observations/waterlow_score:0/continence|code":"at0025","nursing_vital_signs_observations/waterlow_score:0/continence|value":"Urinary incontinence","nursing_vital_signs_observations/waterlow_score:0/continence|ordinal":0,"nursing_vital_signs_observations/waterlow_score:0/mobility|code":"at0035","nursing_vital_signs_observations/waterlow_score:0/mobility|value":"Fully mobile","nursing_vital_signs_observations/waterlow_score:0/mobility|ordinal":0,"nursing_vital_signs_observations/waterlow_score:0/nutritional_risk/weight_loss|code":"at0058","nursing_vital_signs_observations/waterlow_score:0/nutritional_risk/weight_loss|value":"Over 15kg","nursing_vital_signs_observations/waterlow_score:0/nutritional_risk/weight_loss|ordinal":0,"nursing_vital_signs_observations/waterlow_score:0/nutritional_risk/appetite|code":"at0045","nursing_vital_signs_observations/waterlow_score:0/nutritional_risk/appetite|value":"Average","nursing_vital_signs_observations/waterlow_score:0/nutritional_risk/appetite|ordinal":0,"nursing_vital_signs_observations/waterlow_score:0/nutritional_risk/nutritional_score":3,"nursing_vital_signs_observations/waterlow_score:0/skin_type_visual_risk_areas/healthy|code":"at0116","nursing_vital_signs_observations/waterlow_score:0/skin_type_visual_risk_areas/healthy|value":"Healthy","nursing_vital_signs_observations/waterlow_score:0/skin_type_visual_risk_areas/healthy|ordinal":0,"nursing_vital_signs_observations/waterlow_score:0/skin_type_visual_risk_areas/tissue-paper|code":"at0117","nursing_vital_signs_observations/waterlow_score:0/skin_type_visual_risk_areas/tissue-paper|value":"Tissue-paper","nursing_vital_signs_observations/waterlow_score:0/skin_type_visual_risk_areas/tissue-paper|ordinal":0,"nursing_vital_signs_observations/waterlow_score:0/skin_type_visual_risk_areas/dry|code":"at0118","nursing_vital_signs_observations/waterlow_score:0/skin_type_visual_risk_areas/dry|value":"Dry","nursing_vital_signs_observations/waterlow_score:0/skin_type_visual_risk_areas/dry|ordinal":0,"nursing_vital_signs_observations/waterlow_score:0/skin_type_visual_risk_areas/oedematous|code":"at0119","nursing_vital_signs_observations/waterlow_score:0/skin_type_visual_risk_areas/oedematous|value":"Oedematous","nursing_vital_signs_observations/waterlow_score:0/skin_type_visual_risk_areas/oedematous|ordinal":0,"nursing_vital_signs_observations/waterlow_score:0/skin_type_visual_risk_areas/clammy_pyrexia|code":"at0120","nursing_vital_signs_observations/waterlow_score:0/skin_type_visual_risk_areas/clammy_pyrexia|value":"Clammy, pyrexia","nursing_vital_signs_observations/waterlow_score:0/skin_type_visual_risk_areas/clammy_pyrexia|ordinal":0,"nursing_vital_signs_observations/waterlow_score:0/skin_type_visual_risk_areas/discoloured_-_stage_1|code":"at0121","nursing_vital_signs_observations/waterlow_score:0/skin_type_visual_risk_areas/discoloured_-_stage_1|value":"Discoloured - Stage 1","nursing_vital_signs_observations/waterlow_score:0/skin_type_visual_risk_areas/discoloured_-_stage_1|ordinal":0,"nursing_vital_signs_observations/waterlow_score:0/skin_type_visual_risk_areas/pressure_ulcer_-_stage_2-4|code":"at0122","nursing_vital_signs_observations/waterlow_score:0/skin_type_visual_risk_areas/pressure_ulcer_-_stage_2-4|value":"Pressure ulcer - Stage 2-4","nursing_vital_signs_observations/waterlow_score:0/skin_type_visual_risk_areas/pressure_ulcer_-_stage_2-4|ordinal":0,"nursing_vital_signs_observations/waterlow_score:0/tissue_malnutrition/terminal_cachexia|code":"at0123","nursing_vital_signs_observations/waterlow_score:0/tissue_malnutrition/terminal_cachexia|value":"Terminal cachexia","nursing_vital_signs_observations/waterlow_score:0/tissue_malnutrition/terminal_cachexia|ordinal":0,"nursing_vital_signs_observations/waterlow_score:0/tissue_malnutrition/single_organ_failure|code":"at0124","nursing_vital_signs_observations/waterlow_score:0/tissue_malnutrition/single_organ_failure|value":"Single organ failure","nursing_vital_signs_observations/waterlow_score:0/tissue_malnutrition/single_organ_failure|ordinal":0,"nursing_vital_signs_observations/waterlow_score:0/tissue_malnutrition/multiple_organ_failure|code":"at0125","nursing_vital_signs_observations/waterlow_score:0/tissue_malnutrition/multiple_organ_failure|value":"Multiple organ failure","nursing_vital_signs_observations/waterlow_score:0/tissue_malnutrition/multiple_organ_failure|ordinal":0,"nursing_vital_signs_observations/waterlow_score:0/tissue_malnutrition/peripheral_vascular_disease|code":"at0126","nursing_vital_signs_observations/waterlow_score:0/tissue_malnutrition/peripheral_vascular_disease|value":"Peripheral vascular disease","nursing_vital_signs_observations/waterlow_score:0/tissue_malnutrition/peripheral_vascular_disease|ordinal":0,"nursing_vital_signs_observations/waterlow_score:0/tissue_malnutrition/anaemia_hb_8_g_dl|code":"at0127","nursing_vital_signs_observations/waterlow_score:0/tissue_malnutrition/anaemia_hb_8_g_dl|value":"Anaemia (Hb < 8 g/dl)","nursing_vital_signs_observations/waterlow_score:0/tissue_malnutrition/anaemia_hb_8_g_dl|ordinal":0,"nursing_vital_signs_observations/waterlow_score:0/tissue_malnutrition/smoking|code":"at0128","nursing_vital_signs_observations/waterlow_score:0/tissue_malnutrition/smoking|value":"Smoking","nursing_vital_signs_observations/waterlow_score:0/tissue_malnutrition/smoking|ordinal":0,"nursing_vital_signs_observations/waterlow_score:0/neurological_deficit/diabetes_ms_cva|code":"at0139","nursing_vital_signs_observations/waterlow_score:0/neurological_deficit/diabetes_ms_cva|value":"Severe neurological deficit","nursing_vital_signs_observations/waterlow_score:0/neurological_deficit/diabetes_ms_cva|ordinal":0,"nursing_vital_signs_observations/waterlow_score:0/neurological_deficit/motor_sensory_deficit|code":"at0137","nursing_vital_signs_observations/waterlow_score:0/neurological_deficit/motor_sensory_deficit|value":"Mild neurological deficit","nursing_vital_signs_observations/waterlow_score:0/neurological_deficit/motor_sensory_deficit|ordinal":0,"nursing_vital_signs_observations/waterlow_score:0/neurological_deficit/paraplegia|code":"at0136","nursing_vital_signs_observations/waterlow_score:0/neurological_deficit/paraplegia|value":"No neurological deficit","nursing_vital_signs_observations/waterlow_score:0/neurological_deficit/paraplegia|ordinal":0,"nursing_vital_signs_observations/waterlow_score:0/neurological_deficit/combined_neurological_deficit|code":"at0139","nursing_vital_signs_observations/waterlow_score:0/neurological_deficit/combined_neurological_deficit|value":"Severe neurological deficit","nursing_vital_signs_observations/waterlow_score:0/neurological_deficit/combined_neurological_deficit|ordinal":0,"nursing_vital_signs_observations/waterlow_score:0/major_surgery_or_trauma/orthopaedic_spinal|code":"at0143","nursing_vital_signs_observations/waterlow_score:0/major_surgery_or_trauma/orthopaedic_spinal|value":"Orthopaedic /spinal surgery","nursing_vital_signs_observations/waterlow_score:0/major_surgery_or_trauma/orthopaedic_spinal|ordinal":0,"nursing_vital_signs_observations/waterlow_score:0/major_surgery_or_trauma/duration_of_surgery|code":"at0154","nursing_vital_signs_observations/waterlow_score:0/major_surgery_or_trauma/duration_of_surgery|value":"On table < 2 hrs or not in ast 48 hrs","nursing_vital_signs_observations/waterlow_score:0/major_surgery_or_trauma/duration_of_surgery|ordinal":0,"nursing_vital_signs_observations/waterlow_score:0/medication/cytotoxics|code":"at0142","nursing_vital_signs_observations/waterlow_score:0/medication/cytotoxics|value":"Significant medication risk","nursing_vital_signs_observations/waterlow_score:0/medication/cytotoxics|ordinal":0,"nursing_vital_signs_observations/waterlow_score:0/medication/steroids|code":"at0142","nursing_vital_signs_observations/waterlow_score:0/medication/steroids|value":"Significant medication risk","nursing_vital_signs_observations/waterlow_score:0/medication/steroids|ordinal":0,"nursing_vital_signs_observations/waterlow_score:0/medication/anti-inflammatories|code":"at0142","nursing_vital_signs_observations/waterlow_score:0/medication/anti-inflammatories|value":"Significant medication risk","nursing_vital_signs_observations/waterlow_score:0/medication/anti-inflammatories|ordinal":0,"nursing_vital_signs_observations/waterlow_score:0/medication/combined_medication_risk|code":"at0141","nursing_vital_signs_observations/waterlow_score:0/medication/combined_medication_risk|value":"No medication risk","nursing_vital_signs_observations/waterlow_score:0/medication/combined_medication_risk|ordinal":0,"nursing_vital_signs_observations/waterlow_score:0/waterlow_score":683,"nursing_vital_signs_observations/waterlow_score:0/overall_risk_grade|code":"at0016","nursing_vital_signs_observations/waterlow_score:0/overall_risk_grade|value":"10+ At risk","nursing_vital_signs_observations/waterlow_score:0/overall_risk_grade|ordinal":0,"nursing_vital_signs_observations/waterlow_score:0/comment":"Comment 18","nursing_vital_signs_observations/waterlow_score:0/confounding_factors:0":"Confounding factors 52","nursing_vital_signs_observations/waterlow_score:0/score_version":"Score version 7"}