<package version="0.0">
  <name>com.fmpromigrator.widget.buttonbar</name>
  <title>Button Bar</title>
  <author>David Simpson</author>
  <version>0.9.7</version>
  <license>community</license>
  <type>widget</type>
  <requires name="com.livecode.canvas"/>
  <requires name="com.livecode.library.iconSVG"/>
  <requires name="com.livecode.library.widgetutils"/>
  <requires name="com.livecode.array"/>
  <requires name="com.livecode.list"/>
  <requires name="com.livecode.arithmetic"/>
  <requires name="com.livecode.logic"/>
  <requires name="com.livecode.widget"/>
  <requires name="com.livecode.binary"/>
  <requires name="com.livecode.string"/>
  <requires name="com.livecode.type"/>
  <requires name="com.livecode.byte"/>
  <requires name="com.livecode.char"/>
  <requires name="com.livecode.codeunit"/>
  <requires name="com.livecode.engine"/>
  <requires name="com.livecode.mathfoundation"/>
  <requires name="com.livecode.sort"/>
  <requires name="com.livecode.typeconvert"/>
  <metadata key="preferredSize">320,49</metadata>
  <metadata key="svgicon">M15.608,6.262h-2.338v0.935h2.338c0.516,0,0.934,0.418,0.934,0.935v8.879c0,0.517-0.418,0.935-0.934,0.935H4.392c-0.516,0-0.935-0.418-0.935-0.935V8.131c0-0.516,0.419-0.935,0.935-0.935h2.336V6.262H4.392c-1.032,0-1.869,0.837-1.869,1.869v8.879c0,1.031,0.837,1.869,1.869,1.869h11.216c1.031,0,1.869-0.838,1.869-1.869V8.131C17.478,7.099,16.64,6.262,15.608,6.262z M9.513,11.973c0.017,0.082,0.047,0.162,0.109,0.226c0.104,0.106,0.243,0.143,0.378,0.126c0.135,0.017,0.274-0.02,0.377-0.126c0.064-0.065,0.097-0.147,0.115-0.231l1.708-1.751c0.178-0.183,0.178-0.479,0-0.662c-0.178-0.182-0.467-0.182-0.645,0l-1.101,1.129V1.588c0-0.258-0.204-0.467-0.456-0.467c-0.252,0-0.456,0.209-0.456,0.467v9.094L8.443,9.553c-0.178-0.182-0.467-0.182-0.645,0c-0.178,0.184-0.178,0.479,0,0.662L9.513,11.973z</metadata>
  <property name="itemArray" get="array" set="array"/>
  <metadata key="itemArray.editor">com.livecode.pi.navbar</metadata>
  <metadata key="itemArray.label">Button data</metadata>
  <property name="itemNames" get="string" set="string"/>
  <metadata key="itemNames.editor">com.livecode.pi.editorList</metadata>
  <metadata key="itemNames.subeditor">com.livecode.pi.string</metadata>
  <metadata key="itemNames.delimiter">,</metadata>
  <metadata key="itemNames.label">Button names</metadata>
  <property name="itemIcons" get="string" set="string"/>
  <metadata key="itemIcons.user_visible">false</metadata>
  <property name="hilitedItemIcons" get="string" set="string"/>
  <metadata key="hilitedItemIcons.user_visible">false</metadata>
  <property name="itemLabels" get="string" set="string"/>
  <metadata key="itemLabels.user_visible">false</metadata>
  <property name="itemStyle" get="string" set="string"/>
  <metadata key="itemStyle.editor">com.livecode.pi.enum</metadata>
  <metadata key="itemStyle.options">icons,text,both</metadata>
  <metadata key="itemStyle.default">both</metadata>
  <metadata key="itemStyle.label">Display style</metadata>
  <metadata key="hiliteColor.editor">com.livecode.pi.color</metadata>
  <metadata key="hiliteColor.label">Clicked item color</metadata>
  <metadata key="hiliteColor.section">Colors</metadata>
  <metadata key="hiliteColor.default">10,95,244</metadata>
  <metadata key="foregroundColor.editor">com.livecode.pi.color</metadata>
  <metadata key="foregroundColor.label">Item color</metadata>
  <metadata key="foregroundColor.section">Colors</metadata>
  <metadata key="foregroundColor.default">128,128,128</metadata>
  <metadata key="backgroundColor.editor">com.livecode.pi.color</metadata>
  <metadata key="backgroundColor.label">Background color</metadata>
  <metadata key="backgroundColor.section">Colors</metadata>
  <metadata key="backgroundColor.default">244,244,244</metadata>
  <metadata key="borderColor.editor">com.livecode.pi.color</metadata>
  <metadata key="borderColor.label">Border color</metadata>
  <metadata key="borderColor.section">Colors</metadata>
  <metadata key="borderColor.default">166,166,166</metadata>
  <property name="editMode" get="boolean" set="boolean"/>
  <metadata key="editMode.user_visible">false</metadata>
  <property name="desiredHeight" get="number"/>
  <metadata key="desiredHeight.user_visible">false</metadata>
  <property name="showBorder" get="boolean" set="boolean"/>
  <metadata key="showBorder.default">true</metadata>
  <metadata key="showBorder.label">Show border</metadata>
  <property name="opaque" get="boolean" set="boolean"/>
  <metadata key="opaque.default">true</metadata>
  <metadata key="opaque.label">Opaque background</metadata>
  <metadata key="textSize.default">10</metadata>
  <handler name="OnSave" parameters="out array" return="any"/>
  <handler name="OnLoad" parameters="in array" return="any"/>
  <handler name="OnCreate" parameters="" return="nothing"/>
  <handler name="OnPaint" parameters="" return="nothing"/>
  <handler name="OnMouseUp" parameters="" return="nothing"/>
  <handler name="OnMouseStillDown" parameters="" return="nothing"/>
  <handler name="OnMouseDown" parameters="" return="nothing"/>
  <handler name="OnMouseMove" parameters="" return="nothing"/>
  <handler name="OnGeometryChanged" parameters="" return="any"/>
  <handler name="iconSelected" parameters="in optional any,in string,in number" return="any"/>
  <handler name="setHiliteColor" parameters="in string" return="nothing"/>
  <handler name="getHiliteColor" parameters="" return="string"/>
  <handler name="getPath" parameters="in string" return="Path"/>
  <handler name="getPaint" parameters="in any,in any" return="Paint"/>
  <handler name="setButtonSelectedItem" parameters="in integer" return="nothing"/>
  <handler name="setButtonSelectedItemName" parameters="in string" return="nothing"/>
  <handler name="setItemStyle" parameters="in string" return="nothing"/>
  <handler name="setEditMode" parameters="in boolean" return="nothing"/>
  <handler name="initialiseEditData" parameters="" return="any"/>
  <handler name="setEditableRect" parameters="in string,in number,in Rectangle,in string,in string,in PopupCallback" return="any"/>
  <handler name="setEditableTextRect" parameters="in string,in number,in Rectangle,in string" return="any"/>
  <handler name="setActionRect" parameters="in string,in number,in Rectangle,in string,in ActionCallback,in boolean" return="any"/>
  <handler name="drawEditableRects" parameters="in Canvas" return="any"/>
</package>