{"stackFileArray": {"View|GeoJson": "modules/View_GeoJson/View_GeoJson.livecode","Global_GeoJson_Menu": "modules/View_GeoJson/controllers/Global_GeoJson_Menu.livecodescript","lib_Fedwiki": "libraries/lib_Fedwiki.livecode","Global_Wiki_Menu": "controllers/Global_Wiki_Menu.livecodescript","View|Splash": "modules/View_Splash/View_Splash.livecode","lib_RemoteServer": "libraries/lib_RemoteServer.livecode","lib_FedwikiGraph": "libraries/lib_FedwikiGraph.livecode","behavior_ViewGeoJson": "modules/View_GeoJson/behaviors/behavior_ViewGeoJson.livecodescript","lib_FedWikiPedia": "libraries/lib_FedWikiPedia.livecode","Global_Splash_Menu": "modules/View_Splash/controllers/Global_Splash_Menu.livecodescript","lib_Galleria": "libraries/lib_Galleria.livecode","lib_Geojson": "libraries/lib_Geojson.livecodescript","behavior_ViewSplash": "modules/View_Splash/behaviors/behavior_ViewSplash.livecodescript","lib_Embedly": "libraries/lib_Embedly.livecode","lib_Wiki": "libraries/lib_Wiki.livecodescript","lib_Markdown": "libraries/lib_Markdown.livecode","lib_MediaWiki": "libraries/lib_MediaWiki.livecode","lib_Feed": "libraries/lib_Feed.livecode","lib_LocalFedWiki": "libraries/lib_LocalFedWiki.livecode"},"Global Menus": {"Global | Wiki | Menu": {"mController": "stack \"/Users/BabyBlue/Desktop/git-repos/lcw_Wiki/controllers/Global_Wiki_Menu.livecodescript\"","gMenuTable": "Start Wiki\tmenu_StartWiki mTarget\tstack \"Global_Wiki_Menu\"\tGlobal | Wiki | Menu\tdisabled_StartWiki\t\t\t\tStart Wiki\nStop Wiki\tmenu_StopWiki mTarget\tstack \"Global_Wiki_Menu\"\tGlobal | Wiki | Menu\tdisabled_StopWiki\t\t\t\tStop Wiki\n-\nUpdate Wiki\tmenu_UpdateWiki mTarget\tstack \"Global_Wiki_Menu\"\tGlobal | Wiki | Menu\t\t\t\t\tUpdate Wiki\n-\nReveal Wiki Site Folder\tmenu_RevealWikiSiteFolder mTarget\tstack \"Global_Wiki_Menu\"\tGlobal | Wiki | Menu\t\t\t\t\tReveal Wiki Site Folder\nShow Hidden Files\tmenu_ShowHiddenFiles subMenuPath, mTarget\tstack \"Global_Wiki_Menu\"\tGlobal | Wiki | Menu\t\tboolean\tsubmenu_Boolean\tshow_HiddenFiles\tShow Hidden Files\nReveal Wiki Modules Folder\tmenu_RevealWikiModulesFolder mTarget\tstack \"Global_Wiki_Menu\"\tGlobal | Wiki | Menu\t\t\t\t\tReveal Wiki Modules Folder\nTest Fed Wiki\tmenu_TestFedWiki mTarget\tstack \"Global_Wiki_Menu\"\tGlobal | Wiki | Menu\t\t\t\t\tTest Fed Wiki\n-\nDev\t\tstack \"Global_Wiki_Menu\"\tGlobal | Wiki | Menu\t\tsubmenu\tDev | Menu\tstack \"Global_Wiki_Menu\"\tDev"}}}