{"stackFileArray": {"behavior_ViewGeoJson": "behaviors/behavior_ViewGeoJson.livecodescript","Global_GeoJson_Menu": "controllers/Global_GeoJson_Menu.livecodescript"},"Global Menus": {"Global | GeoJson | Menu": {"mController": "stack \"/Users/BabyBlue/Desktop/git-repos/lcw_Wiki/modules/View_GeoJson/controllers/Global_GeoJson_Menu.livecodescript\"","gMenuTable": "Batch Status\tmenu_BatchStatus mTarget\tstack \"Global_GeoJson_Menu\"\tGlobal | GeoJson | Menu\t\t\t\t\tBatch Status\nBatch Encode\tmenu_BatchEncode mTarget\tstack \"Global_GeoJson_Menu\"\tGlobal | GeoJson | Menu\t\t\t\t\tBatch Encode\nTest Ces Creation\tmenu_TestCesCreation mTarget\tstack \"Global_GeoJson_Menu\"\tGlobal | GeoJson | Menu\t\t\t\t\tTest Ces Creation\nCreate Ces Geojson\tmenu_CreateCesGeojson mTarget\tstack \"Global_GeoJson_Menu\"\tGlobal | GeoJson | Menu\t\t\t\t\tCreate Ces Geojson\nCreate Hourbank Geojson\tmenu_CreateHourbankGeojson mTarget\tstack \"Global_GeoJson_Menu\"\tGlobal | GeoJson | Menu\t\t\t\t\tCreate Hourbank Geojson\nDisplay Community Forge Geojson\tmenu_DisplayCommunityForgeGeojson mTarget\tstack \"Global_GeoJson_Menu\"\tGlobal | GeoJson | Menu\t\t\t\t\tDisplay Community Forge Geojson\n-\nTest\tmenu_Test mTarget\tstack \"Global_GeoJson_Menu\"\tGlobal | GeoJson | Menu\t\t\t\t\tTest"}}}