{
  "data": {
    "datasets": [
      {
        "backgroundColor": "rgba(255, 99, 132, 0.2)",
        "borderColor": "rgba(255, 99, 132, 1)",
        "borderWidth": 1,
        "data": [
          {
            "r": 3,
            "x": 2,
            "y": 5500
          }
        ],
        "hoverBorderWidth": 3
      },
      {
        "backgroundColor": "rgba(54, 162, 235, 0.2)",
        "borderColor": "rgba(54, 162, 235, 1)",
        "borderWidth": 1,
        "data": [
          {
            "r": 12,
            "x": 14,
            "y": 12200
          }
        ],
        "hoverBorderWidth": 3
      },
      {
        "backgroundColor": "rgba(255, 206, 86, 0.2)",
        "borderColor": "rgba(255, 206, 86, 1)",
        "borderWidth": 1,
        "data": [
          {
            "r": 33,
            "x": 20,
            "y": 55000
          }
        ],
        "hoverBorderWidth": 3
      },
      {
        "backgroundColor": "rgba(75, 192, 192, 0.2)",
        "borderColor": "rgba(75, 192, 192, 1)",
        "borderWidth": 1,
        "data": [
          {
            "r": 10,
            "x": 18,
            "y": 24400
          }
        ],
        "hoverBorderWidth": 3
      },
      {
        "backgroundColor": "rgba(153, 102, 255, 0.2)",
        "borderColor": "rgba(153, 102, 255, 1)",
        "borderWidth": 1,
        "data": [
          {
            "r": 42,
            "x": 22,
            "y": 32000
          }
        ],
        "hoverBorderWidth": 3
      }
    ]
  },
  "options": {
    "legend": {
      "display": false
    },
    "scales": {
      "xAxes": [
        {
          "scaleLabel": {
            "display": true,
            "labelString": "Products"
          },
          "ticks": {
            "beginAtZero": true
          }
        }
      ],
      "yAxes": [
        {
          "scaleLabel": {
            "display": true,
            "labelString": "Sales"
          },
          "ticks": {
            "beginAtZero": true
          }
        }
      ]
    },
    "tooltips": {
      "intersect": true,
      "mode": "nearest"
    }
  },
  "type": "bubble"
}