{
  "data": {
    "datasets": [
      {
        "backgroundColor": "rgba(255, 99, 132, 0.2)",
        "borderColor": "rgba(255, 99, 132, 1)",
        "borderWidth": 1,
        "data": [
          6,
          6,
          8,
          11,
          14,
          17,
          18,
          18,
          16,
          12,
          9,
          7
        ],
        "hoverBorderWidth": 3,
        "label": "Edinburgh",
        "pointStyle": "star"
      },
      {
        "backgroundColor": "rgba(54, 162, 235, 0.2)",
        "borderColor": "rgba(54, 162, 235, 1)",
        "borderWidth": 1,
        "data": [
          22,
          22,
          20,
          17,
          15,
          12,
          11,
          13,
          15,
          16,
          18,
          20
        ],
        "hoverBorderWidth": 3,
        "label": "Geeveston"
      }
    ],
    "labels": [
      "Jan",
      "Feb",
      "Mar",
      "Apr",
      "May",
      "Jun",
      "Jul",
      "Aug",
      "Sep",
      "Oct",
      "Nov",
      "Dec"
    ]
  },
  "options": {
    "scales": {
      "yAxes": [
        {
          "ticks": {
            "beginAtZero": true
          }
        }
      ]
    },
    "title": {
      "display": true,
      "text": "Average Monthly Temperature"
    },
    "tooltips": {
      "intersect": true,
      "mode": "nearest"
    }
  },
  "type": "line"
}